Wiki El Multiverso de Moorcock,http://multiversomoorcock.fandom.com/es/
Wiki UNAF,http://unaf.fandom.com/pt-br/
AoBmCe Wiki,http://aobmce.fandom.com/
Everything ever Wiki,http://everything-ever.fandom.com/
GodEater2 Wiki,http://godeater2.fandom.com/ja/
Plush adventures Wiki,http://plush-adventures.fandom.com/
Eroge Dopil Wiki,http://eroge-dopil.fandom.com/
TIH Minipets Wiki,http://tihminipets.fandom.com/
Yntheria Wiki,http://yntheria.fandom.com/
Nightmares of the Past Wiki,http://nightmares-of-the-past.fandom.com/
All-CAW Wrestling Wiki,http://allcawwrestling.fandom.com/
BlackChess Wiki,http://blackchess.fandom.com/pl/
Inherited Wiki,http://inherited.fandom.com/
Urzeala tronurilor Wiki,http://urzeala-tronurilor.fandom.com/ro/
Imperium Galactica Wiki,http://imperium-galactica.fandom.com/
Wiki Les contes de grimm nt1,http://les-contes-de-grimm-nt1.fandom.com/fr/
Dawn Romance Wiki,http://dawn-romance.fandom.com/
Вікі ОВТ,http://ovt.fandom.com/uk/
Chrono Stars Wiki,http://chronostars.fandom.com/
ニンテンドー3DS Wiki,http://nintendo3ds.fandom.com/ja/
Allantois.net Wiki,http://rstrials.fandom.com/
1A0F519B вики,http://1a0f519b.fandom.com/ru/
Play Family (Little People) Fisher Price Toys Wiki,http://play-family-little-people-fisher-price-toys.fandom.com/
Media Wiki,http://media.fandom.com/
Wiki Ddbrasil,http://ddbrasil.fandom.com/pt/
David's Fake Survivor Wiki,http://davids-fake-survivor.fandom.com/
The Eternal City Wiki,http://eternal-city.fandom.com/
Lekarze Wiki,http://lekarze.fandom.com/pl/
Wiki The Fosters,http://thefosters.fandom.com/fr/
Clarence Fanon Wiki,http://clarencefanon.fandom.com/
Wiki Equestria Girls fanon,http://equestria-girls-fanon.fandom.com/es/
The Warrior Cats Roleplay and Fanfiction Wiki,http://the-warrior-cats-roleplay-and-fanfiction.fandom.com/
J.J. Abrams S Wiki,http://s.fandom.com/
Split Second Wiki,http://splitsecondrp.fandom.com/
Akkadian Wiki,http://akkadian.fandom.com/
Wiki Stations,http://wikistations.fandom.com/
Wiki MedraTFG,http://medratfg.fandom.com/es/
Shikoku! Wiki,http://shikoku1.fandom.com/
Steven Universe Fanon Wiki,http://stevenuniverse-fanon.fandom.com/
Wiki Star wars LEGO,http://star-wars-lego.fandom.com/es/
StevenUniverseFanon Wiki,http://stevenuniversefanon.fandom.com/
Wiki Ultimate TARDIS,http://theultimatetypewtardis.fandom.com/pt-br/
Wiki Verdinho e azulado,http://verdinho-e-azulado.fandom.com/pt-br/
The Gamers' Xperience Wiki,http://the-gamers-xperience.fandom.com/
Ogolnatotalnaporazka Wiki,http://ogolnatotalnaporazka.fandom.com/pl/
Wiki Pokémon ecológico,http://pokemon-ecologico.fandom.com/es/
Darkspown Wiki,http://darkspown.fandom.com/
Boom Beach Wiki,http://boombeach.fandom.com/de/
Love & Dragons Wiki,http://love-dragons.fandom.com/
Cathedral of Shadows Podcast Wiki,http://cathedral-of-shadows-podcast.fandom.com/
CharmedWorldRPG Wiki,http://charmedworldrpg.fandom.com/
PhobosWorld Wiki,http://phobosworld.fandom.com/
База Знаний ХД,http://dhogbase.fandom.com/ru/
Sister Wiki,http://sister.fandom.com/
Palace Pets Wiki,http://disneyprincesspalace-pets.fandom.com/
哈利·波特维基,http://harrypotter.fandom.com/zh/
Ships and Scoundrels Wiki,http://sands.fandom.com/
Cloudstar Wiki,http://cloudstar.fandom.com/
逆襲的龍騎士 维基,http://gdr.fandom.com/zh/
Team Crafted and Others Wiki,http://team-crafted-and-others.fandom.com/
RustyXIV The movie Wiki,http://rustyxivthemovie.fandom.com/
Gleedo Wiki,http://gleedo.fandom.com/
SpaceBox Wiki,http://spacebox.fandom.com/
Gany's Nether Wiki,http://ganys-nether.fandom.com/
Úsalo de nuevo Wiki,http://usalo-de-nuevo.fandom.com/
Rpgmo Wiki,http://rpgmoo.fandom.com/
Planetarian Wiki,http://planetarian.fandom.com/
Nobunaga the Fool Wiki,http://nobunaga-the-fool.fandom.com/
Power Rangers Pirate Armada Wiki,http://power-rangers-pirate-armada.fandom.com/
Gany's Surface Wiki,http://ganys-surface.fandom.com/
The Walking Dead Interviews Wiki,http://the-walking-dead-interviews.fandom.com/
Wiki Eldarya,http://eldarya.fandom.com/pt-br/
Power Rangers Fanon Wiki,http://power-rangers-fanon.fandom.com/pl/
Mordors Schatten Wiki,http://mordorsschatten.fandom.com/
Haven Holidays Wiki,http://haven-holidays.fandom.com/
Malomice Wiki,http://malomice.fandom.com/pl/
King Arthur's Gold Wiki,http://kingarthursgold.fandom.com/ru/
Классический Доктор Кто вики,http://klassicdoctorwho.fandom.com/ru/
Rise of Champions Wiki,http://riseofchampions.fandom.com/
Cityspace Wiki,http://cityspace.fandom.com/
Dreamfields Wiki,http://dreamfields.fandom.com/
Asphalt вики,http://asphalt.fandom.com/ru/
Big Farm Addiction Wiki,http://big-farm-addiction.fandom.com/
Klausme Wiki,http://klausme.fandom.com/
World of Cubes Wiki,http://wocsolverlabs.fandom.com/
HelloHero Wiki,http://hellohero.fandom.com/
Pekin's Ruby Hack Wiki,http://ruby-hack.fandom.com/
Speedrunning General Leaderboards Wiki,http://srgleaderboards.fandom.com/
Miramax Wiki,http://miramax.fandom.com/
Titan Empire Wiki,http://titanempire.fandom.com/
Trinium Online Indonesia Wiki,http://trinium-online-indonesia.fandom.com/id/
Roblox Camp Half-Blood Wiki,http://roblox-chb.fandom.com/
St Anthony's Choir Wiki,http://stachoir.fandom.com/
All One Character Wiki,http://all-one-character.fandom.com/
CrossGen Comics Database Wiki,http://crossgen-comics-database.fandom.com/
Lilyhammer Wiki,http://lilyhammer.fandom.com/
Wiki Ever after high,http://eah.fandom.com/es/
Reaper-Tale of a Pale Swordsman Wiki,http://reaper-tale-of-a-pale-swordsman.fandom.com/
The Slender Man Lore Wiki,http://the-slender-man-lore.fandom.com/
Bound to You Wiki,http://bound-to-you.fandom.com/
Henderbeards Wiki,http://henderbeards.fandom.com/
Wiki del Amor,http://wiki-del-amor.fandom.com/es/
Pou вики,http://pou.fandom.com/ru/
NexonessNation Wiki,http://nexonessnation.fandom.com/
Oceanhorn Wiki,http://oceanhorn.fandom.com/
Neppu Kairiku Bushi Road Wiki,http://neppukairikubushiroad.fandom.com/
팝픈뮤직 클리어를 보장해주는 위키,http://hiprock6.fandom.com/ko/
Wrath of Zann Wiki,http://zann.fandom.com/
Harumika Wiki,http://harumika.fandom.com/
The World Underground Wiki,http://theworldunderground.fandom.com/
Brian & Brendan's Survivor ORG Wiki,http://brian-and-brendan.fandom.com/
Wiki Clash of Clans,http://clashofclans.fandom.com/pt-br/
Reaction War Wiki,http://reactionwars.fandom.com/
Wiki LPS: Popular France,http://lpspopular.fandom.com/fr/
Valve Plot Twist Wiki,http://thevalveplottwist.fandom.com/
The Mumuland Wiki,http://the-mumuland.fandom.com/
Angry Birds Awesome Wiki,http://angrybirdsawesome.fandom.com/
Tiny Death Star Wiki,http://tiny-death-star.fandom.com/
Breadwinners Wiki,http://breadwinners.fandom.com/
Clockwork Cube Wiki,http://clockworkcube.fandom.com/
ToonNation Wiki,http://toonnation.fandom.com/
Grundwissen Geschichte Oberstufe Wiki,http://grundwissen-geschichte-oberstufe.fandom.com/
Criminal Case Fanon Wiki,http://criminal-case-fanon.fandom.com/
European Song Contest 05 Wiki,http://european-song-contest-05.fandom.com/
Ghost In The Shell pl Wiki,http://ghost-in-the-shell-pl.fandom.com/pl/
Wiki Dyfed RP Pirates des airs,http://dyfed-rp.fandom.com/fr/
Movie House (For Greeks only) Wiki,http://movie-house-for-greeks-only.fandom.com/
Джонни Тест вики,http://jtest.fandom.com/ru/
Longevity Wiki,http://longevity.fandom.com/
StudniaDusz Wiki,http://studniadusz.fandom.com/
Omnitrixunleashed Wiki,http://omnitrixunleashed.fandom.com/
Lego Legends Wiki,http://lego-legends.fandom.com/
PirateStorm Wiki,http://piratestorm.fandom.com/
Gama-boy Wiki,http://gamaboy.fandom.com/
Wiki Mundos Alternativos,http://mundos-alternativos.fandom.com/es/
Wiki Casados con Hijos (Argentina),http://casados-con-hijos-argentina.fandom.com/es/
Cyber Neighborhood Watch Wiki,http://cyberneighborhoodwatch.fandom.com/
Spore Revolution Wiki,http://sporerevolution.fandom.com/
Crazy Love Tango Wiki,http://crazy-love-tango.fandom.com/
Occultum Wiki,http://occultum.fandom.com/de/
Cobra Wars Wiki,http://cobra-wars.fandom.com/
Misfits Wiki,http://mis-fits.fandom.com/de/
Planet Drac Wiki,http://planet-drac.fandom.com/
Wiki Wiki Eddsworld,http://wiki-eddsworld.fandom.com/es/
TombRaiser Wiki,http://tombraiser.fandom.com/
Ninjamie Wiki,http://ninjamie.fandom.com/
Flightwood Wiki,http://flightwood.fandom.com/
Wiki Calamornie,http://calamornie.fandom.com/es/
Wiki Yuseku,http://wiki-yuseku.fandom.com/es/
Wiki Formeurope,http://formeurope.fandom.com/fr/