ParallelRPI Wiki,http://parallelrpi.fandom.com/
Riki-Oh Wiki,http://riki-oh.fandom.com/
Ankronikka Wiki,http://ankronikka.fandom.com/fi/
Wings of Vi Wiki,http://wings-of-vi.fandom.com/
L. J. Smith Wiki,http://ljanesmith.fandom.com/
Twierdza Szyfrów Wiki,http://twierdza-szyfrow.fandom.com/pl/
Sam plane Wiki,http://sam-plane.fandom.com/
Dragon's Story Wiki,http://dragons-story.fandom.com/
Avenari Wiki,http://avenari.fandom.com/
Professorfizzyslunchlab Wiki,http://professorfizzyslunchlab.fandom.com/
Poor Wiki,http://poor.fandom.com/
Dungeons and Dragonhats Wiki,http://dragonhats.fandom.com/
Neutral Characters Wiki,http://neutral-characters.fandom.com/
WatchMojo Wiki,http://watchmojo.fandom.com/
Old cp Wiki,http://old-cp.fandom.com/
Hanamaru kindergarten Wiki,http://hanamaru-kindergarten.fandom.com/
Dragon Up Wiki,http://dragon-up.fandom.com/
Wiki NailProjects,http://nailprojects.fandom.com/es/
Boukoku no Siegfried Wiki,http://boukoku-no-siegfried.fandom.com/
Gallows Hill Wiki,http://gallowshill.fandom.com/
ACM's Object Island Wiki,http://acms-object-island.fandom.com/
Minecraft Survivor Wiki,http://minecraft-survivor.fandom.com/
Wiki Winx Club,http://winx.fandom.com/gl/
GoofyMukki Wiki,http://goofymukki.fandom.com/
Gany's End Wiki,http://ganys-end.fandom.com/
The Four Amigo's Wiki,http://the-four-amigos.fandom.com/
PuzzleScript Wiki,http://puzzlescript.fandom.com/
Wiki Pokemon Mundo misterioso,http://pokemon-mundo-misterioso.fandom.com/es/
Super Gaming Stuff Wiki,http://super-gaming-stuff.fandom.com/
Wiki Monde des Mangas,http://mondedesmangas.fandom.com/fr/
SkyDoesMinecraftButter Fanon Wiki,http://skydoesminecraftbutter-fanon.fandom.com/
TheCamAndDanChronicles Wiki,http://thecamanddanchronicles.fandom.com/
Unholy Heights вики,http://unholyheights.fandom.com/ru/
The Adventures Of Squidward Tentacles Wiki,http://the-adventures-of-squidward-tentacles.fandom.com/
Cancan Girls Wiki,http://cancangirls.fandom.com/
Superman Anthology Wiki,http://superman-anthology.fandom.com/
Realmilitarygenerals Wiki,http://realmilitarygenerals.fandom.com/
Black Behemoth Wiki,http://black-behemoth.fandom.com/
Yardie Wiki,http://yardie.fandom.com/
Wiki Mario Bros,http://mario-bros.fandom.com/pt-br/
Infinity Wars Game Wiki,http://infinity-wars-game.fandom.com/
Bowling's Pokemon Survivor Wiki,http://bowlingspokemonsurvivor.fandom.com/
Pokemon The Fanon Wiki,http://pokemon-the-fanon.fandom.com/
The Ultimate Warriors Wiki,http://the-ultimate-warriors.fandom.com/
Wiki Musica y Musicales,http://musica-y-musicales.fandom.com/es/
UNKNOWN (Game) Wiki,http://unknown-game.fandom.com/
IriySoft Wiki,http://iriysoft.fandom.com/
Zurafa`s Wiki,http://zurafaworldx.fandom.com/
Lunifer'sAnimalRp Wiki,http://lunifersanimalrp.fandom.com/
The Misfortune of Being Ned Wiki,http://the-misfortune-of-being-ned.fandom.com/
Pointless In Action Wiki,http://pointlessinaction.fandom.com/
Wiki Ovinixta,http://ovinixta.fandom.com/es/
Swimmerssurvivor4 Wiki,http://swimmerssurvivor4.fandom.com/
Wiki Dos Shows Mas,http://dos-shows-mas.fandom.com/es/
The Wings Series Wiki,http://the-wings-series.fandom.com/
The Squid Army Wiki,http://the-squid-army.fandom.com/
2003 TMNT Wiki,http://2003-tmnt.fandom.com/
Ghoulfriends Wiki,http://ghoulfriends.fandom.com/
cs,http://cz-hunter-x-hunter.fandom.com/
Lucarne's Chronicles Wiki,http://thechroniclesofempresslucarne.fandom.com/
USS Sheffield Wiki,http://starfleet-astraeus.fandom.com/
AITdocs Wiki,http://aitdocs.fandom.com/
PathologE Crosswords Wiki,http://pathologe-crosswords.fandom.com/
The Garden Wiki,http://thegarden.fandom.com/
Welcome to the Family Wiki,http://welcome-to-the-family.fandom.com/
Formula 1 statistics Wiki,http://f1stats.fandom.com/
MTA: SA DayZ Mod Wiki,http://mta-dayz.fandom.com/pl/
Bier wiki,http://bier.fandom.com/nl/
OCR AS Biology glossary Wiki,http://ocr-as-biology-glossary.fandom.com/
Pupa Wiki,http://pupa.fandom.com/
Sangreypericia Wiki,http://sangreypericia.fandom.com/
The Pokemon Fanon Wiki,http://pokemonfandom.fandom.com/
Resident Evil 1.5 Wiki,http://residentevil15.fandom.com/
LolAttack Randoms Wiki,http://lolattack-randoms.fandom.com/
Tonari No Kashiwagi-san Wiki,http://tonari-no-kashiwagisan.fandom.com/
01Gohan's Survivor Series Wiki,http://gohans-survivor.fandom.com/
Sick Kreations Wiki,http://sickkreations.fandom.com/
Burn For Burn Trilogy Wiki,http://burn-for-burn-trilogy.fandom.com/
Thaumcraft4 Wiki,http://thaumcraft4.fandom.com/
The Darkest Minds Wiki,http://the-darkest-minds.fandom.com/
WW2 Roleplay Wiki,http://ww2-roleplay.fandom.com/
Royal Story Wiki,http://royalstory.fandom.com/
Wiki Pretty Cure Fandom,http://pretty-cure-fandom.fandom.com/es/
Wizard101 Metagame Wiki,http://wizard101-meta.fandom.com/
Wild 'N Out Wiki,http://wild-n-out.fandom.com/
Filly Elves Wiki,http://filly-elves.fandom.com/pl/
Nuclear Throne Wiki,http://nuclear-throne.fandom.com/
Giants:Sitizens Kabuto вики,http://giantssitizens-kabuto.fandom.com/ru/
Basilea Wiki,http://mythandmuskets.fandom.com/
Wiki HeySonAventuras,http://hey-son-aventuras.fandom.com/es/
MCMiners Wiki,http://mcminers.fandom.com/
Wiki EntitasSpiritus,http://entitasspiritus.fandom.com/es/
NicePeterAndEpicLLOYD Wiki,http://nicepeterandepiclloyd.fandom.com/
Matematika Wiki,http://matematika.fandom.com/bs/
Zhuangxiu 维基,http://zhuangxiu.fandom.com/zh/
A Clash of Kings - A Mount and Blade: Warband Modification Wiki,http://acok.fandom.com/
Fictional Flying Machines Wiki,http://fictional-flying-machines.fandom.com/
Lucky 7 Wiki,http://lucky7abc.fandom.com/
AC/DC Wiki,http://acdc.fandom.com/pl/
Tome: Immortal Arena Wiki,http://tomeimmortalarena.fandom.com/