Interlands Wiki,http://interlands.fandom.com/
Ready, Steady, Wiggle! Wiki,http://readysteadywiggle.fandom.com/
Temperance NG Wiki,http://temperanceng.fandom.com/
Total Drama Cruise Wiki,http://tdcruise.fandom.com/
Creating the $100 Apartment Wiki,http://100dollarapartment.fandom.com/
Peek-a-boo Petites Wiki,http://peekaboo-petites.fandom.com/
The Brony Fandom Wiki,http://the-brony-fandom.fandom.com/
Rumble Fish Wiki,http://rumble-fish.fandom.com/
Wiki Dancemoms,http://dancemoms.fandom.com/es/
Wiki Whirnharsepédia,http://whirnharsepedia.fandom.com/pt-br/
Renkin 3-kyu Magical? Pokan Wiki,http://renkin-3kyu-magical-pokan.fandom.com/
NFL Database Wiki,http://nfl-database.fandom.com/
Wiki O Fantástico mundo de Gumball,http://o-fantastico-mundo-de-gumball.fandom.com/pt-br/
Tides of Chaos Wiki,http://tides-of-chaos.fandom.com/
Wiki Fotekvision,http://fotekvision.fandom.com/es/
Wiki Besteiras e Tudo Mais,http://besteiras-e-tudo-mais.fandom.com/pt-br/
Cube World Wiki,http://cube-world.fandom.com/pl/
DC Marvel Database Wiki,http://dc-marvel-database.fandom.com/
Wiki Vocaloid,http://vocaloidespanol.fandom.com/es/
Beware the Batman Wiki,http://bewarebatman.fandom.com/
Disneyland Paris wiki,http://disneylandparis.fandom.com/nl/
Phase Edge Wiki,http://phaseedge.fandom.com/
Wiki Nature,http://nature-tourdumonde.fandom.com/fr/
Danish Gaming Server Comunnity Wiki,http://dgsc.fandom.com/
Parkouradventure Wiki,http://parkouradventure.fandom.com/bg/
Homestuck Pathfinder Wiki,http://homestuckpathfinder.fandom.com/
GMod Stranded Wiki,http://gmod-stranded.fandom.com/
CorruptosMexicanos Wiki,http://corruptosmexicanos.fandom.com/
Shingekinokyojin вики,http://attackontitan.fandom.com/ru/
Kalle Anka Sverige Wiki,http://kalleankasverige.fandom.com/sv/
Sub-Human Intellect Theater Wiki,http://shit-radio.fandom.com/
Super Mario Bros. X Wiki,http://mariobrothersx.fandom.com/
BeyondInfinity Wiki,http://beyondinfinity.fandom.com/
Wiki Plantas vs. Zumbis,http://plantsvszombies.fandom.com/pt-br/
Coltonette Wiki,http://coltonette.fandom.com/
Fairy Tail Oc Wiki,http://fairy-tail-oc-rpc.fandom.com/
Homestuck Italian Wiki,http://homestuck.fandom.com/it/
BetterDungeons Wiki,http://betterdungeons.fandom.com/
Romanian Literature Wiki,http://romanianliterature.fandom.com/
CodexEolia Wiki,http://codexeolia.fandom.com/
Romance of the 3 Kingdoms XI Wiki,http://romance-xi.fandom.com/
Thai Terraria Wiki,http://terraria.fandom.com/th/
Sensitive Yoghurt Wiki,http://applepiemadeoutofcottagecheese.fandom.com/
Andreemea Wiki,http://andreemea.fandom.com/
Firstworld Wiki,http://firstworld.fandom.com/
GTR98 Wiki,http://gtr98.fandom.com/
Competitive fossil fighters Wiki,http://competitive-fossil-fighters.fandom.com/
Монстропедия,http://mysingingmonsters.fandom.com/ru/
Marvel Filmes,http://marvel-filmes.fandom.com/pt-br/
Team Sexually Casual Wiki,http://team-sexually-casual.fandom.com/
DCU Wiki,http://darkclawumbreon.fandom.com/
Fort Boyard вики,http://fort-boyard.fandom.com/ru/
Makeyourownvideogame Wiki,http://makeyourownvideogame.fandom.com/
Wiki Professeur Hershel Layton,http://professeur-hershel-layton.fandom.com/fr/
Hub Squad;Teamwork is Magic Wiki,http://hub-squadteamwork-is-magic.fandom.com/
Bong Craft Wiki,http://bongcraft.fandom.com/
Wiki Rolcraft,http://rolcraft.fandom.com/es/
AKB48 Fanon Wiki,http://akb48fanon.fandom.com/
Tajemniczy Sobotowie Wiki,http://tajemniczy-sobotowie.fandom.com/pl/
Almog Wiki,http://almog.fandom.com/
Mako Mermaids Wiki,http://mako-mermaids1.fandom.com/
AllyLpsTv Wiki,http://allylpstv.fandom.com/
The King of Towers Wiki,http://the-king-of-towers.fandom.com/
The Chipettes Cover Wiki,http://thechipettescover.fandom.com/
Toriko Wiki,http://toriko.fandom.com/pl/
X-Treme Wiki,http://x-treme.fandom.com/
Club Penguin Wiki,http://club-penguincp.fandom.com/
Team Crafted Wiki,http://teamcrafted.fandom.com/
Non-Cannon Lego Star Wars Wiki,http://noncannon-lego-star-wars.fandom.com/
The Wiki Games Wiki,http://the-wiki-games.fandom.com/
McWarZ Wiki,http://mcwarz.fandom.com/
RomanGames Wiki,http://romangames.fandom.com/
The Vineyard Wiki,http://the-vineyard.fandom.com/
Pokemon Reborn RPG Wiki,http://pokemon-reborn-rpg.fandom.com/
WWE Games Wiki,http://wwevideogameseries.fandom.com/
Infestation: Survivor Stories Wiki,http://infestation-survivor-stories.fandom.com/
Waddle dee and mario Wiki,http://waddle-dee-and-mario.fandom.com/
Wiki Hermetic Games,http://hermetic-games.fandom.com/pt-br/
The BGC Fan Made Wiki,http://the-bgc-fan-made.fandom.com/
Blockhead Cityworld Wiki,http://blockhead-cityworld.fandom.com/
Grojband Fanon Wiki,http://grojband-fanon.fandom.com/
The War books Wiki,http://the-war-books.fandom.com/
Wiki Wiki Ib,http://wiki-ib.fandom.com/es/
Wiki TheDayRoutine,http://thedayroutine.fandom.com/es/
Mousetown Wiki,http://mousetown.fandom.com/
Gooballs Wiki,http://gooballs.fandom.com/
Hidden Universe Wiki,http://hidden-universe.fandom.com/
Thrive Wiki,http://thrive.fandom.com/
Happy tree fandom Wiki,http://happy-tree-fandom.fandom.com/
Coloradoiv Wiki,http://coloradoiv.fandom.com/
The Roleplay Guys Wiki,http://theroleplayguys.fandom.com/
New Babylon Wiki,http://new-babylon.fandom.com/
日本の政治 Wiki,http://nihonseiji.fandom.com/ja/
Tramvaj Wiki,http://tramvaj.fandom.com/sh/
Wiki Défis Extrêmes Le Monde Est A Nous,http://defis-extremes-le-monde-est-a-nous.fandom.com/fr/
DBT wiki,http://dbt.fandom.com/nl/
Shake it up India Wiki,http://shake-it-up-india.fandom.com/
Sword Art Online Fanon Wiki,http://swordartonlinefanon.fandom.com/pl/
RJ Madness Wiki,http://rj-madness.fandom.com/
Chloe Rytherr/BlazeTheCat 9 Wiki,http://chloe-rytherr-blazethecat-9.fandom.com/