Jinx Wiki,http://jinx-ofibty.fandom.com/
Natural Wiki,http://natural.fandom.com/
WinxFanFiction Wiki,http://winxfanfiction.fandom.com/
Age of Adventure Wiki,http://ageofadventure.fandom.com/
ORIX Wiki,http://orix.fandom.com/
One Way Heroics Wiki,http://onewayheroics.fandom.com/
Kitty Katt Wiki,http://kitty-katt.fandom.com/
MobyDocs Wiki,http://mobydocs.fandom.com/
Titan Fall Fanon Wiki,http://titanfallfanon.fandom.com/
Vinesauce Wiki,http://vinesauce.fandom.com/
Movie and TV Wiki,http://to-hollywood-and-beyond.fandom.com/
Wiki HOMRA,http://homra.fandom.com/fr/
Button mash Wiki,http://button-mash.fandom.com/
X-Lomet Wiki,http://xlomet.fandom.com/id/
Montana Smith Wiki,http://montanasmith.fandom.com/
The Adventures Of Cookie Time Wiki,http://the-adventures-of-cookie-time.fandom.com/
Heroes Wiki,http://worldsgreatestheroes.fandom.com/
Verse 42 Wiki,http://verse42.fandom.com/
MTHAC Wiki,http://mthac.fandom.com/
Wiki Mau5,http://mau5.fandom.com/es/
Wiki NationsGlory - Dark,http://nationsglory-dark.fandom.com/fr/
Wiki Eucaris,http://eucaris.fandom.com/pt-br/
Shoobepedia Wiki,http://shoobepedia.fandom.com/
Plank Wiki,http://plank.fandom.com/
Egzamin Magisterski MIMUW Wiki,http://mgr-mimuw.fandom.com/
Topsy and Tim Wiki,http://topsy-and-tim.fandom.com/
Star Trek: Sacrifice of Angels 2 Wiki,http://soa2.fandom.com/
Annoying Orange Polska Wiki,http://annoying-orange-polska.fandom.com/pl/
Equestria Girls Rainbow Rocks Wiki,http://equestria-girls-rainbow-rocks.fandom.com/pl/
Wiki Les Simpson,http://thesimpson.fandom.com/fr/
Wiki Wow Tales,http://wowtales.fandom.com/es/
Norman Burning Wheel Wiki,http://norman-burning-wheel.fandom.com/
Prepared To Die Wiki,http://prepared-to-die.fandom.com/
Goldenstar Wiki,http://goldenstar.fandom.com/
Ms. Garrison's School For Girls Wiki,http://ms-garrisons-school-for-girls.fandom.com/
Time Split Wiki,http://time-split.fandom.com/
Royal history changed Wiki,http://pseudoroyalhistory.fandom.com/
Wiki Red de Noticias de Sonic,http://red-de-noticias-de-sonic.fandom.com/es/
Project Skyline Wiki,http://project-skyline.fandom.com/
Newport Living Wiki,http://newportliving.fandom.com/
Super Mario Fanon Revolution,http://super-mario-fanon-revolution.fandom.com/es/
Ultimate Gaming Galaxy Wiki,http://ultimate-gaming-galaxy.fandom.com/
Wikipigeon Wiki,http://wikipigeon.fandom.com/
Wiki Dark Souls,http://darksouls.fandom.com/pt-br/
Lego Harry Potter Years 1-4 Wiki,http://lego-harry-potter-years-14.fandom.com/
Classic CBeebies Wiki,http://classiccbeebies.fandom.com/
Math Geek Net,http://mathgeek.fandom.com/
Jellteks Wiki,http://jellteks.fandom.com/
Wiki Los superherues,http://los-superherues.fandom.com/es/
Keskiluokan ritarit Wiki,http://keskiluokan-ritarit.fandom.com/fi/
Культура и быт России 15-17 веков вики,http://culture15-17.fandom.com/ru/
GCSE Geography Case Studies - Rougemont Wiki,http://gcse-geography-case-studies-rougemont.fandom.com/
Toy Islands Wiki,http://toy-islands.fandom.com/
IVampire Wiki,http://ivampire.fandom.com/
NICE GIRL Project! Wiki,http://nicegirlproject.fandom.com/
Wiki Salud Pública III Subgrupo 4,http://salud-publica-iii-subgrupo-4.fandom.com/es/
Honalee Wiki,http://honalee.fandom.com/
Creedence Clearwater Revival Wiki,http://creedenceclearwaterrevival.fandom.com/
Seadle Wiki,http://seadle.fandom.com/
The Star Sea Wiki,http://the-star-sea.fandom.com/
Memory of Eldurim Wiki,http://memory-of-eldurim.fandom.com/
The Diary Wiki,http://the-diary.fandom.com/
Runes of War Wiki,http://runes-of-war.fandom.com/
Maraya and Friends Wiki,http://maraya-and-friends.fandom.com/
Route 66 Wiki,http://route66.fandom.com/
Wiki Mucha Lucha,http://mucha-lucha.fandom.com/es/
Hnjbmrbacon Wiki,http://hnjbmrbacon.fandom.com/
Pokemon Void Wiki,http://pokemon-void.fandom.com/
The Sage Wiki,http://thesage.fandom.com/
Flameclan Warrior Cats Wiki,http://flameclan-warrior-cats.fandom.com/
The Productions Wiki,http://productions.fandom.com/
Chroniclesofrana Wiki,http://chroniclesofrana.fandom.com/
Acf Wiki,http://acf.fandom.com/
Superantonyandeva Wiki,http://superantonyandeva.fandom.com/
TheRiddleOfTheTreeman Wiki,http://theriddleofthetreeman.fandom.com/
Shopkins Wiki,http://shopkins.fandom.com/
Costa Rica Wiki,http://costarica.fandom.com/es/
Minty fresh adventure Wiki,http://minty-fresh-adventure.fandom.com/
Fall of the Silver Templars Wiki,http://fotst.fandom.com/
The Courageous Life of them Objects Wiki,http://tcloto.fandom.com/
Survival Wiki,http://survival.fandom.com/pl/
Miracle9 Wiki,http://miracle9.fandom.com/
Death Battle Wiki,http://death-battle.fandom.com/
Walking With Wiki,http://walking-with.fandom.com/
Star Wars Animated Wiki,http://starwarsanimated.fandom.com/
Breadwinners Fandom Wiki,http://breadwinners-fandom.fandom.com/
Redwall Recorder's Wiki,http://redwall-recorders.fandom.com/
LeonFM вики,http://leonfm.fandom.com/ru/
Angels Friends Wiki,http://angelsfriends.fandom.com/pl/
RWBYquest Wiki,http://rwbyquest.fandom.com/
Wiki WikiDK,http://wikidk.fandom.com/es/
Wiki South Park .,http://south-park.fandom.com/pt-br/
Gabriel's Descent Wiki,http://gabriels-descent.fandom.com/
魔導者 维基,http://magiconductor.fandom.com/zh/
Survivor By Bartosh Wiki,http://survivorbybartosh.fandom.com/pl/
SacconeJolys Wiki,http://sacconejolys.fandom.com/
五月天 Mayday вики,http://mayday-band.fandom.com/ru/
Real True Friendship Wiki,http://rtf.fandom.com/
Out There Wiki,http://out-there.fandom.com/
The Reichstag Wiki,http://reichstag.fandom.com/
Pocket Mirror Wiki,http://pocketmirror.fandom.com/
Maturainf Wiki,http://maturainf.fandom.com/
The Flying Dead Wiki,http://the-flying-dead.fandom.com/
The Apocoath Dead Wiki,http://the-apocoath-dead.fandom.com/
VTM Mijn Pop-uprestaurant! Wiki,http://vtm-mijnpopuprestaurant-be.fandom.com/
VTM Cordon Wiki,http://vtm-cordon-be.fandom.com/
Altis Life MDF Wiki,http://altislife-mdf.fandom.com/de/
Wiki Universo Marvel 616,http://universo-marvel-616.fandom.com/pt-br/
The Everything Wiki,http://mostlyeverything.fandom.com/
Russianempire Wiki,http://russianempire.fandom.com/
The iJustine Gaming Wiki,http://ijustinegaming.fandom.com/
Wiki Grand Theft A,http://grand-theft-a.fandom.com/pt-br/
WarhammerCanon Wiki,http://warhammercanon.fandom.com/
Wiki Ssbb universos inventados,http://ssbb-universos-inventados.fandom.com/es/
StarCrawlers Wiki,http://starcrawlers-archive.fandom.com/
PixelmonPL Wiki,http://pixelmonpl.fandom.com/pl/
Wiki Fūma no Kojirō,http://fuma-no-kojiro.fandom.com/es/
Moshling Madness Wiki,http://moshling-madness.fandom.com/
Wiki Ring ni Kakero,http://ring-ni-kakero.fandom.com/es/
Voll Vergeistert Wiki,http://voll-vergeistert.fandom.com/de/
The Amazing World of Gumball Wiki (TR),http://theamazingworldofgumball.fandom.com/tr/
Eden Prairie Wiki,http://edenprairie.fandom.com/
ZodiacKiaran Wiki,http://zodiackiaran.fandom.com/
VTM Aspe Wiki,http://vtm-aspe-be.fandom.com/
Stilland Wars Unofficial Wiki,http://stilland-wars-unofficial.fandom.com/
Enthashara Wiki,http://enthashara.fandom.com/
IDávid Wiki,http://idavid.fandom.com/
Europa Universalis Wiki,http://europa-universalis.fandom.com/pl/
Age of Wonders Wiki,http://age-of-wonders.fandom.com/
UFO: The Two Sides Wiki,http://ufotts.fandom.com/
Intel вики,http://intel.fandom.com/ru/
Wiki101,http://101universe.fandom.com/
Sollus Wiki,http://sollus.fandom.com/
5 Empires Wiki,http://5-empires.fandom.com/
Minion Warfare Wiki,http://minion-warfare.fandom.com/
Ry-animation Wiki,http://ryanimation.fandom.com/
Steven Universo Wiki,http://stevenuniverso.fandom.com/pt-br/
Shinobi Saga Wiki,http://shinobisaga.fandom.com/
UnrelatedComments Wiki,http://unrelatedcomments.fandom.com/
Zambrana Wiki,http://zambrana.fandom.com/
Wiki Jjdh,http://jjdh.fandom.com/es/
Kon Kessha Custom Bleach World Wiki,http://kon-kessha.fandom.com/
Schlumpfland Wiki,http://schlumpfland.fandom.com/
English-Katian Dictionary Wiki,http://english-katian-dict.fandom.com/
U.S. Legion Wiki,http://us-legion.fandom.com/
Tribez and Castlez Wiki,http://tribez-and-castlez.fandom.com/
Gaiana Wiki,http://gaiana.fandom.com/
Golan the Insatiable Wiki,http://golantheinsatiable.fandom.com/
Wiki PsicologiaDelTrabajo,http://psicologiadeltrabajo.fandom.com/es/
Wiki Velvet,http://velvet.fandom.com/