LoLeSports вики,http://lolesports.fandom.com/ru/
MicroVoltsSurge Wiki,http://mvs.fandom.com/
Wiki Mamoru Hosoda,http://mamoru-hosoda.fandom.com/fr/
Kisetsu no Basho Wiki,http://kisetsunobasho.fandom.com/
Natural Disaster Survival Wiki,http://natural-disaster-survival.fandom.com/
Wiki Lsp,http://lsp.fandom.com/fr/
Lexicon Heroes Wiki,http://lexiconheroes.fandom.com/
Characters Power вики,http://characters-power.fandom.com/ru/
Tmhall02 fanfiction stories Wiki,http://tmhall02-fanfiction-stories.fandom.com/
Starbase 23 Wiki,http://starbase-23.fandom.com/
Wiki My Little Pony Fan Labor,http://my-little-pony-fan-labor-ponis.fandom.com/es/
Nattodesu Wiki,http://nattodesu.fandom.com/
Prehistory Wiki,http://before-man.fandom.com/
Lorena's Vampire Diaries Fanfiction Wiki,http://lorenas-vampire-diaries-fanfiction.fandom.com/
SHW Wiki,http://shw.fandom.com/
Wiki La Sombre Apothéose,http://la-sombre-apotheose.fandom.com/fr/
The fancy XUbuntu Caminàs Guide 1314 edition Wiki,http://the-fancy-xubuntu-caminas-guide-1314-edition.fandom.com/
SmithsonianGaming Wiki,http://smithsoniangaming.fandom.com/
Wiki Cogiterouage,http://cogiterouage.fandom.com/fr/
RoboCraft вики,http://robocraft.fandom.com/ru/
Disney Hidden Worlds Wiki,http://disneyhiddenworlds.fandom.com/
Magus Senate Files Wiki,http://magus-senate-files.fandom.com/
Informatic вики,http://infokt.fandom.com/ru/
Kurayami High School Of the Damned Wiki,http://kurayami-high-school-of-the-damned.fandom.com/
Wiki Club penguin Z,http://club-penguin-z.fandom.com/es/
Such Survivor ORG Wiki,http://kalabang-org.fandom.com/
Star Empires(Reboot) Wiki,http://starempiresreboot.fandom.com/
Wiki Brujas,http://brujas.fandom.com/es/
Fall of Nythwal Wiki,http://fall-of-nythwal.fandom.com/
Dance It Up Wiki,http://dance-it-up.fandom.com/
Pac-Man and the Ghostly Adventures Wiki,http://pacman-ghostlyadventures.fandom.com/
Miiverse People Wiki,http://miiverse-people.fandom.com/
Bats Wiki,http://bats.fandom.com/
Natures Hand AB Wiki,http://natures-hand-ab.fandom.com/
Harry Potter Wiki,http://harry-potter.fandom.com/sv/
InspiredAndNatural Wiki,http://inspiredandnatural.fandom.com/
Tigra Wiki,http://planettigra.fandom.com/
Asterix&Friends wiki,http://asterixfriends.fandom.com/nl/
Wiki El Ciclo de la Luna Roja,http://el-ciclo-de-la-luna-roja.fandom.com/es/
Wiki O.CPedia,http://ocpedia.fandom.com/es/
TDCamp2 Wiki,http://tdcamp2.fandom.com/
LDShadowLady Wiki,http://ldshadowlady.fandom.com/
The Vampire Diaries wiki,http://vampirediaries.fandom.com/nl/
Wiki PWAOfficial,http://pwaofficial.fandom.com/fr/
Wiki Nilton Tricolor São Paulo,http://niltontricolor.fandom.com/pt/
Bike Race Wiki,http://bikerace.fandom.com/
Wiki Pocket Creatures,http://pocket-creatures.fandom.com/pt-br/
Wiki Cardolan,http://cardolan.fandom.com/fr/
Disney Wiki Tiếng Việt,http://disney.fandom.com/vi/
Happiness Pretty Cure Fan Fiction Wiki,http://happiness-pretty-cure-fan-fiction.fandom.com/
Domenica Wiki,http://athesia.fandom.com/
Titanic Wiki,http://titanic.fandom.com/de/
Habitica Wiki,http://habitica.fandom.com/de/
Novachyteria Wiki,http://novachyteria.fandom.com/
Its_a_game_of_spin_the_bottle(hashtag) Wiki,http://itsagameofspinthebottlehashtag.fandom.com/
Вакипедия - свободная энциклопедия,http://wakipedia.fandom.com/ru/
Shards of Mirik Wiki,http://shards-of-mirik.fandom.com/
Massive RP Wiki,http://massive-rp.fandom.com/
THEGAMERS Wiki,http://thegamersmmh.fandom.com/
Wiki TrinityCore,http://trinitycore.fandom.com/es/
Salmons Crew Official! Wiki,http://salmons-crew-official.fandom.com/
Seeds of Chaos Wiki,http://seeds-of-chaos.fandom.com/
Geckourgette Universe Wiki,http://geckourgette.fandom.com/
Avicus Wiki,http://avicus.fandom.com/
The Small LEGO Wiki,http://smalllego.fandom.com/
Tigerbunny Wiki,http://tigerbunny.fandom.com/ja/
Noodle Wiki,http://noodle.fandom.com/ja/
DICE: The Cube That Changes Everything Wiki,http://dice.fandom.com/
The truth about Killer Dinosaurs Wiki,http://the-truth-about-killer-dinosaurs.fandom.com/
Wiki Pegasisters-Fanon,http://pegasistersfanon.fandom.com/es/
Azara Wiki,http://azara.fandom.com/pl/
The Edge Chronicles D6 Wiki,http://edgechroniclesd6.fandom.com/
Bowie the Teddy Bear Wiki,http://bowie-the-teddy-bear.fandom.com/
HonorBound by Juicebox Wiki,http://honorbound-juicebox.fandom.com/
Pax Mondo Wiki,http://pax-mondo.fandom.com/
The Lucas Harder Show Wiki,http://the-lucas-harder-show.fandom.com/
Persimmon Hollow Wiki,http://persimmonhollow.fandom.com/
Wiki La Bande à Bamboo,http://bandeabamboo.fandom.com/fr/
The Three Musketeers Wiki,http://the-three-musketeers.fandom.com/
G3.5 Pony Wiki,http://g35pony.fandom.com/
Glean Wiki,http://glean.fandom.com/
Wiki Super Mario World Hack,http://supermarioworldhack.fandom.com/es/
Quddusi Sahab Ki Bewah Wiki,http://quddusi-sahab-ki-bewah.fandom.com/
The Chris Gethard Show Wiki,http://vacationjason.fandom.com/
Нортон вики,http://norton.fandom.com/ru/
e-Learning Wiki,http://edtech.fandom.com/
HHV Wiki,http://hhv.fandom.com/
SPQR Wiki,http://spqr-series.fandom.com/
怪物彈珠 維基,http://monst.fandom.com/zh/
Bloody Cross Wiki,http://bloody-cross.fandom.com/
Wiki GOTH,http://goth.fandom.com/es/
Japanese Kanji Wiki,http://japanese-kanji.fandom.com/
SakatsukuShoot Wiki,http://sakatsukushoot.fandom.com/
Xanadu Wiki,http://xanadu.fandom.com/
Poochpedia,http://thecompletedog.fandom.com/
Wiki MarilynManson,http://marilynmanson.fandom.com/es/
Ancerious Galactic Wiki,http://ancerious-galactic.fandom.com/
Rexomnium Wiki,http://rexomnium.fandom.com/
New Naruto Fanon Wiki,http://new-naruto-fanon.fandom.com/
Nucleaxpotato's Comics Wiki,http://nucleaxpotatos-comics.fandom.com/