Cayxanhvietnam Wiki,http://cayxanhvietnam.fandom.com/
Bewitchment Wiki,http://bewitchment.fandom.com/
BFDIB and Ja Wiki,http://bfdib-and-ja.fandom.com/
Adventures Across Dimensions Wiki,http://adventures-across-dimensions.fandom.com/
Animals Wiki,http://coolanimals.fandom.com/
Star Wars: The Clone Wars Wiki,http://star-wars-the-clone-wars.fandom.com/
Avalon Knights Academy Wiki,http://avalonknightsacademy.fandom.com/
Dangerous Thanksgiving Wiki,http://dangerous-thanksgiving.fandom.com/
Mjdarmanin Wiki,http://mjdarmanin.fandom.com/
Big Brothorg Wiki,http://big-brothorg.fandom.com/
U.S. Navy Wiki,http://us-navy.fandom.com/
Tension Wiki,http://tension.fandom.com/
MCSurvialTowny Wiki,http://mcsurvialtowny.fandom.com/
SengokuFubu Wiki,http://sengokufubu.fandom.com/
Forgotten Fauna Mod Wiki,http://forgotten-fauna-mod.fandom.com/
Finishedanime Wiki,http://finishedanime.fandom.com/
Shards Of Power Roblox Wiki,http://shards-of-power-roblox.fandom.com/
BBCANGlobal Wiki,http://bbcanglobal.fandom.com/
Frootloops Wiki,http://frootloops.fandom.com/
The Disappearance of Hikaru Ishikawa Wiki,http://the-disappearance-of-hikaru-ishikawa.fandom.com/
Official Terraria Hypercosm Mod Wiki,http://terraria-hypercosm-mod.fandom.com/
Wiki Wonder Castle,http://wondercastle.fandom.com/pt-br/
最後のSPARK Wiki,http://saigo-no-spark.fandom.com/
Astroneer 1.0 Wiki,http://astroneer-10.fandom.com/
Randy's Wildhouse Wiki,http://randys-wildhouse.fandom.com/
Classic Car Database Wiki,http://classic-car-database.fandom.com/
Arcanium Chronicles Wiki,http://arcanium-chronicles.fandom.com/
IdleHeroTD Wiki,http://idleherotd.fandom.com/
UK Soap World Wiki,http://uk-soap-world.fandom.com/
Superflat Wiki,http://superflat.fandom.com/
Senryuu-Shoujo Wiki,http://senryuushoujo.fandom.com/
Corn & Pegg Wiki,http://corn-pegg.fandom.com/
Assassin's Creed Randomised Mercenaries Wiki,http://assassins-creed-randomised-mercenaries.fandom.com/
Wiki The Dark Pictures Anthology,http://thedarkpictures.fandom.com/pt-br/
Wiki Curry TV,http://curry-tv.fandom.com/fr/
UnderFighter 2 Wiki,http://underfighter-2.fandom.com/
Everything you need to know Wiki,http://everything-you-need-to-know.fandom.com/
Magic Odyssey Wiki,http://magic-odyssey.fandom.com/
Fartsnstuff's Asylum Wiki,http://fartsnstuffs-asylum.fandom.com/
Pathé Animation Wiki,http://pathe-animation.fandom.com/
Toonkins Wiki,http://toonkins.fandom.com/
J.C.Staff Wiki,http://jcstaff.fandom.com/ja/
Captain Caveman Wiki,http://captaincaveman.fandom.com/
Queenband.wikia Wiki,http://queenbandwikia.fandom.com/
Wiki OuterVerses Battles,http://outerverses-battles.fandom.com/fr/
РЕВОЛЬЕР вики,http://rewolier.fandom.com/ru/
Peach Fan55's Faves Wiki,http://peach-fan55s-faves.fandom.com/
Sezony Totalnej Porażki gnitecki Wiki,http://sezony-totalnej-porazki-gnitecki.fandom.com/pl/
GURPS: High Tech Low Life Wiki,http://hightechlowlife-gurps.fandom.com/
Popugirls Wiki,http://popugirls.fandom.com/
Lost Saga hero build Wiki,http://lost-saga-hero-build.fandom.com/
Wiki Nanbaka,http://nanbaka.fandom.com/fr/
Pablo Bond Wiki,http://pablopenguinbond.fandom.com/
Ryan McCleary's World Wiki,http://ryan-mcclearys-world.fandom.com/
Хроники Норстванг вики,http://norstwang.fandom.com/ru/
Contact 1796 Wiki,http://contact-1796-13.fandom.com/
Chibies Chyby Bellies Lingers Heroes and Villains Wiki,http://chibies-chyby-bellies-lingers-heroes-and-villains.fandom.com/
Analisis de Sistemas UCC Wiki,http://adsucc.fandom.com/es/
Other Narration вики,http://other-narration.fandom.com/ru/
Robbiego Wiki,http://robbiego.fandom.com/
The Quiet Spite Wiki,http://thequietspite.fandom.com/
スター・ウォーズ レジェンズ Wiki,http://starwarsspecialty.fandom.com/ja/
IGADSpaceGame Wiki,http://igadspacegame.fandom.com/
Schmutapa Wikia,http://schmutapa.fandom.com/sv/
Film Labels Wiki,http://film-labels.fandom.com/
Yonatan Ashad Wiki,http://yonatan-ashad.fandom.com/
Rwby Alternate Wiki,http://rwby-alternate.fandom.com/
Carmen Sandiego and Sly Cooper: Universe Collide Wiki,http://carmen-sandiego-and-sly-cooper-universe-collide.fandom.com/
Our World Of Text Wiki,http://owot.fandom.com/
BBC's The Musketeers Wiki,http://bbcs-the-musketeers.fandom.com/
ReWiggled: A Tribute to The Wiggles Wiki,http://rewiggled-a-tribute-to-the-wiggles.fandom.com/
Penumbra Wiki,http://penumbra-comic.fandom.com/
Morpher Wiki,http://morpher.fandom.com/
Mouse Coin Wiki,http://mouse-coin.fandom.com/
Us (2019) Film Wiki,http://us-2019-film.fandom.com/
Object awesomeness Wiki,http://masscom.fandom.com/
The Crash Team Racing: Nitro Fueled Wiki,http://the-crash-team-racing-nitro-fueled.fandom.com/
Satisfactory вики,http://satisfactory-game.fandom.com/ru/
Survivalism Theory Wiki,http://survivalism-theory.fandom.com/
American Gods Wiki,http://americangods.fandom.com/es/
Cautious Hero Wiki,http://cautious-hero.fandom.com/
My Talking Tom 2 Wiki,http://my-talking-tom-2.fandom.com/
Parodychaneluniverse Wiki,http://parodychaneluniverse.fandom.com/es/
Stellarweeb Wiki,http://stellarweeb.fandom.com/
Dungeons With Kettle Wiki,http://dungeons-with-kettle.fandom.com/
The Oath Wiki,http://oath.fandom.com/
NieBurdelRp Wiki,http://nieburdelrp.fandom.com/pl/
The Fog вики,http://the-fog.fandom.com/ru/
Paladins of the Realm Wiki,http://paladins-of-the-realm.fandom.com/es/
Hplive Wiki,http://hplive.fandom.com/pl/
Chronicles of Arlon Wiki,http://chronicles-of-arlon.fandom.com/
Happy Heroes Wiki,http://happy-heroes.fandom.com/
American Gods Wiki,http://american-gods.fandom.com/de/
Harkverse Wiki,http://harkverse.fandom.com/
Access Cambridge Wiki,http://access-cambridge.fandom.com/
Glamorous Longterms Wiki,http://glamorous-longterms.fandom.com/
Pamali: Indonesian Folklore Horror Wiki,http://pamali-indonesian-folklore-horror.fandom.com/
Sonic Research Wiki,http://sonic-research-wiki.fandom.com/
Ragnarok: Eternal Love Wiki,http://ragnarok-eternal-love.fandom.com/
Gradual Acension Wiki,http://gradual-acension.fandom.com/