The Federal Republic of Switzerland Roleplay Wiki,http://the-federal-republic-of-switzerland-roleplay.fandom.com/
Seeds Wiki,http://seeds.fandom.com/
Zoo Story 2 Wiki,http://zoo-story-2.fandom.com/
DevryLAS432 Wiki,http://devrylas432.fandom.com/
The Dundaxian Codex Wiki,http://dundaxiancodex.fandom.com/
Cranford Wiki,http://cranford.fandom.com/
Pokemon Amethyst/Topaz/Chaos Crystal Wiki,http://pokemon-amethysttopazchaos-crystal.fandom.com/
Guardian trilogy Wiki,http://guardian-trilogy.fandom.com/
Star Trek: Aventine Adventures Wiki,http://star-trek-aventine-adventures.fandom.com/
Mönchengladbach Wiki,http://monchengladbach.fandom.com/de/
Sluggerpedia- The Mario Baseball Wiki,http://sluggerpedia-the-mario-baseball.fandom.com/
Mrs Women Wiki,http://mrs-women.fandom.com/
Call of duty ideas Wiki,http://call-of-duty-ideas.fandom.com/
15 ans Wiki,http://15ans.fandom.com/
Walking with... Wiki,http://walkingwithseries.fandom.com/
Lovagvár-wiki,http://lovagvar.fandom.com/hu/
The Dark Knight Universe Wiki,http://thedarkknightuniverse.fandom.com/
One Piece Fanon Wiki,http://onepiecefanon.fandom.com/pl/
My Mad Fat Diary Wiki,http://mmfd.fandom.com/
Alvin Maker Wiki,http://alvin-maker.fandom.com/
Ghosts of the Future Wiki,http://ghosts-of-the-future.fandom.com/
Wiki Corrida Doce,http://corridadoce.fandom.com/pt-br/
Iron Man Fanon Wiki,http://ironmanfanon.fandom.com/
Connie & Clyde Wiki,http://vtm-connieenclyde.fandom.com/
Ancient Owl Gaurdians Wiki,http://ancient-owl-gaurdians.fandom.com/
Yvon of the Yukon Wiki,http://yvon-of-the-yukon.fandom.com/
리그오브레전드 심해 위키,http://bronze5.fandom.com/ko/
Przyjaciele z Podwórka Wiki,http://przyjaciele-z-podworka.fandom.com/pl/
Tokyo Xtreme Racer Wiki,http://txr.fandom.com/
Lords moshlings Wiki,http://lords-moshlings.fandom.com/
Backloggery Wiki,http://backloggery.fandom.com/
Noxious RPG Wiki,http://noxiousrpg.fandom.com/
C9 (Continent of the Ninth) Wiki,http://c9latino.fandom.com/
The Awesome Wiki,http://icecream18stuff.fandom.com/
Writing for New Media Wiki,http://writingfornewmedia.fandom.com/
Wiki Etats-generaux,http://etats-generaux.fandom.com/fr/
Restaurants! Wiki,http://restaurantsfranchise.fandom.com/
GüzelbahçebyNight Wiki,http://guzelbahcebynight.fandom.com/
AEIOU Wiki,http://aeiou.fandom.com/
Foul Space Wiki,http://foul-space.fandom.com/
Harry Potter as Mythopoeic Fantasy Wiki,http://harry-potter-as-mythopoeic-fantasy.fandom.com/
RetypeGates Wiki,http://retypegates.fandom.com/
Football Squads Wiki,http://football-squads.fandom.com/
Dont starve Thailand Wiki,http://dont-starve-game.fandom.com/th/
American Imperium Wiki,http://americanimperium.fandom.com/
Wiki SM Entertainment,http://sm-entertainment.fandom.com/es/
Wiki Monstros, S.A.,http://monstros-sa.fandom.com/pt-br/
Super Letter Wiki,http://super-letter.fandom.com/
Mech Mice: Genesis Strike Wiki,http://mech-mice-genesis-strike.fandom.com/
Wonder World Online Wiki,http://wonder-world-online.fandom.com/
Space Story вики,http://space-story.fandom.com/ru/
Tfsoa вики,http://tfsoa.fandom.com/ru/
Lego Teenage Mutant Ninja Turtles Wiki,http://lego-teenage-mutant-ninja-turtles.fandom.com/pl/
Airport City Wiki,http://airport-city.fandom.com/de/
Alicia and Dan's Europe Adventures Wiki,http://aliciaanddanineurope.fandom.com/
RaGeDev Wiki,http://ragedev.fandom.com/
Yummy Candy Wiki,http://yummy-candy.fandom.com/
Crossing Lines Wiki,http://crossing-lines.fandom.com/
Celebrity Burp Wiki,http://celebrity-burp.fandom.com/
Minerpedia Wiki,http://minerpedia.fandom.com/
EW-RPG Wiki,http://everwindrpg.fandom.com/
Wiki Highschool Fiore.,http://highschool-fiore.fandom.com/pt/
Truckload Inc. Wiki,http://truckload-inc.fandom.com/
Wiki Gran Alianza Shinobi,http://gran-alianza-shinobi.fandom.com/es/
LectureNotes App Wiki,http://lecturenotes.fandom.com/
Eri Kitamura Wiki,http://eri-kitamura.fandom.com/
Moshi monsters figures Wiki,http://moshi-monsters-figures.fandom.com/
RepoTheGeneticOpera Wiki,http://repothegeneticopera.fandom.com/
Ariaslegacy Wiki,http://ariaslegacy.fandom.com/
SC2 Tactics Wiki,http://sc2-tactics.fandom.com/
The Pigman, Paul Wiki,http://the-pigman-paul.fandom.com/
MasterKey Wiki,http://masterkey.fandom.com/
Wiki Fairy Tail Fanon,http://fairy-tail-fanon.fandom.com/es/
The Troll Hunter Wiki,http://trollhunter.fandom.com/
Cheesecake, Jr. Wiki,http://cheesecake-jr.fandom.com/
Crownless Lands Wiki,http://crownlesslands.fandom.com/
House Of Noobs Wiki,http://houseofnoobs.fandom.com/
UEFA Wiki,http://uefa.fandom.com/
Celebrity Undies Wiki,http://celeb-undies.fandom.com/
香港動漫文化大典,http://acghk.fandom.com/
Roblox Assault Team Wiki,http://roblox-assault-team.fandom.com/
Vgf Wiki,http://vgf.fandom.com/
Wiki Fairy Tail Wiki en Español,http://fairy-tail-wiki-en-espanol.fandom.com/es/
Tokio-Hotel-Wonderland Wiki,http://tokiohotelwonderland.fandom.com/
İstanbul Kıyamet Vakti Wiki,http://kiyametvakti.fandom.com/tr/
The Bane Of Soards,http://tbos.fandom.com/
L'Arc-en-Ciel Wiki,http://larcenciel.fandom.com/
Keppl Studios Wiki,http://kepplstudios.fandom.com/
수학사전 위키,http://mathdic.fandom.com/ko/
Dragon City Fannon Wiki,http://dragoncityfannon.fandom.com/
Mermaid World Stories Wiki,http://mermaid-world-stories.fandom.com/
Black Rose Clan Wiki,http://blackroseclan.fandom.com/
Bjorn San Juan wiki,http://bjorn-san-juan.fandom.com/af/
Nt Бэтмен Wiki,http://nt-batman.fandom.com/
Mortal Affairs Wiki,http://mortal-affairs.fandom.com/
Hangulized Japanese Wiki,http://hangulized-japanese.fandom.com/ja/
FamilyOfTheStealers Wiki,http://familyofthestealers.fandom.com/
Wiki The Slenderman,http://slendermanwiki.fandom.com/es/
MCCW Wiki,http://mccolonywars.fandom.com/
Armor Wiki,http://armor.fandom.com/