Sverige Wiki,http://sverige.fandom.com/
Peaky Blinders Wiki,http://peaky-blinders.fandom.com/
Wiki War of Demons,http://war-of-demons.fandom.com/es/
POTHS - Pirates of The High Seas Wiki,http://poths-pirates-of-the-high-seas.fandom.com/
Millennium Snow Wiki,http://millennium-snow.fandom.com/
Battle run Wiki,http://battle-run.fandom.com/
Wiki Carus,http://carus.fandom.com/fr/
Wiki Talesofsolarisfr,http://talesofsolarisfr.fandom.com/fr/
Doodle God Polska Wiki,http://doodle-god-polska.fandom.com/pl/
Clash of Clans Test Wiki,http://clashofclanstest.fandom.com/de/
Forever Young Story Wiki,http://forever-young-story.fandom.com/
Hard Time Wiki,http://hard-timegame.fandom.com/
Hello Hero Wiki,http://helloheroo.fandom.com/
Crystal Story II Wiki,http://crystal-story-ii.fandom.com/
Tamachan wiki,http://tamachan.fandom.com/nl/
WarriorCats Wiki,http://warriorcatsdiecats.fandom.com/
Disney destiny Wiki,http://disney-destiny.fandom.com/
Journey Through Nerath Wiki,http://nerath.fandom.com/
Pegasos Fans Art,http://pegasosfans-art.fandom.com/es/
Banjo-Kazooie Series Wiki,http://banjokazooieseries.fandom.com/
Wiki Subarupédia,http://subarupedia.fandom.com/pt/
JBL and Cole Show Wiki,http://jblandcoleshow.fandom.com/
Trove Wiki,http://trove.fandom.com/
Stations of the Cross Wiki,http://wayofthecross.fandom.com/
Sega Pony Championship Wiki,http://sega-pony-championship.fandom.com/
Wiki Martina Stoessel,http://martina-stoessel.fandom.com/fr/
Amodos Wiki,http://amodos.fandom.com/
OZN Wiki,http://ozn.fandom.com/ro/
7 Delicious Fresh Fruit Juices Wiki,http://wot7j.fandom.com/
Wiki DunkyNews,http://dunkynews.fandom.com/fr/
Galaxia Wander Wiki,http://galaxiawander.fandom.com/es/
The In-Crowd Wiki,http://theincrowd.fandom.com/
Prime Numbers Wiki,http://prime-numbers.fandom.com/
Rugrats Fanon Wiki,http://fanon-rugrats.fandom.com/
ZenFrost Wiki,http://zenfrost.fandom.com/
MyCompanies Wiki,http://mycompanies.fandom.com/
Land of the Glowfoxes Wiki,http://land-of-the-glowfoxes.fandom.com/
The GMod Wiki Box Wiki,http://gmodbox.fandom.com/
Serial Violetta V-LOVERS Wiki,http://serial-violetta-vlovers.fandom.com/pl/
Wiki Commerces de Minefield,http://minefieldshops.fandom.com/fr/
Tvd the Next generation Wiki,http://tvd-the-next-generation.fandom.com/
Kocia ferajna Wiki,http://kocia-ferajna.fandom.com/pl/
Crucible Comics Wiki,http://crucible-comics.fandom.com/
Decromancer Wiki,http://decromancer.fandom.com/
DeElderScrolls wiki,http://deelderscrolls.fandom.com/nl/
Yumeloid Wiki,http://vocaloid-revolution.fandom.com/
Teen Marvel Wiki,http://teen-marvel.fandom.com/
Metamyths Wiki,http://metamyths.fandom.com/
Eye Candy Wiki,http://eye-candy.fandom.com/
Algerian Revolution Wiki,http://algerian-revolution.fandom.com/
Uclax Wiki,http://uclax.fandom.com/pl/
Wiki Dragon ball star,http://dragon-ball-star.fandom.com/es/
Dreamweavers Wiki,http://dreamweavers.fandom.com/
Burnout: Paradise Wiki,http://burnout-paradise-game.fandom.com/
Bartender Wiki,http://bartender.fandom.com/de/
Opowiadania Wiki,http://opowiadania.fandom.com/pl/
Camiler Wiki,http://camiler.fandom.com/tr/
Team Chae's World art Wiki,http://team-chaes-world-art.fandom.com/
Dorama вики,http://dorama.fandom.com/ru/
The Gee Wiki,http://the-gee.fandom.com/
Cockroach Wiki,http://cockroach.fandom.com/
The Guild Hunter Series Wiki,http://the-guild-hunter-series.fandom.com/
One-Piece-Fanfiktion Wiki,http://onepiece-fanon.fandom.com/de/
美少女數據庫,http://bishojodata.fandom.com/zh/
Wiki Tomorrow Belongs To Me,http://tomorrow-belongs-to-me.fandom.com/fr/
Wiki Disney Mickey Mouse,http://disney-mickey-mouse.fandom.com/es/
Team Nerd Wiki,http://team-nerd.fandom.com/
Total Drama World Tour Wiki,http://total-drama-world-tour-real.fandom.com/
NickJr.Fanon Wiki,http://nickjrfanon.fandom.com/
The Blockheads Wiki,http://theblockheadsgame.fandom.com/
The Desert Clans Roleplaying Wiki,http://the-desert-clans-roleplaying.fandom.com/
Conroys Wiki,http://conroys.fandom.com/
Wiki Los Aventureros de Miércoles,http://losaventurerosdemiercoles.fandom.com/es/
Wiki Ball,http://ball.fandom.com/es/
RaiderZ NA Wiki,http://raiderz-na.fandom.com/
Gaming All Star Rap Battles Wiki,http://gaming-all-star-rap-battles.fandom.com/
Kaye's Fanon Wiki,http://kayesfanon.fandom.com/
K For Kat Wiki,http://k-for-kat.fandom.com/
MEHMS Wiki,http://mehms.fandom.com/
StuFoPlan Wiki,http://stufoplan.fandom.com/
Lalkopedia Wiki,http://lalkopedia.fandom.com/
Galaxy on Fire 2 Alliances Wiki,http://galaxy-on-fire-2-alliances.fandom.com/
PondersFred Wiki,http://pondersfred.fandom.com/
Arròs Covat Wiki,http://arros-covat.fandom.com/ca/
Oh Happy Day Wiki,http://oh-happy-day.fandom.com/ca/
Other-Life Wiki,http://other-life.fandom.com/
Rooms of Memory Wiki,http://rooms-of-memory.fandom.com/
Holly Hobbie Wiki,http://hollyhobbie.fandom.com/
Wiki Reign France,http://reign-france.fandom.com/fr/
Tinkanddisney Wiki,http://tinkanddisney.fandom.com/
Wiki Solanoverso,http://solanoverso.fandom.com/pt-br/
StarMade вики,http://starmade.fandom.com/ru/
Dream ntm Wiki,http://dream-ntm.fandom.com/
Wiki Multiverso,http://multiverso.fandom.com/pt-br/
Wiki Traspes,http://traspes.fandom.com/es/
Craftsmen and Chimeras Wiki,http://craftsmenandchimeras.fandom.com/
Fakecitys Wiki,http://fakecitys.fandom.com/
Wiki FIFA,http://easportsfifa.fandom.com/es/
Geriatrician's toolkit Wiki,http://geriatricianstoolkit.fandom.com/
Village life Wiki,http://village-life.fandom.com/pl/