Ford Lawn and Garden Tractors Wiki,http://fordgardentractors.fandom.com/
Killing Eve Wiki,http://killingeve.fandom.com/
Returning from the Immortal World Wiki,http://returning-from-the-immortal-world.fandom.com/
Cities community,http://cities.fandom.com/bg/
Stealing the Heavens Wiki,http://stealing-the-heavens.fandom.com/
BigBrotherUKOfficial Wiki,http://bigbrotherukofficial.fandom.com/
Сильными не рождаются вики,http://silnyie.fandom.com/ru/
Realm of Monsters Wiki,http://realm-of-monsters.fandom.com/
Shooting Star Showdown Wiki,http://shooting-star-showdown.fandom.com/
Тёмная Сторона Реальности вики,http://darksideofreality.fandom.com/ru/
Forty Millenniums of Cultivation Wiki,http://forty-millenniums-of-cultivation.fandom.com/
RkadeSouperSweetSquad Wiki,http://rkadesoupersweetsquad.fandom.com/
Leilon Wiki,http://leilon.fandom.com/
Yakuza Wiki,http://yakuza.fandom.com/ru/
Global Wizarding War Roleplay Wiki,http://greater-good-roleplay.fandom.com/
Wiki World of Tanks,http://wot.fandom.com/fr/
Mõhu Rahvusringhääling Viki,http://mohu-rahvusringhaaling.fandom.com/et/
Niisama Viki,http://niisama.fandom.com/et/
Onomastyka literacka Wiki,http://onomastyka-literacka.fandom.com/pl/
World of dragoncraft Wiki,http://world-of-dragoncraft.fandom.com/
Bigbang Wiki,http://bigbangknowledge.fandom.com/es/
生存物语 Wiki,http://survivalmission.fandom.com/zh/
Gravedad Wiki,http://gravedad.fandom.com/es/
W.O.R.L.D.S Builder: Farm & Craft Wiki,http://worlds-sim.fandom.com/
Feed Your Pets Wiki,http://feedyourpets.fandom.com/
Leprechaun Wiki,http://leprechuan.fandom.com/
Sanesy Has No Banana Desu Wiki,http://sanesy-has-no-banana-desu.fandom.com/
Godly Model Creator Wiki,http://godly-model-creator.fandom.com/
Pac Man and the Ghostly Adventures Pedia Wiki,http://pacisbackpedia.fandom.com/
Divided Trust Wiki,http://divided-trust.fandom.com/
El-SkAtE Wiki,http://elskate.fandom.com/es/
Wiki Vetix Club,http://vetix-club.fandom.com/pt-br/
Super Smash Bros. Meme Wiki,http://supersmashbrosmeme.fandom.com/
Wiki Rimworld,http://wiki-rimworld.fandom.com/es/
EdwarPlay Wiki,http://edwarplay.fandom.com/es/
The Conqueror's Saga Wiki,http://the-conquerors-saga.fandom.com/
Azure's Article Grounds,http://aag.fandom.com/
PrincessCallyie Wiki,http://princesscallyie.fandom.com/
Hyperuranion Wiki,http://hyperuranion.fandom.com/
The Kuroninja Wiki,http://the-kuroninja.fandom.com/
Roblox Easter Egg Simulator Wiki,http://roblox-easter-egg-simulator.fandom.com/
Hyperion-Blue-GT's TD World Wiki,http://hyperionbluegts-td-world.fandom.com/
SCP - Containment Breach Wiki,http://scp-containmentbreach.fandom.com/es/
Voltron Wiki,http://voltron.fandom.com/es/
Above the Sky Wiki,http://up-above-the-sky.fandom.com/
The Arcadan Belt Wiki,http://the-arcadan-belt.fandom.com/
Weird Suns and Wars Wiki,http://weird-suns-and-wars.fandom.com/
Michal Wikia,http://michal.fandom.com/cs/
Alchemy Emperor of The Divine Dao Wiki,http://alchemy-emperor-of-the-divine-dao.fandom.com/
Muffin's Big Brother Roblox Wiki,http://muffins-big-brother-roblox.fandom.com/
Triple Crown Wiki,http://triple-crown.fandom.com/
Trick Ogre Movies Wiki,http://trick-ogre-movies.fandom.com/
Chinezistan wiki,http://chinezistan.fandom.com/nl/
Wiki Rato Royale,http://rato-royale.fandom.com/pt-br/
The Karson Movie Wiki,http://the-karson-movie.fandom.com/
Farm Together Wiki,http://farmtogether.fandom.com/
Wiki Pokeclub - Desafiantes Bahia,http://pokeclub-desafiantes-bahia.fandom.com/pt/
Andrasa Wiki,http://andrasa.fandom.com/
Hooked on a Feeling Infinity War Wiki,http://hooked-on-a-feeling-infinity-war.fandom.com/
Nonosborrenlapag Wiki,http://nonosborrenlapag.fandom.com/es/
The Sea-Coast-RP Wiki,http://sea-coast-rp.fandom.com/
Choose Wisely Wiki,http://choose-wisely.fandom.com/
Kabaret Na Skoczni Wiki,http://kabaret-na-skoczni.fandom.com/pl/
Cats 3 вики,http://cats-3.fandom.com/ru/
Celeste Overachiever Wiki,http://celeste-overachiever.fandom.com/
Drilla Game Wiki,http://drillagame.fandom.com/
Воители Радиации вики,http://voiteliradiacii.fandom.com/ru/
NBC's Timeless Wiki,http://nbcs-timeless.fandom.com/
Pursuit of the Truth Wiki,http://pursuit-of-the-truth.fandom.com/
Wiki Esportes5b,http://esportes5b.fandom.com/pt-br/
Europa Universalis IV Türkçe Wikia,http://eu4.fandom.com/tr/
Alphabet Wiki,http://orient-express.fandom.com/
Uncle Scrooge Wiki,http://unclescrooge.fandom.com/
Cookie's Ocs Wiki,http://cookies-ocs.fandom.com/
Wiki Televisão5A,http://televisao5a.fandom.com/pt-br/
Sweden Wiki,http://sweden.fandom.com/
Creative Media Work Wiki,http://creative-media-work.fandom.com/
Disney Junior Wiki,http://disney-junior.fandom.com/es/
The Redlands Wiki,http://the-redlands.fandom.com/
地球立キチガイ学園へようこそ Wiki,http://kichigaigakuen.fandom.com/ja/
Xterium: War of Alliances вики,http://xterium-war-of-alliances.fandom.com/ru/
New Logofanonpedia Wiki,http://new-logofanonpedia.fandom.com/
Starlit Age Wiki,http://starlit-age.fandom.com/
Deep Sky Derelicts Wiki,http://deepskyderelicts-archive.fandom.com/
AngryBirdsMovies Wiki,http://angrybirdsmovies.fandom.com/
SAO Erondino,http://sao-erondino.fandom.com/pt-br/
Lexetius Wiki,http://lexetius.fandom.com/es/
Mithral Hall Wiki,http://mithral-hall.fandom.com/
Wiki Mundos de Mirr,http://mundosdemirr.fandom.com/pt-br/
Steven Universe Fanon (Ashs882007) Wiki,http://steven-universe-fanon-ashs882007.fandom.com/
Kingdom of Odazan Wiki,http://odazan.fandom.com/
Hair Bear Bunch Wiki,http://hairbearbunch.fandom.com/
The Mystery Files of Detective Inaba Wiki,http://the-mystery-files-of-detective-inaba.fandom.com/
School of Rock: The Musical Wiki,http://schoolofrockmusical.fandom.com/
Dynamons Wiki,http://dynamon.fandom.com/
Fantasy Hockey League (FHL) Wiki,http://fantasy-hockey-league-fhl.fandom.com/
Applesauce Vat Official Wiki,http://applesauce-vat-official.fandom.com/
Caged Heat Wiki,http://cagedheat.fandom.com/
La comunicacion Wiki,http://la-comunicacion.fandom.com/es/
Longboard Polska Wiki,http://lbpl.fandom.com/pl/