Sky Kingdoms Wiki,http://sky-kingdoms.fandom.com/
JMC Blue Dwarf Wiki,http://jmc-blue-dwarf.fandom.com/
Yong Heng Zhi Zun Wiki,http://yong-heng-zhi-zun.fandom.com/
Roblox Egg Farm Simulator Wiki,http://roblox-egg-farm-simulator.fandom.com/
Edited Haven Wiki,http://edited-haven.fandom.com/
The Floods Wiki,http://the-floods.fandom.com/
超能力魔美 Wiki,http://espermami.fandom.com/zh/
Last Craft Survival Wiki,http://lastcraft.fandom.com/
巴哈百科,http://bahapedia.fandom.com/zh/
Wiki Rick e Morty,http://rick-e-morty.fandom.com/pt-br/
County Bluff Wiki,http://county-bluff.fandom.com/
Ben10Crew Wiki,http://ben10crew.fandom.com/
Stargirl Wiki,http://stargirl.fandom.com/
Flags I found Wiki,http://flags-i-found.fandom.com/
One night at fredbear and friends Wiki,http://one-night-at-fredbear-and-friends.fandom.com/
Herbia Wiki,http://herbia.fandom.com/pl/
Roblox Undertale Monster Mania Wiki,http://roblox-undertale-monster-mania.fandom.com/
DDREMAKEWW Wiki,http://ddremakeww.fandom.com/
Home And Away (1988 To Today) Wiki,http://homeandaway1988totoday.fandom.com/
Wiki Titans,http://titans.fandom.com/fr/
Alternateunitedstateselections Wiki,http://alternateunitedstateselections.fandom.com/
Wiki Danatopia,http://danatopia.fandom.com/fr/
Avanaria community,http://avanaria.fandom.com/sl/
Wiki Criminal case TownBourgh,http://criminal-case-townbourgh.fandom.com/fr/
Modelos de Evaluación de Recursos Digitales Wiki,http://modelos-de-evaluacion-de-recursos-grupo6.fandom.com/es/
Ryan Potter Wiki,http://ryanpotter.fandom.com/
Outpost Zero Wiki,http://outpost-zero.fandom.com/
CABRA Wiki,http://cabra.fandom.com/
某異世界公會 Wiki,http://toaruisekai.fandom.com/zh/
StoryFire Wiki,http://storyfire.fandom.com/
Gardening Simulator Wiki,http://gardening-simulator.fandom.com/
CandyCharming Wiki,http://candycharming.fandom.com/
Radsport Wiki,http://radsport.fandom.com/de/
Wiki Mito da Criação,http://mito.fandom.com/pt-br/
水族宠物 Wiki,http://shuizuchongwu.fandom.com/zh/
Trials of Heroes Wiki,http://trials-of-heroes.fandom.com/
JurassicWorld TheGame вики,http://jurassicworld-thegame.fandom.com/ru/
Katies stories??? Wiki,http://katies-stories.fandom.com/
The Warren Show Wiki,http://the-warren-show.fandom.com/
Firstdndcamp Wiki,http://firstdndcamp.fandom.com/
Gupples Hunt Wiki,http://gupples-hunt.fandom.com/
Contact 1796 Wiki,http://contact-1796-4.fandom.com/
Australian Epitaphs Wiki,http://australian-epitaphs.fandom.com/
The Kitty Cat Wiki,http://tkcw.fandom.com/
SO1 Instalacion Debian Wiki,http://so1-instalacion-debian.fandom.com/es/
Sweet Dreams Official Wiki,http://sweetdreamsofficial.fandom.com/
Lucky Lapine v2 Wiki,http://luckylapine2.fandom.com/
Gladiator Rising: Roguelike RPG Wiki,http://gladiator-rising-roguelike-rpg.fandom.com/
Planet of the Apes Wiki,http://theplanetoftheapes.fandom.com/
The End Trilogy Wiki,http://the-end-trilogy.fandom.com/
Hebertia Wiki,http://hebertia.fandom.com/pl/
Universe of Sar Wiki,http://universe-of-sar.fandom.com/
Wychmire Wiki,http://wychmire.fandom.com/
Gantz Wiki,http://gantz.fandom.com/pl/
Fredbear and Friends: Left To Rot Wiki,http://fredbear-and-friends-left-to-rot.fandom.com/
Lixariz Wiki,http://lixariz.fandom.com/
Clear Midsummer Night Wiki,http://clear-midsummer-night.fandom.com/
Aotrfan Wiki,http://aotrfan.fandom.com/
Death God System Wiki,http://death-god-system.fandom.com/
MSE Wiki,http://mse.fandom.com/es/
Commander Clark Wiki,http://commander-clark.fandom.com/
OasisDnD Wiki,http://oasisdnd.fandom.com/
DnDWithin Wiki,http://dndwithin.fandom.com/
Wikia Warcraft Việt Nam,http://warcraft.fandom.com/vi/
La Rosa De Guadalupe Wiki,http://la-rosa-de-guadalupe.fandom.com/
Телерадиословарь вики,http://tvradio.fandom.com/ru/
Super Powers and Abilities Wiki,http://super-powers-and-abilities.fandom.com/
País de Felida Wiki,http://pais-de-felida.fandom.com/es/
Magical Longterms Wiki,http://magical-longterms.fandom.com/
TartanDolphin11's Wiki,http://tartandolphin11s.fandom.com/
Fraternal Twins Wiki,http://fraternal-twins.fandom.com/
The Adventures of House Highdown Wiki,http://highdown.fandom.com/
CastleMac Wiki,http://castlemac.fandom.com/
PPS Wiki,http://pps.fandom.com/pl/
Starship Roleplay Wiki,http://starship-chronicles.fandom.com/
The Stuingtion And Hiatt Grey Cinematic Universe Wiki,http://the-stuingtion-and-hiatt-grey-cinematic-universe.fandom.com/
The Land Between the Desert and the Ice Wiki,http://desert-and-ice.fandom.com/
Egg Farming Simulator Wiki,http://egg-farming-simulator.fandom.com/
Teenage Mutant Ninja Turtles Parodies Wiki,http://teenage-mutant-ninja-turtles-parodies.fandom.com/
Dex Dizznee Appreciation Wiki,http://dex-dizznee-appreciation.fandom.com/
Dross Wiki,http://dross.fandom.com/
Testing Wiki,http://testingfornothing.fandom.com/
RPGs Wiki,http://not-jap.fandom.com/ja/
CoralPenguin Wiki,http://coralpenguin.fandom.com/
RNGenesis Wiki,http://rngenesis.fandom.com/
Tales of Varisia Wiki,http://tales-of-varisia.fandom.com/
Carefree Path Of Dreams Wiki,http://carefree-path-of-dreams.fandom.com/
Fanmade Battleborn Concepts Wiki,http://fanmade-battleborn-concepts.fandom.com/
The Escades Wiki,http://the-escades.fandom.com/
Jo Cox Wiki,http://jo-cox.fandom.com/
Plutonian Test Lab вики,http://plutonian-test-lab.fandom.com/ru/
Exopolitics Wiki,http://exopolitics.fandom.com/
One With The Shadows Wiki,http://one-with-the-shadows.fandom.com/
Dark Frontier Wiki,http://darkfrontier.fandom.com/
Association of Mutants Wiki,http://association-of-mutants.fandom.com/
Devast.io Wiki,http://devastio.fandom.com/
Выживанка вики,http://vizhivanka-survival.fandom.com/ru/
點擊英雄2 Wiki,http://clicker-heroes-two.fandom.com/zh/
Marvel Cinematic Universe (Films) Wiki,http://marvel-cinematic-universe-films.fandom.com/
SC2GemTD Wiki,http://sc2gemtd.fandom.com/
Relationship Wiki,http://romanticrelationship.fandom.com/
Wiki Fan du Monde Incroyable de Gumball,http://gumballfan.fandom.com/fr/
Ostoja Wiki,http://ostojawow.fandom.com/pl/
Insatiable Wiki,http://insatiable.fandom.com/
TDW2:Burst Wiki,http://tdw2-burst.fandom.com/
Seven Senses of the Re'Union Wiki,http://seven-senses-of-the-reunion.fandom.com/
Wiki La Nuit Éternelle,http://la-nuit-eternelle.fandom.com/fr/
Fozo Universe! Wiki,http://fozo-universe.fandom.com/
Paleo Media Wiki,http://paleo-media.fandom.com/
New Frontiers Wiki,http://newfrontiers.fandom.com/
Criminal Offenders Wiki,http://criminal-offenders.fandom.com/
SupremeObsidian Wiki,http://supremeobsidian.fandom.com/
5thAge Wiki,http://5thage.fandom.com/
Mount Everest Climbing Roleplay Wiki,http://mounteverestclimbingroleplay.fandom.com/
Roblox Ghouls : Bloody Nights Wiki,http://roblox-tokyo-ghoul-bloody-nights.fandom.com/
Elfband Wiki,http://elfband.fandom.com/
Anime Cinematic Universe Wiki,http://anime-cinematic-universe.fandom.com/
Lasima Wiki,http://historyoflasima.fandom.com/
Another Story: Famana Wiki,http://famanacontinuation.fandom.com/
Comedias Mexicanas Wiki,http://comedias-mx.fandom.com/es/
Sekirei - The Wings of Love Wiki,http://sekirei-the-wings-of-love.fandom.com/
Plants vs. Zombies Adventures Wiki,http://plants-vs-zombies-adventures.fandom.com/
Barwy szczęścia Wiki,http://barwy-szczescia.fandom.com/pl/
Hangout Ball Wiki,http://hangout-ball.fandom.com/
Opie Wiki,http://opie.fandom.com/
Andrewjohn100 Wiki,http://andrewjohn100.fandom.com/
Mowund,http://mowund.fandom.com/pt-br/
Sdcomps Wiki,http://sdcomps.fandom.com/
The From Knapford to Vicarstown Wiki,http://the-from-knapford-to-vicarstown.fandom.com/
Dude Cops Wiki,http://dudecops.fandom.com/
Rat Movie Wiki,http://rat-movie.fandom.com/
WanWan MonoGatari Wiki,http://wanwan-monogatari.fandom.com/
Exoris Wiki,http://exoris.fandom.com/
Identity V Wiki,http://identity-v.fandom.com/
Tommy Robbins and the Underground Robbery Wiki,http://tommy-robbins-and-the-underground-robbery.fandom.com/
Scribes of Thoth Wiki,http://scribes-of-thoth.fandom.com/
Ultimate Wrestling Federation Wiki,http://ultimatewrestlingfederation.fandom.com/
Silent Killer Wiki,http://silent-killer.fandom.com/
DOOM: Reawakened Wiki,http://doom-reawakened.fandom.com/
MicromonAdventures Wiki,http://micromonadventures.fandom.com/
Sirius the Jaeger Wiki,http://sirius-the-jaeger.fandom.com/
Chess Tiger Wiki,http://chess-tiger.fandom.com/
Smallville Fanon Wiki,http://smallville-fanmade.fandom.com/
Gray hat cheatsheet Wiki,http://gray-hat-cheatsheet.fandom.com/
Quest Friends Wiki,http://quest-friends.fandom.com/
Red HQ Wiki,http://red-hq.fandom.com/
Ace's Arrowverse Wiki,http://aces-arrowverse.fandom.com/
Wiki Gemaplys,http://gemaplys.fandom.com/pt-br/
Dream of Wings вики,http://dream-of-wings.fandom.com/ru/
Base Wars the Land Wiki,http://base-wars-the-land.fandom.com/