Beasts of Alumanoth Wiki,http://beasts-of-alumanoth.fandom.com/
365days Wiki,http://365days.fandom.com/
Julia's Kawaii & Cute World Wiki,http://julias-kawaii-cute-world.fandom.com/
Roleplay Universe Wiki,http://roleplay-universe.fandom.com/
Ave Xia Rem Y Wiki,http://ave-xia-rem-y.fandom.com/
Lucent Spire Wiki,http://lucent-spire.fandom.com/
Heliosphere 2265 Wiki,http://heliosphere-2265.fandom.com/de/
Novelian Encyclopedia,http://novelian-encyclopedia.fandom.com/
Margonem Wiki,http://margonem.fandom.com/pl/
Wiki Marvel Wall fanfiction,http://marvel-wall-fanfiction.fandom.com/fr/
Piston Cup (Dordietom's Universe) Wiki,http://piston-cup-dordietoms-universe.fandom.com/
JoshArkenLogo Wiki,http://josharkenlogo.fandom.com/
Wyrmroost Wiki,http://wyrmroost.fandom.com/
National Comics Wiki,http://kaz-national-comics.fandom.com/
The Grandmaster's Fanmade Wiki,http://the-grandmasters-fanmade.fandom.com/
Teen Oz Wiki,http://teen-oz.fandom.com/
Purgo box Wiki,http://purgobox.fandom.com/
Slime Time CMP Wiki,http://slime-time-cmp.fandom.com/
Wiki Last hero,http://last-her0.fandom.com/es/
Wiki Aneres,http://aneres.fandom.com/pt-br/
Sans AU Fight Resort Wiki,http://sans-au-fight-resort.fandom.com/
Little Mix Wiki,http://little-mix-events.fandom.com/
MCBRR Wiki,http://mcbr.fandom.com/
Legal ROMs Wiki,http://legal-roms.fandom.com/
Town-9 Wiki,http://combinegreatbritain.fandom.com/
Caelum Wiki,http://aforeverchangingfate.fandom.com/
VS Mini Inv Wiki,http://mini-inv-fnf-mod.fandom.com/
Fragments of the Past Wiki,http://fragments-of-the-past.fandom.com/
Battle For 8 Dollars Wiki,http://bf8d.fandom.com/
Every Dead Thing Wiki,http://every-dead-thing.fandom.com/
ATB Arena вики,http://atb-arena.fandom.com/ru/
PopIndustry Wiki,http://popindustry.fandom.com/
Exterior Wiki,http://exterior.fandom.com/
Dark Sky Wiki,http://dark-sky-on-scratch.fandom.com/
Dakaren Wiki,http://dakaren.fandom.com/
Happy Paws Blog Wiki,http://happy-paws-blog.fandom.com/
Design39 Wiki,http://d39.fandom.com/
Animosity Coalition's Monitoring Initiative Wiki,http://acm-initiative.fandom.com/
The Chart Wiki,http://syzygies.fandom.com/
Wiki Serei Dobutsu no Bannin,http://serei-dobutsu-no-bannin.fandom.com/es/
Sailormoon Wiki,http://sailormoon.fandom.com/he/
The Lads Wiki,http://the-ladsverse.fandom.com/
Enlisted (BiZhan) Wiki,http://enlisted-bizhan.fandom.com/
SpiderHeck Wiki,http://spiderheck.fandom.com/
Wiki Gardiens des Âmes,http://gardiens-des-ames.fandom.com/fr/
GeneralAZ Wiki,http://generalaz.fandom.com/
Stroemung - Rauschen - Reihe Wiki,http://stroemung-rauschen-reihe.fandom.com/de/
Ehryen Wiki,http://ehryen.fandom.com/
Lost Within Wiki,http://lost-within.fandom.com/
Tailvile.Xyz Wiki,http://tailvile.fandom.com/
Lawrentar вики,http://lawrentar.fandom.com/ru/
八四往事 Wiki,http://eight-of-four-history.fandom.com/zh/
フリー状態 Wiki,http://free-ziyotai.fandom.com/ja/
Family Affairs Wiki,http://familyaffairs.fandom.com/
Pax Universi Wiki,http://pax-universi.fandom.com/
I Just Won't Play By The Book Wiki,http://i-just-wont-play-by-the-book.fandom.com/
Amalgam Comeback Wiki,http://amalgam-comeback.fandom.com/
SEAROUL Wiki,http://searoul.fandom.com/
Yuunaverse Wiki,http://multi-omniverse-writer.fandom.com/th/
Ucp-internal-test-oskar Wiki,http://ucp-internal-test-oskar.fandom.com/
일렉시드 위키,http://eleceed.fandom.com/ko/
Cazanoth Wiki,http://cazanoth.fandom.com/
Byen Wiki,http://byen.fandom.com/
Ucp internal test interwikis Wiki,http://ucp-internal-test-interwikis.fandom.com/pl/
Interwiki test Wiki,http://ucp-internal-test-interwikis.fandom.com/
Bonjour Suzuki Wiki,http://bonjoursuzuki.fandom.com/
Escape The Darkness Wiki,http://escape-the-darkness.fandom.com/
4X4 STUDIO Wiki,http://4x4studio.fandom.com/
Obamium Wiki,http://obamium.fandom.com/
Arch-nemesis's rayman au (ill think of a name someday) Wiki,http://archnemesiss-rayman-au-ill-think-of-a-name-someday.fandom.com/
Nirn Almanach Wiki,http://nirn-almanach.fandom.com/de/
Spag Online Wiki,http://spag.fandom.com/
Lancerpedia Wiki,http://lancerpedia.fandom.com/
ABCya Wiki,http://abcya.fandom.com/
Wiki ContinentalRP,http://continentalrp.fandom.com/fr/
Epiphone Wiki,http://epiphone.fandom.com/
Same People But Not Really Wiki,http://spbnr.fandom.com/
Wiki Free fire celebridades,http://free-fire-celebridades.fandom.com/pt-br/
Arthur Reed Wiki,http://arthur-reed.fandom.com/
Phasmophobia Wiki,http://phasmophobia.fandom.com/it/
Cards & Tankards Wiki,http://cardsandtankards.fandom.com/
Gysandria Wiki,http://gysandria.fandom.com/
Unofficial SpartanMazdapedia Wiki,http://uspm.fandom.com/
SKBU Wiki,http://skbu.fandom.com/
Sonic Games Twitter Wiki,http://sonic-games-twitter.fandom.com/
DestinyWithLight2000 Wiki,http://dwl2000.fandom.com/
Redmatch 2 вики,http://redmatch-2.fandom.com/ru/
Grendel Wiki,http://grendel.fandom.com/
Cinder Modded Wiki,http://cinder-modded.fandom.com/
Overgeared Webtoon Wiki,http://overgeared-webtoon.fandom.com/
Central City Metro Wiki,http://central-city-metro.fandom.com/
Halcorium вики,http://halcorium.fandom.com/ru/
Big Brother Experiment Seasons Wiki,http://big-brother-experiment-seasons.fandom.com/
NorthMedia Wiki,http://northmedia.fandom.com/
Ragnarok the Fractured Realms Wiki,http://rotfr.fandom.com/
Richmond Wiki,http://skyler-richmond.fandom.com/
Alice's Wonderland Bakery Wiki,http://alices-wonderland-bakery.fandom.com/
The spyderverse Wiki,http://notaspy.fandom.com/
Wiki Idiomas kure,http://idiomaskure.fandom.com/es/
Money simulator X Wiki,http://money-simulator-x.fandom.com/