Oninaki Wiki,http://oninaki.fandom.com/
Eastshade Wiki,http://eastshade.fandom.com/
Official LBR Wiki,http://le-bote-rebooted-wiki.fandom.com/
Modding Cooperative Hoi4 Wiki,http://mod-coop-hoi4.fandom.com/
Avec tout mon cœur Wiki,http://avec-tout-mon-coeur.fandom.com/
Bear Nuts Wiki,http://bearnuts.fandom.com/
Girls Garrison Wiki,http://girls-garrison.fandom.com/
ObjectUnderWorld Wiki,http://objectunderworld.fandom.com/
Just Shapes and Beats Fanon Wiki,http://just-shapes-and-beats-fanon.fandom.com/
Habilidades Digitales UPEM Wiki,http://habilidades-digitales-upem.fandom.com/es/
ROBLOX's Deep Ocean Wiki,http://robloxs-deep-ocean.fandom.com/
Cine Mexicano Wiki,http://cine-mexicano.fandom.com/es/
Insidious Corporation Wiki,http://insidious-corporation.fandom.com/
Norsednd Wiki,http://norsednd.fandom.com/
What Happened to Monday Wiki,http://whathappenedtomonday.fandom.com/
Object Shapes Wiki,http://objectshapes.fandom.com/
Растения Авторов против Зомби вики,http://335343wiki.fandom.com/ru/
Alex Adventure Archives Wiki,http://alex-adventure-archives.fandom.com/
Multiversal statitistics Wiki,http://multiversal-statitistics.fandom.com/
Identity Fraud Wiki,http://identity-fraud-wiki-roblox.fandom.com/
The Hound's Den Wiki,http://the-hounds-den.fandom.com/
Infinite Adventures Wiki,http://infinite-adventures.fandom.com/
Den næste verden Wikia,http://den-naeste-verden.fandom.com/da/
Icarus classic вики,http://icarus-classic.fandom.com/ru/
Ручей Крейга вики,http://river-of-kreyg.fandom.com/ru/
Umbria D&D Wiki,http://umbria-dnd.fandom.com/
Krunker.io Wiki,http://krunkerio.fandom.com/es/
Aidoru Jigoku Wiki,http://aidoru-jigoku.fandom.com/
Nitro Type Teams Wiki,http://teams-of-nitro-type.fandom.com/
Telephony-Networking Wiki,http://telephonynetworking.fandom.com/
Techdo Wiki,http://techdo.fandom.com/
Roblox Blood moon tycoon Wiki,http://roblox-blood-moon-tycoon.fandom.com/
Crappynintendo Wiki,http://crappynintendo.fandom.com/
Profesor Luis Wiki,http://profesor-luis.fandom.com/es/
RecordCollector1972 Wiki,http://recordcollector1972.fandom.com/
Foxfire Wiki,http://foxfire.fandom.com/
Cuchi Wiki,http://cuchi.fandom.com/
Fizzy Wiki,http://fizzy.fandom.com/
Wiki Elements,http://elements.fandom.com/fr/
Test Wiki for Testing Things Wiki,http://test-wiki-for-testing-things.fandom.com/
Dccdccdc Wiki,http://ryans.fandom.com/
Byd Wiki,http://byd.fandom.com/
Classroom Fantasy Wiki,http://classroom-fantasy.fandom.com/
Shape Wiki,http://shape.fandom.com/
Summus Proelium Wiki,http://summus-proelium.fandom.com/
Generic Fantasy Setting #17735 Wiki,http://generic-fantasy-setting-17735.fandom.com/
Leana și Costel Wikia community,http://leana-si-costel-wikia.fandom.com/ro/
Dai Dark Wiki,http://daidark.fandom.com/
Wiki A Rosa dos Milagres,http://a-rosa-dos-milagres.fandom.com/pt-br/
DSRRed Wiki,http://dsrred.fandom.com/
Butterflyunicorn's Triversal Wiki,http://butterflyunicorns-triversal.fandom.com/
Parad0x's Wiki,http://parad0xical.fandom.com/
Superhero Webcomics Wiki,http://superherowebcomics.fandom.com/
Deltarune Español Wiki,http://deltarune-espanol.fandom.com/es/
The Divine Dungeon Wiki,http://the-divine-dungeon.fandom.com/
-nightflight-versel- Wiki,http://nightflightversel.fandom.com/
Dystopian Diplomacy Wiki,http://dystopiandiplomacy.fandom.com/
Home Base Wiki,http://home-base.fandom.com/
Project Twilight,http://projecttwilight.fandom.com/
Super Mario Fightoffs Wiki,http://super-mario-fightoffs.fandom.com/
Andrew's Longterm Wiki,http://andrews-longterm.fandom.com/
Loquenderos-Menores Wiki,http://loquenderosmenores.fandom.com/es/
Cottontail Wiki,http://cottontail.fandom.com/
Top-Eleven Wiki,http://top-eleven.fandom.com/
Doctor Who Tardis Flight Classic Roblox Wiki,http://doctor-who-tardis-flight-classic-roblox.fandom.com/
SailorScout Wiki,http://sailorscout.fandom.com/
Wiki Les Personnages de Fiction,http://les-personnages-de-fiction.fandom.com/fr/
Mythology High Wiki,http://mythologyhigh.fandom.com/
Wiki Happy Birthdead,http://happy-birthdead.fandom.com/fr/
My Roommate is a Cat Wiki,http://my-roommate-is-a-cat.fandom.com/
The adventures of phead Wiki,http://the-adventures-of-phead.fandom.com/
Blind Eternities Wiki,http://blind-eternities.fandom.com/
Best TV Shows Wiki,http://best-tv-shows.fandom.com/
Wiki Le jeu,http://le-jeu.fandom.com/fr/
The Dummy's Dummy Wiki,http://the-dummys-dummy.fandom.com/
Thomas' Equestrian Adventures Wiki,http://thomas-equestrian-adventures.fandom.com/
Malazská kronika community,http://malazska-kronika.fandom.com/sk/
Wiki Albinisme,http://albinisme.fandom.com/fr/
Mux Wiki,http://mux.fandom.com/
Wiki Vitor básicos em educação e aprendizagem,http://vitor-basicos-em-educacao-e-aprendizagem.fandom.com/pt-br/
Период полураспада вики,http://ageofdecay.fandom.com/ru/
Reflexiones Nostalgia Wiki,http://reflexiones-nostalgia.fandom.com/es/
The Cursed Lands: reborn вики,http://the-cursed-lands-reborn.fandom.com/ru/
Malevolent's Liar Wiki,http://malevolents-liar.fandom.com/
Wiki Les Trois Frères (lgdc),http://les-trois-freres-lgdc.fandom.com/fr/
Sodor Stories of Chaos Wiki,http://sodor-stories-of-chaos.fandom.com/
Wiki Lovesick - Yandere Simulator,http://lovesick-yandere-simulator.fandom.com/fr/
Titan Academy Wiki,http://titanacademy.fandom.com/
Test Wiki,http://testzarazusune.fandom.com/pl/
Machadeision Wiki,http://machadeision.fandom.com/es/
Evalis Living World Wiki,http://evalis-living-world.fandom.com/
Astral Chain Wiki,http://astralchain.fandom.com/
Webcomic Database Wiki,http://webcomic-database.fandom.com/
Disney Vinylmations Wiki,http://disneyvinylmations.fandom.com/
ZeldaVerse RP World Wiki,http://zeldaverserp.fandom.com/
Michael's Refurbished CLG Wiki,http://mrclg.fandom.com/
Velitalia Wiki,http://kingdomofvelitalia.fandom.com/
Wikijosephadv Wiki,http://wikijosephadv.fandom.com/
Official Criffon Cards Wiki,http://official-criffon-cards.fandom.com/
IfYouBridgeTheSeas Wiki,http://ifyoubridgetheseas.fandom.com/