Nextbots Ultimate Wiki,http://nextbots-ultimate-offical.fandom.com/
Alternated Dimensional Lostwaves Wiki,http://alternated-dimensional-lostwaves.fandom.com/
Blank space Wiki,http://blank-space.fandom.com/
TeenNicktoonstory Archives Wiki,http://teennicktoonstory.fandom.com/
Robots VS Humans Wiki,http://robots-vs-humans.fandom.com/
Doodle World Fanon Wiki,http://doodle-world-fanon.fandom.com/
Friendship Hq Wiki,http://friendship-hq.fandom.com/
Benjamin em poucas palavras Wiki,http://benjamin-em-poucas-palavras.fandom.com/pt-br/
Baydırman Tiers Wiki,http://baydirman-tiers.fandom.com/
Demo Verse Wiki,http://demo-verse.fandom.com/
Deperson Wiki,http://deperson.fandom.com/
VKVerse Вики,http://vkverse.fandom.com/ru/
Conan Gray Wiki,http://conangray.fandom.com/pl/
Mapa Imperiów Wiki,http://mapa-imperiow.fandom.com/pl/
Airplane Simulator Wiki,http://airplane-simulator.fandom.com/
TheGalaxyMisfitsAdventures Wiki,http://thegalaxymisfitsadventures.fandom.com/
Trop1cal's Towers Official Wiki,http://trop1cals-towers-official.fandom.com/
Semirplus Wiki,http://semirplus.fandom.com/zh/
Sandwiches Roblox Wiki,http://sandwiches-roblox.fandom.com/
SMLFANON Wiki,http://smlfanonw.fandom.com/
Halo Potter Wiki,http://hhp.fandom.com/
Cinema SMP Wiki,http://cinema-smp.fandom.com/
Логопедия Фанон Вики,http://logos-fanon.fandom.com/ru/
Everlasting Life Wiki,http://everlasting-life.fandom.com/
Sona lasin Wiki,http://sona-lasin.fandom.com/
Robot apocalpyse Wiki,http://robot-apocalpyse.fandom.com/
01001100 01001001 01000110 01000101 Wiki,http://01001100-01001001-01000110-01000101.fandom.com/
Мега пиксели Вики,http://pixel-overlord.fandom.com/ru/
Wiki FMVTV,http://fmvtv.fandom.com/es/
Wiki Bibli-Conocimientos,http://bibliconocimientos.fandom.com/es/
Paul's Bubble Gum Simulator: Freshly Baked Wiki,http://pauls-bubble-gum-simulator.fandom.com/
BTV Survivor Wiki,http://btv-survivor.fandom.com/
Baldi's Basics: The Chaotic Randomness Wiki,http://bbtcr.fandom.com/
DONATE Rng Wiki,http://donate-rng.fandom.com/
Kaiju horde Wiki,http://kaiju-horde.fandom.com/
NGC/IC Catalogues Wiki,http://ngcic-catalogues.fandom.com/
Lexipedia Wiki,http://lexipedia.fandom.com/
BreachedZ Wiki,http://breachedz.fandom.com/
Snack World Wiki,http://snack-worldteam-snacks.fandom.com/
XENA’S DIARY Wiki,http://xenas-diary.fandom.com/
Outlaws of Robloxia Wiki,http://offical-outlaws-of-robloxia.fandom.com/
TheGanonMaster's Sprout Fantasy Schedule Archives Wiki,http://theganonmasters-sprout-fantasy-schedule-archives.fandom.com/
ATENA SMP Wiki,http://atena-smp.fandom.com/
Passerine Project Wiki,http://passerine-project.fandom.com/
Project Blue Comet Wiki,http://project-blue-comet.fandom.com/
SPAAPLP Wiki,http://spaaplp.fandom.com/
ONE: Far From Almighty Wiki,http://one-far-from-almighty.fandom.com/
WorldofGeneva Wiki,http://worldofgeneva.fandom.com/
Thiago Humberto Wiki,http://thiago-humberto.fandom.com/pt-br/
HoneyLily Wiki,http://honeylily.fandom.com/
Simple Sandbox 1/2/3 Wiki,http://simple-sandbox-123.fandom.com/
Savcistan Wikia,http://savcistan.fandom.com/tr/
MapCraft Wiki,http://mapcraft.fandom.com/pl/
Recon Team Angel Wiki,http://recon-team-angel.fandom.com/
Wiki Mythologie forstiène,http://mythologie-forstiene.fandom.com/fr/
Вікі Фанон Рослини проти Зомбі,http://fanon-plants-versus-zombies.fandom.com/uk/
SMM Wiki,http://smm.fandom.com/
Popka Mamonta Вики,http://popka-mamonta.fandom.com/ru/
Choppin Simulator Wiki,http://choppin-simulator.fandom.com/
KGMS Wiki,http://kgms.fandom.com/pt-br/
Prism Academy Wiki,http://prismacademy.fandom.com/
Pokémon Metal Malachite Wiki,http://pokemon-metal-malachite.fandom.com/
Pedroj234 Gaming centre Wiki,http://pedroj234-gaming-centre.fandom.com/
Alessandra Hazard Verse Wiki,http://alessandra-hazard-verse.fandom.com/
Wiki Personnages LGBTQIA+,http://personnages-lgbtqia.fandom.com/fr/
Dawn of the paragon Wiki,http://dawn-of-the-paragon.fandom.com/
Battle for the Magic Pencil Wiki,http://battle-for-the-magic-pencil.fandom.com/
ANIME- REALMS Wiki,http://anime-realms.fandom.com/
The World of Reverie Wiki,http://the-world-of-reverie.fandom.com/
Untitled Backrooms Experience Wiki,http://untitled-backrooms-experience.fandom.com/
A Fairy Tale Story Wiki,http://a-fairy-tale-story.fandom.com/
Dimension - 2 Wiki,http://dimension-2.fandom.com/
GTBBD Wiki,http://gtbbd.fandom.com/
Sml wiki.com Wiki,http://sml-wikicom.fandom.com/
FPEwiki.org Wiki,http://engelsoulessvictus.fandom.com/
Finite fictional googology Wiki,http://finite-fictional-googology.fandom.com/
Unofficial Sandibox Wiki,http://unofficial-sandibox.fandom.com/
Zilla Rng Wiki,http://zilla-rng.fandom.com/
Fortress Obscura Wiki,http://fortressobscura.fandom.com/
The World Beyond Rebirth - Fan Novel Crossover Wiki,http://the-world-beyond-rebirth-fan-novel-crossover.fandom.com/
Last Breath Wiki,http://last-breath.fandom.com/de/
Than's Worlds Wiki,http://thans-worlds.fandom.com/
Jantar Wiki,http://jantarlegalsuperuau.fandom.com/pt-br/
Dustwalkers Wiki,http://dustwalkers.fandom.com/
Abyssal ROBLOX Wiki,http://abyssal-roblox.fandom.com/
Utopia Wiki,http://utopiarpg.fandom.com/pt-br/
Wiki Debates,http://debatesdomain.fandom.com/es/
Project Remix Wiki,http://project-remix.fandom.com/
Find The Chomiks: Golden Apple Wiki,http://find-the-chomiks-golden-apple.fandom.com/
Joyride Wiki,http://joyridecandy.fandom.com/
Tickety Tock and Shovel Wiki,http://tickety-tock-and-shovel.fandom.com/
WritingWoFfanfics Wiki,http://writingwoffanfics.fandom.com/
AraStars Nursery Nurse Wiki,http://arastars-nursery-nurse.fandom.com/
The Kings Damsel Wiki,http://the-kings-damsel.fandom.com/
SpleefRU Вики,http://spleefru.fandom.com/ru/
Treehouse Wiki,http://crazytreehouse.fandom.com/
LAUGH DiAMOND Wiki,http://laugh-diamond.fandom.com/
Eresse Wiki,http://eresse.fandom.com/
Killiney History Wiki,http://killineyhistoryie.fandom.com/
Nicktoonstory Jr. Archives Wiki,http://nicktoonstoryjr.fandom.com/