Mega-Lo-Maniacs Wiki,http://megalomaniacs.fandom.com/
RapidKL Wiki,http://myrapid.fandom.com/
Total Drama Galaxy Wiki,http://total-drama-galaxy.fandom.com/
Mountgevin Anything Wiki,http://mountgevinanything.fandom.com/
Wiki Mascotverse mascots and villains,http://mascotverse-mascots-and-villains.fandom.com/es/
国家沙盒 Wiki,http://countrysandbox.fandom.com/zh/
VOCALOID Curling Fanart Wiki,http://vocaloid-curling-fanart.fandom.com/zh/
Carly Phillips World Wiki,http://carly-phillips-world.fandom.com/
The Frantic Fanfic Literary Universe Wiki,http://fflu.fandom.com/
Archverse Wiki,http://truearchverse.fandom.com/
The Epic Purple Wiki,http://the-epic-purple.fandom.com/
蛋仔派对 Wiki,http://eggy-party.fandom.com/zh/
打笔 Wiki,http://dabi.fandom.com/zh/
Pvzrooms Wiki,http://pvzrooms.fandom.com/zh/
12,003 Badge Walk Wiki,http://12003-badge-walk.fandom.com/
Anime Ranger Fanmade Wiki,http://anime-ranger.fandom.com/
Hade's RNG Wiki,http://hades-random.fandom.com/
倘若世界 Wiki,http://infinitefantasy-world.fandom.com/zh/
Fanmade Thomas Characters Wiki,http://fanmade-thomas-characters.fandom.com/
Empty Continents Wiki,http://empty-continents.fandom.com/
MAO หาญสู้พลิกชะตาอาถรรณ์ Wiki,http://mao.fandom.com/th/
ROOMS: Deprecation Wiki,http://rooms-deprecation.fandom.com/
Lyte's OC Wiki,http://lytes-oc.fandom.com/
Wiki Redsnakepiloto,http://redsnakepiloto.fandom.com/es/
MageRPG9 Wiki,http://magerpg9.fandom.com/
The Time Changing Woods Wiki,http://the-time-changing-woods.fandom.com/
Kprofilesofficial Wiki,http://kprofilesofficial.fandom.com/
Total Drama My Way Series (TheRebelDog AU) Wiki,http://total-drama-my-way-series-therebeldog-au.fandom.com/
Wiki Listadechequeo,http://listadechequeo.fandom.com/es/
Little Einsteins Rip off Wiki,http://little-einsteins-rip-off.fandom.com/
Me and Aadi Wiki,http://me-and-aadi.fandom.com/
Wiki Gerand Espanol,http://gerand-espanol.fandom.com/es/
Untitled 3 Wiki,http://untitled-3.fandom.com/
Slides Wiki,http://slides.fandom.com/
C-Marvel Snap Wiki,http://cmarvel-snap.fandom.com/
Deadhaus Sonata Wiki,http://deadhaus-sonata.fandom.com/
Wiki Milchstrace,http://milchstrace.fandom.com/es/
Critters N' Crawlers Wiki,http://critters-n-crawlers.fandom.com/
TXF Gameshow Wiki,http://txf-gameshow.fandom.com/
Rooms: LD Wiki,http://rooms-ld.fandom.com/
Great Lakes St Lawrence Seaway Wiki,http://great-lakes-st-lawrence-seaway.fandom.com/
Infinite Realms 2.0 Wiki,http://infinite-realms-20.fandom.com/
A Venture in Vestage Wiki,http://a-venture-in-vestage.fandom.com/
Second City RP Wiki,http://second-city-rp.fandom.com/
Michael Hogan Wiki,http://michael-hogan.fandom.com/
HARDY Music Wiki,http://hardy-music.fandom.com/
Вікі Старий Новий Світ,http://starii-novii-svit.fandom.com/uk/
ROBOB Wiki,http://robob.fandom.com/
The evolved rooms Wiki,http://the-evolved-rooms.fandom.com/
OLIPOP Wiki,http://drinkolipop.fandom.com/