Потерянный край Вики,http://pk.fandom.com/ru/
Deeman Wiki,http://deeman.fandom.com/
Godstrike Wiki,http://godstrike.fandom.com/
EslevProductions-wiki,http://eslevproductions.fandom.com/hu/
Compasso Imoral Wiki,http://compasso-imoral.fandom.com/pt-br/
Noahs Aventurien Wiki,http://noahs-aventurien.fandom.com/de/
Robot Dreams Wiki,http://robot-dreams.fandom.com/
Jericho Front Wiki,http://jericho-front.fandom.com/de/
Planeta Kier Wiki,http://planeta-kier.fandom.com/pt-br/
Mega Extended Size Comparison Wiki,http://mega-extended-size-comparison.fandom.com/
9d Wiki,http://9dastro.fandom.com/de/
Wiki LiSA,http://oriberisa.fandom.com/es/
Space Pioneers Wiki,http://space-pioneers.fandom.com/
PlushPlusLIVE Production Wiki,http://plushpluslive-production.fandom.com/
Melon Playground Saw, The Youtube Series Wiki,http://melon-playground-saw-the-youtube-series.fandom.com/
Welcome to experiment Wiki,http://welcome-to-experiment.fandom.com/
Muse Dash Вики,http://musedash.fandom.com/ru/
Wondala Wiki,http://wondala.fandom.com/
Tr World Wiki,http://tr-worlds.fandom.com/
Mech vs Aliens Вики,http://mva.fandom.com/ru/
The Triad Rule Wiki,http://the-triad-rule.fandom.com/
Sonic and Tails adventures Wiki,http://sonic-and-tails-adventures.fandom.com/
Murphy & Mitzi Wiki,http://murphy-mitzi.fandom.com/
Galron Wiki,http://galron.fandom.com/
Wiki TEAM POTENTE,http://team-potente.fandom.com/es/
Wiki Taneverse,http://eringabsxtaneverse.fandom.com/es/
Slapshot Hockey Wiki,http://slapshot-hockey.fandom.com/
Katabasis Group Wiki,http://katabasis-group.fandom.com/
NaQ Agent Nebula and Agent Quasar: Double Spies Wiki,http://naq-agent-nebula-and-agent-quasar-double-spies.fandom.com/
Wiki Wartales,http://wartales.fandom.com/es/
Undertale: New Era Wiki,http://undertale-new-era.fandom.com/
School Pack Wiki,http://school-pack.fandom.com/
Greedventory Wiki,http://greedventory.fandom.com/
Poky Games! Wiki,http://poky-games.fandom.com/
Ni No Kuni: Cross Worlds Wiki,http://ni-no-kuni-cross-worlds.fandom.com/
Syntax (music) Wiki,http://cranchynine.fandom.com/
World Flag Wiki,http://world-flag.fandom.com/
TriangleVerse Wiki,http://triangleverse.fandom.com/
Geometry dash în română Wiki,http://geometry-dash-in-romana.fandom.com/ro/
Future of the Past Вики,http://ninjago-future-of-the-past.fandom.com/ru/
A Saga dos Mestiços Wiki,http://a-saga-dos-mesticos.fandom.com/pt-br/
Rooms Wanderers Wiki,http://rooms-wanderers.fandom.com/
Crystal Heroes Wiki,http://crystal-heroes.fandom.com/
Wiki Jojo's Bizarre Adventure Roleplay,http://jojos-bizarre-adventure-roleplay.fandom.com/fr/
Mylo Max Owens Wiki,http://mylo-max-owens.fandom.com/
Garry's mod Slashers Вики,http://garrys-mod-slashers.fandom.com/ru/
Fluffycows Wiki,http://fclore.fandom.com/
Martyna martyna 12 Wiki,http://martyna-martyna-12.fandom.com/
Hello this is my page Wiki,http://hello-this-is-my-page.fandom.com/
Warriors: Ultimate Stars Wiki,http://wus-rp.fandom.com/
The lost time Вики,http://the-lost-time.fandom.com/ru/
Chapter rewritten Wiki,http://chapter-rewrite.fandom.com/
Levitating Kingdom Wiki,http://levitating-kingdom.fandom.com/
DvN: IotD Wiki,http://dvn-iotd.fandom.com/
Warrior Cats Valley Territories Wiki,http://warrior-cats-valley-territories-stars-of-hope.fandom.com/
Wiki Old!sociotale: rewritten (español),http://oldsociotale-rewritten-espanol.fandom.com/es/
Kaizen Wiki,http://subtokaizen.fandom.com/
This is NOT a SHOW!! Wiki,http://this-is-not-a-show.fandom.com/
Wiki Sasaki và Pii-chan,http://sasapii.fandom.com/vi/
Dinka Wiktionary Wiki,http://wtdin.fandom.com/
Rosy Industries Roleplay Wiki,http://rosy-industries-roleplay.fandom.com/
Interliminality Wiki,http://roblox-interliminality.fandom.com/
Encyclopedia TheBobia Wiki,http://encyclopedia-thebobia.fandom.com/
Pinka's Planetball RPG Wiki,http://ppbrpg.fandom.com/
EmilianoYTP Wiki,http://emilianoytp.fandom.com/
Kotiynet Fan Вики,http://kotiynet-fan.fandom.com/ru/
Lochlin clues Wiki,http://lochlin-clues.fandom.com/
The Originals series Wiki,http://the-originals-series.fandom.com/
Flamingo Characters Wiki,http://flamingo-characters.fandom.com/
Windows Wiki,http://windows-game.fandom.com/
Nathan Campos Wiki,http://nathan-campos.fandom.com/
Serenity Lane Wiki,http://serenity-lane.fandom.com/
Teletubbies survival in the underground Wiki,http://teletubbies-survival-in-the-underground.fandom.com/pt-br/
Dee & Friends in Oz Wiki,http://deeandfriendsinoz.fandom.com/
Termination!Tale Wiki,http://terminationtale.fandom.com/
Hazbin hotel journey of the sinners Wiki,http://hazbin-hotel-journey-of-the-sinners.fandom.com/
North To The Future Wiki,http://north-to-the-future.fandom.com/
SunnylandStories Wiki,http://sunnylandstories.fandom.com/
The Sword of Kaigen Wiki,http://sword-of-kaigen.fandom.com/
ArianaGrandeFanmadealbums Wiki,http://arianagrandefanmadealbums.fandom.com/
Wiki Evandra, La Conscience,http://evandra.fandom.com/fr/
Serwer Kombat Wiki,http://serwer-kombat.fandom.com/pl/
Trenches Tower Defence Wiki,http://trenches-tower-defence.fandom.com/
French episodes Wiki,http://french-episodes.fandom.com/
Shape World Wiki,http://shape-world-object-show.fandom.com/
Projektub Wiki,http://projektub.fandom.com/pl/
Cookie Run: Witch's Castle OCs Wiki,http://cookie-run-witchs-castle-ocs.fandom.com/
Wiki Paramount Noticias.cl,http://paramount-noticiascl.fandom.com/es/
Databrawl universe Wiki,http://databrawl-universe.fandom.com/
WDC 4 Wiki,http://wdc-4.fandom.com/
Lucy’s Skylanders Fanon Wiki,http://lucys-skylanders-fanon.fandom.com/
Mr Spring Wiki,http://mr-spring.fandom.com/
Wiki Pajaros de lulpik,http://pajaros-de-lulpik.fandom.com/es/
Nat Peterson Wiki,http://nat-peterson.fandom.com/
Song of Silver, Flame Like Night Wiki,http://song-of-silver-flame-like-night.fandom.com/
Unusual Force: Like a Legend Wiki,http://unusual-force-like-a-legend.fandom.com/
BOAC'N (Battle Of A Chicken Nugget) Wiki,http://boacn-battle-of-a-chicken-nugget.fandom.com/
World Box Pangäa Hhene sim Wiki,http://world-box-pangaa-hhene-sim.fandom.com/de/
Cafe Mayhem Wiki,http://cafe-mayhem.fandom.com/
All the Colourblocks Ever Wiki,http://itsacolourfulworld.fandom.com/
Media Formats Wiki,http://media-formats.fandom.com/
AmalgamSMP Wiki,http://amalgamsmp.fandom.com/
Momo Cinematic Multiverse Wiki,http://momo-cinematic-multiverse.fandom.com/
Nick Jr. Promos Wiki,http://nick-jr-promos.fandom.com/
The Vampire PLegacies Wiki,http://the-vampire-plegacies.fandom.com/
Tyler Tales Wiki,http://tyler-tales.fandom.com/
HeroChipYT Wiki,http://chipdipforever.fandom.com/
Ball game Wiki,http://ball-game.fandom.com/
James Early Wiki,http://jamesearly.fandom.com/
Musical Artists Wiki,http://musical-artists.fandom.com/
Lazarus Wiki,http://lazarusseries.fandom.com/
Jack's Drag Race Wiki,http://jacks-drag-race.fandom.com/
Myth Dream Wiki,http://myth-dream.fandom.com/
Wiki Necesse,http://necesse.fandom.com/es/
CoffeeBreak Wiki,http://coffeebreak.fandom.com/
Ollie's Orbs Wiki,http://ollies-orbs.fandom.com/
Commanders: Attack of the Genos Wiki,http://commanders-attack-of-the-genos.fandom.com/
The Aspiring Writers' Wiki,http://the-aspiring-writers.fandom.com/
Tower Heroes fan ideas Wiki,http://tower-heroes-fan-ideas.fandom.com/
Africania Wiki,http://africania.fandom.com/
Brighter Shores Wiki,http://brighter-shores.fandom.com/
YouTube Playables Wiki,http://youtube-playables.fandom.com/
BadLand Network Вики,http://bdlnt.fandom.com/ru/
PVZ: Plants Prevail Wiki,http://pvz-plants-prevail.fandom.com/
SPTS : Rise Of The Strongest! Wiki,http://spts-infinite-power-grind-simulator.fandom.com/
Internet Users Wiki,http://internet-users.fandom.com/
Adventures Of Reksio Wiki,http://adventures-of-reksio.fandom.com/
Anna BD Universe Wiki,http://anna-bd-universe.fandom.com/
Pantdora Wiki,http://pantdora.fandom.com/
Find the Diahs Wiki,http://find-the-diahs.fandom.com/
Grey Ship Вики,http://grey-ship.fandom.com/ru/
UTG Wiki,http://utg.fandom.com/zh/
イデオロギーデータベース Wiki,http://ideodatabase.fandom.com/ja/
Bucaneer Bri Wiki,http://bucaneer-bri.fandom.com/
TwelveFanatics Wiki,http://twelvefanatics.fandom.com/
STUW Wiki,http://stuw.fandom.com/
Nations of War Wiki,http://nationsofwar.fandom.com/pl/
LPS: Seven Wiki,http://lps-seven.fandom.com/
Cartoonmania Spoofs Wiki,http://cartoonmania-spoofs.fandom.com/
Sm Cares Wiki,http://sm-cares.fandom.com/
Lena Hendrix Universe Wiki,http://lena-hendrix-universe.fandom.com/
Wednesday at sarbinowo Wiki,http://wednesday-at-sarbinowo.fandom.com/pl/
Фанон пимпочкапедия Вики,http://fanon-pimpochka.fandom.com/ru/
傻逼室MR集群 Wiki,http://mrsbrooms.fandom.com/zh/
Humankind2 Wiki,http://humankindtwo.fandom.com/
Однажды в России Вики,http://odnazhdi-v-rossii.fandom.com/ru/
傻逼室 Wiki,http://sbroomssandbox.fandom.com/zh/
Mutagen Wiki,http://mutagen.fandom.com/
The Cannon Fodder Turns His Sister Into A Soaring Phoenix Wiki,http://the-cannon-fodder-turns-his-sister-into-a-phoneix.fandom.com/
The Chaotic Trio Wiki,http://the-chaotic-trio.fandom.com/
Aeon Trespass Wiki,http://aeon-trespass.fandom.com/
Teri Ijo Wiki,http://teriijo.fandom.com/id/
Lucky Lapine Wiki,http://lucky-lapine.fandom.com/
The Saucee and Suacin Show Wiki,http://the-saucee-and-suacin-show.fandom.com/
The Tales of the Summers Wiki,http://the-tales-of-the-summers.fandom.com/
Teletubbies Aliens the other universe Wiki,http://teletubbies-aliens-the-other-universe.fandom.com/pt-br/
Duplicate rooms Wiki,http://duplicate-rooms.fandom.com/
Wiki East of West,http://eastofwest.fandom.com/es/
Sonic Dash Fanon Wiki,http://sonic-dash-fanon.fandom.com/
梧 桐 の 中 二 世 界 Wiki,http://wutongworld.fandom.com/zh/
Lost in Darkness Wiki,http://lost-in-darkness.fandom.com/
New Visby Wiki,http://new-visby.fandom.com/
Ordlataz Civil War Wiki,http://ordlataz-civil-war.fandom.com/
Nowe Elden Ring Wiki,http://nowe-elden-ring.fandom.com/pl/
The Game Facility Wiki,http://the-game-facility.fandom.com/
Friday Night Funkin': Vs. Gorefield Wiki,http://friday-night-funkin-vs-gorefield.fandom.com/
North Southern Railways Wiki,http://north-southern-railways.fandom.com/
Die landarztpraxis Wiki,http://die-landarztpraxis.fandom.com/de/
Stars and Planets Wiki,http://stars-and-planets.fandom.com/
LAPONE GIRLS Wiki,http://lapone-girls.fandom.com/
Korea backroom 위키,http://korea-backroom.fandom.com/ko/
Blue Meadows Wiki,http://blue-meadows.fandom.com/
AeroGenesis Space Engineering Wiki,http://aerogenesis-space-engineering.fandom.com/
Fundamental-paper-education-fanon Wiki,http://fundamental-paper-education-fanon.fandom.com/
OSCdomies Wiki,http://oscdomies.fandom.com/
Loudcats Wiki,http://loudcats.fandom.com/
Fatalverse Wiki,http://fatalverse.fandom.com/
Kairiwan Eternal Library Wiki,http://kairiwan-eternal-library.fandom.com/
OC Collection Wiki,http://occollection.fandom.com/
Ding Dong Cinematic Universe Wiki,http://ddcu.fandom.com/
Magical Misfits Wiki,http://magical-misfits.fandom.com/
The Web Explorers' Wiki,http://the-web-explorers.fandom.com/
Dark Souls: Archthrones Wiki,http://archthrones.fandom.com/
班班日记中文 Wiki,http://fzd25zx703classdiary.fandom.com/zh/
Post-All Of The Crossovers Wiki,http://postall-of-the-crossovers.fandom.com/
Robo's Cool Space Wiki,http://robos-cool-space.fandom.com/
Repagm Noxial Wiki,http://repagm-noxial.fandom.com/
Marvel Eternals and Charmed (1998) Crossover Wiki,http://marvel-eternals-and-charmed-1998-crossover.fandom.com/
Boo Men Wiki,http://boomen.fandom.com/
Umbral Awakening (D&D 5e Homebrew Campaign) Wiki,http://umbral-awakening.fandom.com/
Sticky's Gameshow Wiki,http://sgshow.fandom.com/
Testtesttest Wiki,http://testtesttest.fandom.com/
Babylirious Wiki,http://babylirious.fandom.com/
Pbs Parody Wiki,http://pbs-parody.fandom.com/
Yung Lixo Wiki,http://yunglixo.fandom.com/pt-br/
NPC ALP Wiki,http://npc-alp.fandom.com/
Trigger And Blade Comicverse Wiki,http://tandb-comicverse.fandom.com/
Childrender Wiki,http://childrender.fandom.com/
PM 6:06 Deluxe Wiki,http://pm-606-deluxe.fandom.com/
Creeper and friends Wiki,http://creeper-and-friends.fandom.com/
Tower Defense Simulator Battlefield Wiki,http://tower-defense-simulator-battlefield.fandom.com/
Purple-Pee-Pee-Cree-P-Assta Wiki,http://purplepeepeecreepassta.fandom.com/
Division Studios SFD Wiki,http://division-studios-sfd.fandom.com/
Gravity city Wiki,http://gravity-city.fandom.com/
Wistful Engineering Wiki,http://crazy.fandom.com/
Wiki Wobis xd,http://wobis-xd.fandom.com/es/
Roblox Maritime Roleplay Community Wiki,http://maritime.fandom.com/
SKIMS by KKW Wiki,http://skims-by-kkw.fandom.com/
The Drama Club: Tales of a School Friend Group Wiki,http://tales-of-a-school-friend-group.fandom.com/
Wiki Compendium Battles,http://compendium-battles.fandom.com/es/
Boomer Shooter Wiki,http://boomer-shooter.fandom.com/
Azure fanon Wiki,http://azure-fanon.fandom.com/
Slipstream: Rough Space Wiki,http://playslipstream.fandom.com/pl/
TheSuperLooneyTunesPlushShow Wiki,http://thesuperlooneytunesplushshow.fandom.com/
Celestial Darkness in the Universe Wiki,http://celestial-darkness-in-the-universe.fandom.com/
Thematic Wiki,http://thematic.fandom.com/
The Talents Trilogy Wiki,http://thetalentstrilogy.fandom.com/
Ilordar Wiki,http://chroniclesofgammos.fandom.com/
Goodbye solarballs Wiki,http://goodbye-solarballs.fandom.com/
Biblically Inaccurate Wiki,http://biblically-inaccurate.fandom.com/
OA Drama Wiki,http://oa-drama.fandom.com/
Mythics Universe Wiki,http://mythicsuniverse.fandom.com/
Beach Buggy Racing AU Wiki,http://beach-buggy-racing-au.fandom.com/
Liker Mapper Mapping Wiki,http://liker-mapper-mapping.fandom.com/
A Dusty Trip Wiki,http://a-dusty-trip.fandom.com/
Genesis Hole Wiki,http://s2myst.fandom.com/
Mythologies Wiki,http://mythologies.fandom.com/
Royal strories Wiki,http://royal-strories.fandom.com/
Challenges and Revelations Wiki,http://challenges-and-revelations.fandom.com/
Super SLop Wiki,http://super-slop.fandom.com/
Keyon Studios Wiki,http://keyon-studios.fandom.com/
Red Bread rp 18+ Wiki,http://red-bread-rp-18.fandom.com/
Heart Star Wiki,http://heart-star.fandom.com/
We Are Warriors Wiki,http://we-are-warriors-game.fandom.com/
Lost in Avernus Wiki,http://lost-in-avernus.fandom.com/
EMILYVERSE Wiki,http://emilyverse.fandom.com/
Гора смерти Вики,http://gora-smerti.fandom.com/ru/
Chimps! Wiki,http://chimpsvr.fandom.com/
Thaerie's testing Wiki,http://thaeries-testing.fandom.com/
The Rio99 Splatoon lore Wiki,http://the-rio99-splatoon-lore.fandom.com/
Welcome To My Home (Mobile Game) Wiki,http://welcometomyhome.fandom.com/
Bolt Studio Wiki,http://officialboltstudio.fandom.com/
North Wiki,http://northrp.fandom.com/
Ботьвилец Вики,http://botwilets.fandom.com/ru/
Рандом-Корты Вики,http://random-courts.fandom.com/ru/
The Reiverse Wiki,http://reiverse.fandom.com/
Drag Olympus Wiki,http://fan-show-drag-olympus.fandom.com/
MIKE SUPER SMASH BROS LAWL Wiki,http://mike-super-smash-bros-lawl.fandom.com/
Applio Wiki,http://applio-page.fandom.com/
Da Boys Verse Wiki,http://da-boys-verse.fandom.com/