RTS Roster Wiki,http://rts-wrestling-roster.fandom.com/
Post Kaiju Roleplay Wiki,http://post-kaiju-roleplay.fandom.com/
CloudyMoonContinuity Wiki,http://cloudymooncontinuity.fandom.com/
StarEdit Network Wiki,http://staredit-network.fandom.com/
Zagtoon Wiki,http://zagtoon.fandom.com/es/
SharkBite Wiki,http://sharkbite-rblx.fandom.com/
Wiki O Sortilégio, a Espada, e os Livros Perdidos de um Lusitano,http://livrosperdidosdeumlusitano.fandom.com/pt/
Pokemon Unofficial Wiki,http://pokemon-unofficial.fandom.com/
Сериал «Гоголь» вики,http://gogol-series.fandom.com/ru/
Wiki Tribal Mania Fr,http://tribal-mania-fr.fandom.com/fr/
Мир Элдрагона Wiki,http://eldragon.fandom.com/
Приключения мышек вики,http://gamba.fandom.com/ru/
Semi-automated electronic decentralized state вики,http://seds.fandom.com/ru/
Landmark Digital Comics Wiki,http://landmark-digital-comics.fandom.com/
QUAKE CHAMPIONS JAPAN Wiki,http://qcjp.fandom.com/ja/
Bancopoly Wiki,http://bancopoly-metta.fandom.com/
Шарарамские ролевые вики,http://roly-play-shararam.fandom.com/ru/
Superhumans Wiki,http://superhumansfanontvseries.fandom.com/
Raiha Wiki,http://raiha.fandom.com/
Neptuniapedia,http://neptuniapedia.fandom.com/es/
Collaborative Fanon Universes Wiki,http://collaborative-fanon-universes.fandom.com/
SilverStrike Productions Wiki,http://silverstrike-productions.fandom.com/
Leatherface Wiki,http://leatherface.fandom.com/
Movie Poster Languages Wiki,http://movie-poster-languages.fandom.com/
Wiki ValryanTV,http://valryantv.fandom.com/fr/
LEONAMYTHOS Wiki,http://leonamythos.fandom.com/es/
Walt Disney Videos (UK) Fanon Wiki,http://walt-disney-videos-uk-fanon.fandom.com/
A Day in The Playground Wiki,http://adayintheplayground.fandom.com/
SCP Wiki,http://scp-facilities.fandom.com/
Wiki Exploradores de Azeroth,http://exploradores-de-azeroth.fandom.com/pt-br/
Godzilla, the God Incarnate Wiki,http://godzilla-the-god-incarnate.fandom.com/
The India Wiki,http://the-india.fandom.com/
Sunny Days Wiki,http://sunnyd.fandom.com/
Anime Staggering Sequences Wiki,http://anime-staggering-sequences.fandom.com/
Eggggg Wiki,http://eggggg.fandom.com/
Pokémon Celeste y Oscuro Wiki,http://pokemon-celeste-y-oscuro.fandom.com/es/
Attack on Kaiju Wiki,http://attack-on-kaiju.fandom.com/
Wiki Helasiah,http://helasiah.fandom.com/fr/
Maya the Bee Wiki,http://mayathebee.fandom.com/
A Different Galaxy Wiki,http://a-different-galaxy.fandom.com/
RAMTurtle's Database Wiki,http://ramturtles-database.fandom.com/
Wiki Crazy Space Adventure,http://spaceadventure.fandom.com/fr/
Moon Big Brother Wiki,http://moon-big-brother.fandom.com/
Mr. Bean – Die Cartoon-Serie Wiki,http://mrbean-cartoonserie.fandom.com/de/
Wiki Daniel: O Jogo Fan,http://daniel-o-jogo-fan.fandom.com/pt-br/
Supersonic1014 Videos/Community Wiki,http://supersonic1014-videoscommunity.fandom.com/
Militärhistoria Wikia,http://militarhistoria.fandom.com/sv/
Xl1nafallzwritesstoryx Wiki,http://xl1nafallzwritesstoryx.fandom.com/
Besilmer Reborn Wiki,http://besilmer-reborn.fandom.com/
DenisDaily x AnimeGirl Wiki,http://denisdaily-x-animegirl.fandom.com/
NCAA Athletics Wiki,http://ncaa-athletics.fandom.com/
The Ebon Ward Wiki,http://the-ebon-ward.fandom.com/
Нириус вики,http://nirius.fandom.com/ru/
Gael Wiki,http://gael.fandom.com/
Tan and Scarf's Emberclan Wiki,http://tan-and-scarfs-emberclan.fandom.com/
Bunsen, ty bestio! Wiki,http://bunsen.fandom.com/pl/
Wiki Batalha de Lipsync,http://batalhadelipsync.fandom.com/pt-br/
The Entertainment Guy Show Wiki,http://the-entertainment-guy-show.fandom.com/
Shadowhunterstv Wiki,http://shadowhunterstv.fandom.com/de/
Wiki Née à Minuit,http://nee-a-minuit.fandom.com/fr/
Banderas locales de América e Iberia Wiki,http://banderas-locales-de-america-e-iberia.fandom.com/es/
Wiki Club Penguin Rewritten BR,http://club-penguin-rewritten-br.fandom.com/pt-br/
NoelSimsSandbox Wiki,http://noelsimssandbox.fandom.com/
AR$ Big Brother UK Wiki,http://ar-big-brother-uk.fandom.com/
I'm Luissa Wiki,http://im-luissa.fandom.com/
Nyq вики,http://nyq.fandom.com/ru/
SMN News Wiki,http://smn-news.fandom.com/
Ben 10 Fan Kurgu/Fiction Türkiye Wikia,http://ben-10-fan-kurgufiction-turkiye.fandom.com/tr/
We Fix Space Junk wiki,http://spacejunk.fandom.com/
Паранорма вики,http://paranorma.fandom.com/ru/
Endgame Wiki,http://endgame.fandom.com/pl/
BackupCalculations Wiki,http://backupcalculations.fandom.com/
DxD Universe Wiki,http://dxduniverse.fandom.com/
Backpacker Travel Trivia Wiki,http://backpacker-travel-trivia.fandom.com/
Battle for Dream Island (Ultimate) Wiki,http://bfdi-ultimate.fandom.com/
Wiki WestWerewolfWorld,http://westwerewolfworld.fandom.com/fr/
Happy Cafe Wiki,http://happy-cafe.fandom.com/
ATV Big Brother Wiki,http://atv-big-brother.fandom.com/
Scy'kadia LARP Wiki,http://scykadia-larp.fandom.com/
End of a New Beginning Official Wiki,http://eonab.fandom.com/
Cross Game Wiki,http://cross-game.fandom.com/
TWD:aow miniatures game вики,http://twd-aow-miniatures-game.fandom.com/ru/
International Ren and Stimpy Wiki,http://international-ren-and-stimpy.fandom.com/
OK K.O.! Fanon Wiki,http://ok-ko-fanon.fandom.com/
KBR Wiki,http://kbr.fandom.com/
Ghost Wars Wiki,http://ghostwars.fandom.com/
Risk Universalis Wiki,http://ru3.fandom.com/
Godspeaker Series Wiki,http://godspeaker.fandom.com/
Curi's characters Wiki,http://curis-characters.fandom.com/
RWBY Fables Wiki,http://rwby-fables.fandom.com/
BFAI Wiki,http://bfai.fandom.com/
Undertale AU Characters Wiki,http://undertale-au-characters.fandom.com/
GUERRAS Y CONFLICTOS MILITARES DE LA HISTORIA Wiki,http://guerrasdelahistoria.fandom.com/es/
Strażnicy Wymiarów Wiki,http://straznicy-wymiarow.fandom.com/pl/
BFDI Remake Wiki,http://bfdi-remake.fandom.com/
SAMB Wiki,http://samb.fandom.com/
Difficultpeople Wiki,http://difficultpeople.fandom.com/
Young Wizards Wiki,http://young-wizards.fandom.com/
Oracle of Kos Wiki,http://oracle-of-kos.fandom.com/
Scenecore Wiki,http://scenecore.fandom.com/
Melkior Wiki,http://melkior.fandom.com/
Kamen Rider Battle Rush Wiki,http://kamen-rider-battle-rush.fandom.com/
Seaton Youth Government Wiki,http://seaton-youth-government.fandom.com/
Pokèmon: The New Beginning Wiki,http://pokemonnewbeginning.fandom.com/
Videojuegos fanon Wiki,http://juegosfanon.fandom.com/es/
Wiki Terrorbr,http://terrorbr.fandom.com/pt-br/
Wiki YadaYada,http://yadayada.fandom.com/pt-br/
Dream City Idols Wiki,http://dream-city-idols.fandom.com/
PhilBurnell Wiki,http://philburnell.fandom.com/
Agents of S.H.I.E.L.D. Fanon Wiki,http://agentsofshieldfan.fandom.com/
Tailsofthestars Wiki,http://tailsofthestars.fandom.com/
Mapper Area wiki,http://mappingcommunity.fandom.com/
Knights of RedCliff: The Series Wiki,http://knights-of-redcliff-the-series.fandom.com/
Penguin Lounge Wiki,http://penguin-loungecpps.fandom.com/
Dndspeak Wiki,http://dndspeak.fandom.com/
Stellar Tales Wiki,http://thestellartales.fandom.com/
KristineSeries Wiki,http://kristineseries.fandom.com/
Wiki DanganRonpa French Discord Edition,http://danganronpa-french-discord-edition.fandom.com/fr/
Googologie Wikia,http://googologie.fandom.com/cs/
Ensoulment of the Flower Court Wiki,http://ensoulment-of-the-flower-court.fandom.com/
瑟银 官方中文 Wiki,http://thorium.fandom.com/zh/
中土世界：戰爭之影 Wiki,http://shadowofwar.fandom.com/zh/
Seelenwandler Wiki,http://seelenwandler.fandom.com/de/
Peerless Martial God (Español) Wiki,http://peerless-martial-god-espanol.fandom.com/es/
Mean Boys Wiki,http://mean-boys.fandom.com/
Polaris: Player Select Wiki,http://polarisplayerselect.fandom.com/
Safiya Amaya Ambani Wiki,http://safiya-ambani.fandom.com/
Arlington and Jessa Wiki,http://arlington-and-jessa.fandom.com/
五行师卡鉴 Wiki,http://wxs.fandom.com/zh/
Anime Gatari Wiki,http://animegatari.fandom.com/
Sol Breath Wiki,http://solbreath.fandom.com/pl/
Pharma Wiki,http://pharm.fandom.com/
WD Squad Wiki,http://wd-squad.fandom.com/
A Chinese Ghost Story Online Wiki,http://achineseghoststoryonline.fandom.com/
動畫大百科 Wiki,http://anipedias.fandom.com/zh-tw/
Disney Wikia,http://disney.fandom.com/id/
Forsight Wiki,http://forsight.fandom.com/
Fifth Gear Wiki,http://fifthgear.fandom.com/
きかんしゃトーマス Wiki,http://thomasandfriendsjp.fandom.com/ja/
Conceptos linces Wiki,http://conceptos-linces.fandom.com/es/
SiIva Forces / MROU Heroes Wiki,http://snoek.fandom.com/
Agents Wiki,http://agentsfanontvseries.fandom.com/
Tales of RWBY Infobases Wiki,http://tales-of-rwby-infobases.fandom.com/
FunTimezBigBrother Wiki,http://funtimezbigbrother.fandom.com/
Roblox Avatar The Last Airbender Wiki,http://roblox-atla.fandom.com/
TGL Incorporated Wiki,http://tgl-incorporated-the-wierdest-company-of-evers.fandom.com/
Inquisitormaster Wiki,http://inquisitormaster.fandom.com/
Pannenkoek Fan Fiction Wiki,http://pannenkoek-fan-fiction.fandom.com/
Thebananaaj Wiki,http://thebananaaj.fandom.com/
Grady Wiki,http://gradyeggleston.fandom.com/
Charming-campaign Wiki,http://charmingdnd.fandom.com/
Street Legal Wiki,http://street-legal.fandom.com/
Flipline Studios Polska Wiki,http://fliplinestudios.fandom.com/pl/
Viralwormsandtro Wiki,http://viralwormsandtro.fandom.com/
Fuzzy i przyjaciele Wiki,http://fuzzy-i-przyjaciele.fandom.com/pl/
Philip K. Dick's Electric Dreams Wiki,http://philip-k-dicks-electric-dreams.fandom.com/
Jordan Bros1's Pokemon Group Chat Wiki,http://jordan-bros1s-pokemon-group-chat.fandom.com/
Hata Hallsta Wikia,http://hata-hallsta.fandom.com/sv/
D'LIRIUM вики,http://d-lirium.fandom.com/ru/
Flee the Facility Wiki,http://flee-the-facility.fandom.com/
Unsilar Wiki,http://unsilar.fandom.com/
Xkxd Wiki,http://xkxd.fandom.com/
Stars Never Die community,http://snd.fandom.com/he/
The Nexus Wiki,http://the-nexus.fandom.com/
TheTeachersLounge Wiki,http://theteacherslounge.fandom.com/
Wiki Township Fr,http://township.fandom.com/fr/
Libros Wiki,http://muyinteresante.fandom.com/es/
WMST Wiki,http://wmst.fandom.com/
Glosario de Robotica Wiki,http://glosario-de-robotica.fandom.com/es/
Retro City Rampage Wiki,http://retrocityrampage.fandom.com/es/
Twisted Survivor Org Wiki,http://twisted-survivor-org.fandom.com/
The Seven Pointed Star Wiki,http://tsps.fandom.com/
GroßDeutschland HOI IV Mod (Personal Project) Wiki,http://grossdeutschland-hoi-iv-mod-personal-project.fandom.com/
Gattu Battu Wiki,http://gattu-battu.fandom.com/
Lodoss War MMORPG Wiki,http://lodoss-war-mmorpg.fandom.com/
Disney Check Your Connection Wiki,http://dcyc.fandom.com/
KiwiRailpedia Wiki,http://kiwirailpedia.fandom.com/
MrMenLittleMiss Wiki,http://mrmenlittlemiss.fandom.com/
Falkuz Wiki,http://falkuz.fandom.com/
America's Top Talent Wiki,http://americas-top-talent.fandom.com/
Trabajo de grado Wiki,http://trabajo-de-grado.fandom.com/es/
Younkers Wiki,http://younkers.fandom.com/
The Simpsons World Tapped Out Wiki,http://the-simpsons-world-tapped-out.fandom.com/
StarComWiki,http://starcom.fandom.com/de/
Wiki Galinha Pintadinha Fanon,http://galinha-pintadinha-fanon.fandom.com/pt-br/
Lost Works Wiki,http://lost-works.fandom.com/
The Marcus Team Wiki,http://the-marcus-team.fandom.com/
Hyperlink Wiki,http://hyperlink.fandom.com/de/
Planet Zark Wiki,http://zark.fandom.com/
Wayward Wonders Wiki,http://wayward-wonders.fandom.com/
Monsterhighreboot Wiki,http://monsterhighreboot.fandom.com/
Gaia Nicolosi's sims and fanon Wiki,http://gaia-nicolosi-sims-fanon.fandom.com/
PrivaterWikivonKerberos01 Wiki,http://privaterwikivonkerberos01.fandom.com/de/
Stupid Animals Wiki,http://animals-are-stupid.fandom.com/
The VWorp Project Wiki,http://the-vworp-project.fandom.com/
The Amazing Eternals вики,http://amazingeternals.fandom.com/ru/
MikołajekEX Wiki,http://mikolajekexr.fandom.com/pl/
ISC IB Bus/MAN 2017/18 Wiki,http://isc-ib-busman-201718-relentless.fandom.com/
Milk Choco Wiki,http://milk-choco.fandom.com/
Rolling with the Ronks Wiki,http://rollingwiththeronks.fandom.com/