Allseeingsage Wiki,http://allseeingsage.fandom.com/
Car City and Train Town Wiki,http://car-city.fandom.com/
Foxcraft вики,http://foxcraft.fandom.com/ru/
Navaria Wiki,http://navaria.fandom.com/de/
Leader Wiki,http://political-leader.fandom.com/
Emily Is Away Too Wiki,http://emily-is-away-too.fandom.com/
Imperial Glory Wiki,http://imperialglory.fandom.com/
The Chase Results (Remastered & Fixed) Wiki,http://the-chase-results-remastered-fixed.fandom.com/
The Rogue Sacrament Wiki,http://the-rogue-sacrament.fandom.com/
Sugar Pine 7 Wiki,http://sugarpine7.fandom.com/
Sairwert Wiki,http://sairwert.fandom.com/
OCARDguide Wiki,http://ocardguide.fandom.com/
WinterCraft Wiki,http://wintercraft.fandom.com/
Коты воители Фанфики вики,http://varycats.fandom.com/ru/
Empotradores,empire Wiki,http://empotradoresempire.fandom.com/es/
Sbg вики,http://sbg.fandom.com/ru/
Hexera.net Wiki,http://hexera.fandom.com/pl/
Trees of Eternity Wiki,http://trees-of-eternity.fandom.com/
S31F6H819I9's Wiki,http://s31f6h819i9s.fandom.com/zh/
Cochrane-A's Fan Fiction Wiki,http://cochraneas-fan-fiction.fandom.com/
Pokémon Sun and Moon Abridged Wiki,http://pokemon-sun-and-moon-abridged.fandom.com/
Ch.B Shard Stop Motion Universum Wiki,http://chb-shard-stop-motion-universum.fandom.com/de/
I Love Pasta Wiki,http://ilovepasta.fandom.com/
台北物語 Wiki,http://story-of-taipei.fandom.com/zh/
Teufel Wiki,http://teufel.fandom.com/de/
Expedition Unknown Wiki,http://expeditionunknown.fandom.com/
Mulliganaceous Wiki,http://mulliganaceous.fandom.com/
Capital Wiki,http://capitalblueprint.fandom.com/
YJ: Revival Wiki,http://yj-revival.fandom.com/
Wiki Cefet Games,http://cefet-games.fandom.com/pt-br/
Fallen Princess (Ambition) Wiki,http://fallen-princess-ambition.fandom.com/
Moose Mineez Wiki,http://moose-mineez.fandom.com/
UTAU Wiki RP Wiki,http://utau-wiki-rp.fandom.com/
Forja Wiki,http://forja.fandom.com/es/
Xbox Wiki,http://xboxpolska.fandom.com/pl/
Code Three Gaming Wiki,http://codethree.fandom.com/
Gods & Glory Wiki,http://godsnglory.fandom.com/
Guild Of Heroes Wiki,http://guildofheroes.fandom.com/
Trackmaster Thomas & Friends and Transformers Wiki,http://trackmaster-thomas-friends-and-transformers.fandom.com/
PP: Reimagined Wiki,http://pp-reimagined.fandom.com/
Avalon Roleplay Wiki,http://avalon-roleplay.fandom.com/
Five Nights at Treasure Island: Revamped Rebirth Wiki,http://five-nights-at-treasure-island-revamped-rebirth.fandom.com/
Junior General DnD Wiki,http://juniorgeneral.fandom.com/
Whitereach Wiki,http://whitereach.fandom.com/
Marcia Aeris Testing Grounds Wiki,http://marcia-aeris-testing-grounds.fandom.com/
PyroNacht Wiki,http://pyronacht.fandom.com/
Wiki Minimundos pt-br,http://minimundos-ptbr.fandom.com/pt-br/
Just Because! Wiki,http://just-because.fandom.com/
CupcakKe Wiki,http://cupcakke.fandom.com/
CrazyMarioBros Wiki,http://crazymariobros.fandom.com/