Wiki Syni,http://syni.fandom.com/es/
BunchaNothin Wiki,http://bunchanothin.fandom.com/
Randomized Gear Fighting Wiki,http://randomized-gear-fighting.fandom.com/
Johnuniverse Wiki,http://johnuniverse.fandom.com/
Chef RPG Wiki,http://chef-rpg.fandom.com/
Girly Strikers Wiki,http://girly-strikers.fandom.com/
Arks Wiki,http://arks.fandom.com/
AdventurersBG Wiki,http://adventurersbg.fandom.com/bg/
Empire Rising Wiki,http://empire-rising.fandom.com/
Wiki Karolane et ses Amies!,http://kesa.fandom.com/fr/
Thalassacri Wiki,http://thalassacri.fandom.com/
Liquid Submarine Wiki,http://liquid-submarine.fandom.com/
Вікі Neververs,http://neververs.fandom.com/uk/
The FDM's Forgotten Realms Wiki,http://fdm-forgottenrealms.fandom.com/
Friday the 27th Wiki,http://fridaythe27th.fandom.com/
Memorial OrdoRealitas Wiki,http://memorial-ordorealitas.fandom.com/
Wiki Locus Omnium,http://locus-omnium.fandom.com/es/
The Kaerason's Games Wiki,http://the-kaerasons-games.fandom.com/
Ascend from Nine Mountains Wiki,http://ninemountains.fandom.com/
IbbipediaB Wiki,http://ibbipediab.fandom.com/
Ew pork Wiki,http://ew-pork.fandom.com/
Beyond Death Wiki,http://beyond-death.fandom.com/
Wiki with personality Wiki,http://wiki-with-personality.fandom.com/
Pokequbes Wiki,http://pokequbes.fandom.com/
Bunny Smiles Inc. Investigation Wiki,http://bunny-smiles-inc-investigation.fandom.com/
Фаррау Вики,http://farrau.fandom.com/ru/
Welcome to The Nightmare Live Wiki,http://welcome-to-the-nightmare-live.fandom.com/
MultiUnion Wiki,http://multiunion.fandom.com/
Momoyu Freewriting Wiki,http://momoyu-freewriting.fandom.com/zh/
Wavetale of Hinterberg: Data-Verse Wiki,http://wavetale-of-hinterberg-dataverse.fandom.com/
Musicians Wiki,http://musicians.fandom.com/
Everlaster World is never end Вики,http://everlaster-world.fandom.com/ru/
Transformicepl Wiki,http://transformicepl.fandom.com/pl/
TV Guide Philippines Wiki,http://tvguideph.fandom.com/
Near Pure insane Wiki,http://near-pure-insane.fandom.com/
Zack The Turtle: The Wiki,http://zacktheturtle.fandom.com/
Space Chronicles Wiki,http://space-chronicles.fandom.com/
S.T.A.R Studios Wiki,http://star-studios.fandom.com/
הפעם הגזמתם Wiki,http://hapaam-higzamtem.fandom.com/he/
Астронома хисторy фентесy Вики,http://astronoma-history-fentesy.fandom.com/ru/
LobotomyBattlegroundsUnoffical Wiki,http://lobotomybattlegroundsunoffical.fandom.com/
Penta & Snowflake’s wiki. Wiki,http://penta-snowflake.fandom.com/
Convergence: The Mark Multiverse Wiki,http://convergence-the-mark-multiverse.fandom.com/
The Bone Zone Wiki,http://thebonezone.fandom.com/
World Of Incontinentia Wiki,http://world-of-incontinentia.fandom.com/
Clints Bakery Wiki,http://clints-bakery.fandom.com/
CCAD Minecraft Wiki,http://ccadminecraft.fandom.com/
Mp.ru.sims4 Wiki,http://mprusims4.fandom.com/
Infamy Wiki,http://infamy.fandom.com/
Big City Greens Wiki,http://bigcitygreens.fandom.com/de/