Portalstuck Wiki,http://portalstuck.fandom.com/
Wiki Biblioteca de la Tierra Media,http://bibliotecadelatierramedia.fandom.com/es/
Hip Hop Wiki,http://hip-hop-music.fandom.com/
Club Penguin Indonesia Wiki,http://club-penguin-indonesia.fandom.com/id/
Borderlands Wiki,http://borderlands.fandom.com/pl/
Wiki Mush,http://mush.fandom.com/es/
Heroes and Castles Wiki,http://heroes-and-castles.fandom.com/
Era Of the Shinobi Wiki,http://erashinobionline.fandom.com/
World of Derivean Wiki,http://world-of-derivean.fandom.com/
Princess Debut Wiki,http://princess-debut.fandom.com/
Wiki Northeros,http://northeros.fandom.com/fr/
Ubiquity Wiki,http://ubiquity.fandom.com/
Warm Bodies Wiki,http://warm-bodies.fandom.com/
Halo RDF Wiki,http://halo-rdf.fandom.com/
Pitch Perfect Wiki,http://pitch-perfect.fandom.com/de/
Omegle Wiki,http://omegle.fandom.com/
Spirit Animals Wiki,http://spiritanimals.fandom.com/
New 52 Wiki,http://new52.fandom.com/
Sam & Cat Wiki,http://samandcat.fandom.com/es/
So In Style Wiki,http://soinstyle.fandom.com/
Wiki Clube Winx,http://clube-winx.fandom.com/pt-br/
Senyū Wiki,http://senyu.fandom.com/
Phylogeny Wiki,http://phylogeny.fandom.com/
Animal Villains Wiki,http://animal-villains.fandom.com/
Beast Wars Wiki,http://beast-wars-fanon.fandom.com/
Wiki Crazy friends,http://crazy-friends.fandom.com/es/
The Coin Collecter's Wiki,http://the-coin-collecters.fandom.com/
3dtente Wiki,http://3dtente.fandom.com/
Wiki Littlest Pet Shop lps,http://littlest-pet-shop-lps.fandom.com/es/
Hayabusa no Nishikihebi (ファルコンとスネーク) Wiki,http://hayabusa-no-nishikihebi.fandom.com/
My Entertainment Wiki,http://ashkat-entertainment.fandom.com/
Utsuro no Hako to Zero no Maria Wiki,http://hakomari.fandom.com/
POMfannumber1's stories Wiki,http://pomfannumber1s-stories.fandom.com/
Universales Scribblenauts Wiki,http://universales-scribblenauts.fandom.com/de/
Thedudeshow Wiki,http://thedudeshow.fandom.com/
FLC- Wiki,http://flc.fandom.com/
Wiki Mundo canino,http://mundo-canino.fandom.com/es/
메탈 기어 위키,http://metalgear.fandom.com/ko/
VeryCool Wiki,http://mediawiki120.fandom.com/
Golden Globes Wiki,http://golden-globes.fandom.com/
Kornick Nine Wiki,http://kornick-nine.fandom.com/
La Jungla Wiki,http://diehard.fandom.com/es/
Anime Fanon Wiki,http://allanimefanonandfandoms.fandom.com/
The Camolot Wiki,http://the-camolot.fandom.com/
Swagioh Wiki,http://swagioh.fandom.com/
Wiki Clubpenguin2013,http://clubpenguin2013.fandom.com/fr/
Tachraids Wiki,http://tachraids.fandom.com/
The Raggy Dolls Wiki,http://the-raggy-dolls.fandom.com/
Nature of Nature's Art Wiki,http://nofna.fandom.com/
What Madness Is This Wiki,http://what-madness-is-this.fandom.com/
FIFi Wiki,http://fifis.fandom.com/
Haiiroo Wiki,http://haiiroo.fandom.com/
Codelyoko-roleplay Wiki,http://codelyokoroleplay.fandom.com/
Smosh Games Wiki,http://smoshgames.fandom.com/
Dogs&cats Wiki,http://dogscats.fandom.com/
Yo-kai Watch Wiki,http://yokaiwatch.fandom.com/
Berlin Tag und Nacht Wiki,http://berlin-tag-und-nacht.fandom.com/de/
Reddit Wrestling Federation Wiki,http://reddit-wrestling-federation.fandom.com/
The Hobbit & The Lord of the Rings Wiki,http://the-hobbit-the-lord-of-the-rings.fandom.com/
S.H.I.E.L.D. Wiki,http://shieldpedia.fandom.com/
Tigerstar's Early Years Wiki,http://tigerstars-early-years.fandom.com/
Oc world Wiki,http://oc-world.fandom.com/
The Mission: Humanity Game Wiki,http://the-mission-humanity-game.fandom.com/
Rav's Second Wiki,http://ravs-second.fandom.com/
Wiki Norjan,http://norjan.fandom.com/fr/
Homeland Wiki,http://homeland.fandom.com/de/
Galapygos Wiki,http://galapygos.fandom.com/
Lego star wars Cretions Wiki,http://lego-star-wars-cretions.fandom.com/
Survivor Wiki em Português,http://survivor.fandom.com/pt/
PrixandAvis Wiki,http://prixandavis.fandom.com/th/
Puffles Land! CPPS Wiki,http://puffles-land-cpps.fandom.com/
Bractwo Ciemności Wiki,http://bractwo-ciemnoci.fandom.com/pl/
Bionicle:new trilogy вики,http://bioniclenew-trilogy.fandom.com/ru/
Wiki The Dead Games,http://thedeadgames.fandom.com/fr/
The Tapestry Wiki,http://thetapestry.fandom.com/
AD MAIOREM DEI GLORIAM I Wiki,http://ad-maiorem-dei-gloriam-i.fandom.com/
MLB Stars Collection Wiki,http://mlbstarscollection.fandom.com/
Elemental Battle Grounds Wiki,http://elemental-battle-grounds.fandom.com/
LEGO Galaxy Squad Wiki,http://legogalaxysquad.fandom.com/
How I Found Your Mother Wiki,http://how-i-found-your-mother.fandom.com/
Mangirl! Wiki,http://mangirl.fandom.com/
PokémonMysteryDungeonAlpha Wiki,http://pokmonmysterydungeonalpha.fandom.com/
The Most Popular Girls in School Wiki,http://mpgis.fandom.com/
Technologipedia Wiki,http://technologipedia.fandom.com/
Wiki Inf Suricato,http://inf-suricato.fandom.com/es/
Ironfell Wiki,http://ironfell.fandom.com/
Systemic Risk of Financial Networks Wiki,http://systemicrisk.fandom.com/
Wiki Poké-Gear,http://pokgear.fandom.com/es/
Localități Wiki,http://localitati.fandom.com/ro/
Developer KB Wiki,http://csnd.fandom.com/
Total Drama Fanon Wiki,http://total-drama-fanon.fandom.com/pl/
Disney Infinity Wiki,http://disneyinfinity.fandom.com/
Wiki LJSmith,http://ljsmith.fandom.com/es/
Katzen Wiki,http://katzen.fandom.com/de/
Starforce Delta Wiki,http://starforce-delta.fandom.com/
Salem Institute of Magic Wiki,http://saleminstituteofmagic.fandom.com/
FreeFightRP Wiki,http://freefightrp.fandom.com/
Avatar Wiki,http://avatar.fandom.com/ca/
Wiki Los De La Nazza,http://los-de-la-nazza.fandom.com/es/
Silent Hill Вики,http://silenthill.fandom.com/ru/
My Dagestan вики,http://my-dagestan.fandom.com/ru/
Jyuden Sentai Kyoryuger Wiki,http://jyudensentaikyoryuger.fandom.com/
Back From The Grave Wiki,http://back-from-the-grave.fandom.com/
Anathdia Wiki,http://anathdia.fandom.com/
Project: Manual Wiki,http://project-manual.fandom.com/
Nextend Wiki,http://nextend.fandom.com/
User's of Hunger Games Wiki,http://users-of-hunger-games.fandom.com/
The Empyrean Minecraft Wiki,http://the-empyrean-minecraft.fandom.com/
Lego base 327 Wiki,http://lego-base-327.fandom.com/
Mazinger Wiki,http://mazinger.fandom.com/
Fight of the Foos Wiki,http://fight-of-the-foos.fandom.com/
Nathan's dnd Wiki,http://elara.fandom.com/
Wiki Capitan Trueno,http://capitan-trueno.fandom.com/es/
Babydow Wiki,http://babydowie.fandom.com/
Сумеречные охотники вики,http://shadowhunters.fandom.com/ru/
Highgrounds Wiki,http://highgrounds.fandom.com/
From Far Away Wiki,http://from-far-away.fandom.com/
Testxyz Wiki,http://testxyz.fandom.com/
Bob Budowniczy Wiki,http://bob-budowniczy.fandom.com/pl/
Wiki Dream Works animation,http://dream-works-animation.fandom.com/pt-br/
Warriors and Other Things Roleplay Wiki,http://warriors-and-other-things-roleplay.fandom.com/
Ariette Wiki,http://ariette.fandom.com/
Warriorcatsofthewildforest Wiki,http://warriorcatsofthewildforest.fandom.com/
Wiki Zona Tv,http://zona-tv.fandom.com/es/
Alpha and Omega Gaming Clan,http://nowayout.fandom.com/
Lumia Wiki,http://lumia.fandom.com/
Roxas Nobody 15 Pruebas,http://roxasnobody15.fandom.com/es/
Optdev Wiki,http://optdev.fandom.com/
Transformed Books Wiki,http://transformed-books.fandom.com/
Jack's Journey Wiki,http://jacksjourney.fandom.com/
Trez Kabob & auslly Gators Wiki,http://trez-kabob-auslly-gators.fandom.com/
Zwierzaki Wiki,http://zwierzak.fandom.com/pl/
Battle For Dream Island 2 Wiki,http://battle-for-dream-island-2.fandom.com/
Eon's Guide Wiki,http://eons-guide.fandom.com/
Warriors01 Wiki,http://warriors01.fandom.com/
Transformice! вики,http://transformice.fandom.com/ru/
중2병 위키,http://darkdestiny.fandom.com/ko/
Хитрые КВ вики,http://hcw.fandom.com/ru/
Rush Team Wiki,http://rush-team.fandom.com/
The Revengers Wiki,http://therevengers.fandom.com/
걸프렌드 위키,http://girlfriend.fandom.com/ko/
Salvation Wiki,http://salvationonline.fandom.com/
Fauna and flora Wiki,http://fauna-and-flora.fandom.com/
Haypi Monster Wiki,http://haypi-monster.fandom.com/
The ItsJerryAndHarry Wiki,http://itsjerryandharry.fandom.com/
Wiki Thecomicbook,http://thecomicbook.fandom.com/pt-br/
Samsunsatilikdaireler Wiki,http://samsunsatilikdaireler.fandom.com/
The Nega-Fergo Bunch Wiki,http://the-negafergo-bunch.fandom.com/
Мяфляндия,http://luch.fandom.com/ru/
1080° Wiki,http://1080.fandom.com/