Fillygroove & Hellcat's Wiki,http://fillygroove-hellcats.fandom.com/
Wiki Critical B.,http://critical-b-wiki.fandom.com/pt-br/
La Contaminación Del Medio Ambiente Wiki,http://la-contaminacion-del-medio-ambiente-paz-pepa.fandom.com/es/
Архив расы Восставших вики,http://archive6.fandom.com/ru/
Guardian Wiki,http://guardian-wiki.fandom.com/
Computerclan Wiki,http://computerclan.fandom.com/
Wafanci Wiki,http://wafanci.fandom.com/
SciTech Wiki,http://scitech-wiki.fandom.com/
RedAge RP вики,http://redage-rp.fandom.com/ru/
Mindnet Wiki,http://mindnet.fandom.com/
Orta Dünya Ansiklopedisi Wiki,http://ortadunya.fandom.com/
Voxica Wiki,http://voxica.fandom.com/
The Search for Truth Wiki,http://searchfortruth-nlg.fandom.com/
Jacobs Bizarre Eventyr Wikia,http://jacobs-bizarre-eventyr.fandom.com/da/
Robi Wiki,http://robi.fandom.com/
Ultimate Custom Night Rp Wiki,http://ultimate-custom-night-rp.fandom.com/
"В Инноминис" вики,http://toiinominis.fandom.com/ru/
SourLemon100000's Entry Point Wiki,http://sourlemon100000s-entry-point.fandom.com/
Gurps mad max Wiki,http://gurps-mad-max.fandom.com/
Happily Never After All Wiki,http://happily-never-after-all.fandom.com/
Clowntown Wiki,http://clowntown.fandom.com/
LootEx Wiki,http://lootex.fandom.com/
TLOPO Community RP Wiki,http://tlopo-rp.fandom.com/
Spotlight Game Shows Wiki,http://spotlight-gs.fandom.com/
World's Best Wiki,http://worlds-best.fandom.com/
DnDQe Wiki,http://dndqe.fandom.com/
Magic Chess Wiki,http://magic-chess.fandom.com/
Charlie's Colorforms City Wiki,http://charliescolorformscity.fandom.com/
Upcoming Wiki,http://upcoming.fandom.com/
Hermit's Stuff Wiki,http://hermits-stuff.fandom.com/
Daniel's Wiki,http://danielslife.fandom.com/
Star Trek: Tempest Wiki,http://star-trek-tempest.fandom.com/
Warriors - Riches of Love Wiki,http://warriors-riches-of-love.fandom.com/
Network Stage Wiki,http://network-stage.fandom.com/
Netflix company Wiki,http://netflix-company.fandom.com/es/
Project Nemesis Series Wiki,http://project-nemesis-series.fandom.com/
Mario Kart 9 Nintendo Switch Wiki,http://mario-kart-9-nintendo-switch.fandom.com/
Wiki Glossário Sessão Camarão,http://glossario-sessao-camarao.fandom.com/pt-br/
Amphibia Wiki,http://amphibia.fandom.com/es/
Bayareacommunityresources Wiki,http://bayareacommunityresources.fandom.com/
Katamaridamacyreroll Wiki,http://katamaridamacyreroll.fandom.com/es/
КВ Ролевая и Фанон вики,http://warriorscatsroleplayandfanon.fandom.com/ru/
Herramientascolaborati Wiki,http://herramientascolaborati.fandom.com/es/
Critical Bits Wiki,http://critical-bits.fandom.com/
Freedom Fighters NEO Wiki,http://freedom-fighters-neo.fandom.com/
Potion-danomi de Ikinobimasu! Wiki,http://potiondanomi-de-ikinobimasu.fandom.com/
Last Push Wiki,http://last-push.fandom.com/
Slime Rancher PL Wiki,http://slime-rancher-pl.fandom.com/pl/
Akasawa Murder Wiki,http://akasawa-murder.fandom.com/
Der Schwarze Thron Wiki,http://der-schwarze-thron.fandom.com/de/
Majipoor Wiki,http://majipoor.fandom.com/
Star Wars: A New Order Wiki,http://starwarsano.fandom.com/
Hawaii Five-O wiki,http://hawaii-fiveo.fandom.com/nl/
Genetical Wiki,http://genetical.fandom.com/
West End Dusters Wiki,http://west-end-dusters.fandom.com/
Wiki Wiki du monde epic,http://wiki-du-monde-epic.fandom.com/fr/
Uniwersum Żelaznego Mostu Wiki,http://uniwersum-zelaznego-mostu.fandom.com/pl/
Galaedros Wiki,http://galaedros.fandom.com/
Wiki Golden Hero Awards,http://golden-hero-awards.fandom.com/pt-br/
The Exiled Abyss Wiki,http://dnd-exiled-abyss.fandom.com/
Peikkovaltakunte Wikia,http://peikkovaltakunte.fandom.com/fi/
Wiki Les dragons de Dryxtopia,http://les-dragons-de-dryxtopia.fandom.com/fr/
Power Rangers: Legacy Wiki,http://power-rangers-legacy.fandom.com/
Robloxian Storm Chasers Wiki,http://robloxian-storm-chasers.fandom.com/
Foodgod's Food Truck Frenzy Wiki,http://foodgods-food-truck-frenzy.fandom.com/
Truth community,http://truth.fandom.com/he/
Arc of Alchemist Wiki,http://arc-of-alchemist.fandom.com/
Mom3 Wiki,http://mom3.fandom.com/
Evol Wiki,http://evol.fandom.com/zh-tw/
Poopfriends Wiki,http://poopfriends.fandom.com/
Game Wiki,http://gameworld.fandom.com/
Journal Wiki,http://orderjournal.fandom.com/
The Tales of Sodor Shorts Wiki,http://the-tales-of-sodor-shorts.fandom.com/
Danwiki Wiki,http://danwiki.fandom.com/de/
Awakened Beater Wiki,http://awakened-beater.fandom.com/
Nibiru Wiki,http://nibiru.fandom.com/
CityofBridges Wiki,http://cityofbridges.fandom.com/
Wiki Amia White,http://amia-white.fandom.com/fr/
JorvinPedia Wiki,http://jorvinpedia.fandom.com/
Jaykai Stealth Wiki,http://jaykaistealth.fandom.com/
NoPixel RP Wiki,http://nopixel-rp.fandom.com/
Astral's Fakemon Wiki,http://astralsfakemon.fandom.com/
Commonly Studios Wiki,http://commonly-studios.fandom.com/
Viridia Tales Wiki,http://viridiatales.fandom.com/
Darkvein Modpack Wiki,http://darkvein-modpack.fandom.com/
Cute critters and friends Wiki,http://cute-critters-and-friends.fandom.com/
Discord nations Wiki,http://discord-nation.fandom.com/
Wiki Lord Of Florestal,http://lord-of-florestal.fandom.com/pt-br/
Car-Mah's Arcane Boulevard Wiki,http://carmahs-arcane-boulevard.fandom.com/
Frosted Big Brother Wiki,http://frostedbigbrother.fandom.com/
Dynasty Mod Wiki,http://dynasty-mod.fandom.com/
Wiki Ovni,http://ovni.fandom.com/fr/
Ovni Wiki,http://ovni.fandom.com/es/
Shogun Comics Wiki,http://shogun-comics.fandom.com/
Tekky toys Wiki,http://tekky-toys.fandom.com/
Warriors - Twisting the Present Wiki,http://warriors-twisting-the-present.fandom.com/
Sotobjects Wiki,http://sotobjects.fandom.com/
NatureRules1 Wiki,http://naturerules1.fandom.com/
Freak Show Draft Wiki,http://fsdw.fandom.com/
Wiki Cele na 2019 r,http://cele-na-2019-r.fandom.com/pt-br/