Foxes and Dragons Wiki,http://fnddnd.fandom.com/pl/
Wiki Elden Ring,http://eldenring.fandom.com/fr/
Core Keeper вики,http://corekeeper.fandom.com/ru/
RoomSoot вики,http://roomsoot.fandom.com/ru/
초자연 위키,http://realparanormal.fandom.com/ko/
Bakugan Reboot Series Wiki,http://bakugan-reboot-series.fandom.com/
Astrid and Lilly Save the World Wiki,http://astridandlilly.fandom.com/
The DJ Squad MultiVerse Wiki,http://the-dj-squad-multiverse.fandom.com/
Chronicles of Katoe Wiki,http://chronicles-of-katoe.fandom.com/
United Comrades of Verloren Wiki,http://united-comrades-of-verloren.fandom.com/
Aspecticor Wiki,http://aspecticor.fandom.com/
LostWxrd Wiki,http://lostwxrd.fandom.com/
Sonic Pokémon: Anime Wiki,http://sonic-pokemon-anime.fandom.com/
Brian and Friends Wiki,http://brian-and-friends.fandom.com/
Chroma Chronicles Wiki,http://chroma-chronicles.fandom.com/
Dungeonfy Wiki,http://dungeonfy.fandom.com/
Happys Survivor Wiki,http://happys-survivora.fandom.com/
Gongo Tribe Federation Wiki,http://gongo-tribe-federation.fandom.com/
Total Drama Anarchy Wiki,http://total-drama-anarchy.fandom.com/
Object Oppose season 2 Wiki,http://object-oppose-season-2.fandom.com/
Grantchester Wiki,http://grantchester.fandom.com/
Madagascar Island Mania PC Wiki,http://madagascar-island-mania-pc.fandom.com/
Kyle and Snappy's Big Adventures Wiki,http://kyle-and-snappys-big-adventures.fandom.com/
Nick Lutsko Wiki,http://nicklutsko.fandom.com/
Robotverse Wiki,http://robotverse.fandom.com/
Activa Brewing Wiki,http://activa-brewing.fandom.com/nl/
The Golden Age Wiki,http://the-golden-age-alt-history.fandom.com/
Object Isle Wiki,http://object-isle.fandom.com/
Wiki OsuEspaña,http://osuespana.fandom.com/es/
Kylies Drag Race Wiki,http://kylies-drag-race-official.fandom.com/
CMCPU Wiki,http://cmcpu.fandom.com/
Plush Animals Wiki,http://plushanimals.fandom.com/
Streampunks Wiki,http://streampunks.fandom.com/
Equinoxpkmn Wiki,http://equinoxpkmn.fandom.com/
Inuhiro Wiki,http://inu-ni-nattara-suki-na-hito-ni-hirowareta.fandom.com/
Teh Mooze Rooner: Scorch Wiki,http://teh-mooze-rooner-scorch.fandom.com/
Super Stereo Wiki,http://squireofnovus.fandom.com/
Dogelore Wiki,http://dogelore2.fandom.com/
Newest Creepypasta Stories Wiki,http://newest-creepypasta-stories.fandom.com/
The NBB Content Wiki,http://the-nbb-content.fandom.com/
Kinetics Encyclopedia Wiki,http://kine-encyclopedia.fandom.com/
CatsAndSoup Wiki,http://catsandsoupgame.fandom.com/
Lioness Wiki,http://lioness.fandom.com/
Monster Musume Tower Defense Wiki,http://monmusutd.fandom.com/
Paratopic Wiki,http://paratopic.fandom.com/
FastRoleplay Wiki,http://fastroleplay.fandom.com/
WoF Home Wiki,http://wof-home.fandom.com/
The unanything wiki for dummies Wiki,http://the-unanything-wiki-for-dummies.fandom.com/
PSA/PIF Shi Wiki,http://pifshi.fandom.com/
Trolin Wiki,http://trolin.fandom.com/pl/
The RWK Encyclopaedia Wiki,http://royal-wrestling-kingdom.fandom.com/
StarFox Future Wiki,http://starfox-future.fandom.com/
Crystal of Dawn Wiki,http://crystal-of-dawn.fandom.com/
Roblox project rp revamp Wiki,http://roblox-project-rp-revamp.fandom.com/
Fifth Gen Wiki,http://fifth-gen.fandom.com/
The Marigold and Gold Magnet Show Wiki,http://the-marigold-and-gold-magnet-show.fandom.com/
The Power Of Two Wiki,http://the-power-of-two.fandom.com/
Find The Noobs: Custom Wiki,http://ftnoobscustomat.fandom.com/
Lemon Verse Wiki,http://lemon-verse.fandom.com/
Secret Saboteurs Wiki,http://secret-saboteurs.fandom.com/
Avoid the Dots Wiki,http://avoid-the-dots.fandom.com/
Вікі DreamTeam,http://dreamteam.fandom.com/uk/
Chase Chase Jokers Wiki,http://chase-chase-jokers.fandom.com/
The Squishmallow Adventures Wiki,http://the-squishmallow-adventureslands.fandom.com/
Wiki Chilver,http://chilver.fandom.com/es/
Finite Battles Wiki,http://finite-battles.fandom.com/
Luke's Drag Race Wiki,http://lh1official.fandom.com/
Discord Hogwarts Roleplay Characters Wiki,http://discord-hogwarts-roleplay-characters.fandom.com/
Scratch's smooth saturday Wiki,http://scratchs-smooth-saturday.fandom.com/
Gud grama twopointzero Wiki,http://gud-grama-twopointzero.fandom.com/
OnePieceSharedUniverse Wiki,http://onepieceshareduniverse.fandom.com/
XP and 108's Adventures Wiki,http://xp-and-108s-adventures.fandom.com/
Wiki Progressbar95 en Français,http://progressbar95-fr.fandom.com/fr/
My Pride OC Wiki,http://oc-my-pride.fandom.com/
Liam Tallent's International Media Library Wiki,http://liam-tallents-international-media-library.fandom.com/
The Banana Smoothie Mind Realm Wiki,http://the-banana-smoothie-mind-realm.fandom.com/
Endertube Card Bot Wiki,http://endertube-card-bot.fandom.com/
Wiki Animaciones Cutres,http://animaciones-cutres.fandom.com/es/
Wiki Brasileira de Progressbar95,http://progressbar95.fandom.com/pt-br/
Kingdom Industries Wiki,http://kingdom-industries.fandom.com/
Mega Bloks Dragons Universe Wiki,http://mega-bloks-dragons-universe.fandom.com/
Technotron Wiki,http://technotron.fandom.com/
Michael Jackson: The Experience Wiki,http://michael-jackson-the-experience.fandom.com/
The Murderer 2 Revamp Wiki,http://the-murderer-2-revamp.fandom.com/
New Centuries Wiki,http://new-centuries.fandom.com/
Wiki 648b5145-bb42-402c-ac72-7fe8f7f86893,http://648b5145bb42402cac727fe8f7f86893.fandom.com/fr/
Wiki 221a404e-d7f9-45ea-b2ff-4ed812cc2654,http://221a404ed7f945eab2ff4ed812cc2654.fandom.com/es/
Wiki Ttomalak language 002,http://ttomalak-language-002.fandom.com/es/
Ttomalak language 001 Wiki,http://ttomalak-language-001.fandom.com/pl/
7a8ff10a-c577-46ed-ae49-89e30278d4a9 Wiki,http://7a8ff10ac57746edae4989e30278d4a9.fandom.com/pl/
Wiki Ttomalak language,http://ttomalak-language.fandom.com/es/
Stachu-ucp-1372 Wiki,http://stachuucp1372.fandom.com/pl/
Wiki Af0fb533-a860-4ae8-b990-a7317c9ccca2,http://af0fb533a8604ae8b990a7317c9ccca2.fandom.com/fr/
Af0fb533-a860-4ae8-b990-a7317c9ccca2 Wiki,http://af0fb533a8604ae8b990a7317c9ccca2.fandom.com/pl/
Wiki 2475b08b-b465-4673-8b8c-3e0738b40001,http://2475b08bb46546738b8c3e0738b40001.fandom.com/es/
Stachuucp1371 Wiki,http://stachu-ucp-1371.fandom.com/pl/
Stachu-ucp-137 Wiki,http://stachu-ucp-137.fandom.com/pl/
D8ed8fd8-13bf-4f79-accb-b5b4419cb496 Wiki,http://d8ed8fd813bf4f79accbb5b4419cb496.fandom.com/
Omega Layers Wiki,http://omega-layers.fandom.com/
Ceizarsstudios Wiki,http://ceizarsstudios.fandom.com/