Pedagogía Wiki,http://pedagogiageneral.fandom.com/es/
Xendelos Wiki,http://xendelos.fandom.com/
MagicArena Wiki,http://magicarena.fandom.com/
Foxstar Wiki,http://foxstar.fandom.com/
Wiki Francophone Fortnite,http://fortnite.fandom.com/fr/
Cats Revenge 4 Wiki,http://cats-revenge-iv.fandom.com/
Tio Wiki,http://tio.fandom.com/es/
SACapedia Wiki,http://sacapedia.fandom.com/
Opowieści Suchej Treści Wiki,http://opowiescisuchejtresci.fandom.com/pl/
The Conquerors Wiki,http://theconquerors.fandom.com/
Weki Meki Wiki,http://wekimeki.fandom.com/
no,http://brodrene-dal.fandom.com/no/
Ktarn Fleet Command Wiki,http://ktarnfleet.fandom.com/
Wiki Agatizia,http://agatizia.fandom.com/fr/
Dr Havoc's Diary Wiki,http://dr-havocs-diary.fandom.com/
Through The Portal Wiki,http://throughtheportal.fandom.com/
Deathabrine21 Wiki,http://deathabrine21.fandom.com/
Zon Wikia,http://zon.fandom.com/sv/
Supernatural next generation Wiki,http://supernatural-next-generation.fandom.com/
Invisible Clergy Wiki,http://invisible-clergy.fandom.com/
Alternative Countries Wiki,http://alternative-countries.fandom.com/
PowerCrunch Wiki,http://powercrunch.fandom.com/
DnD Adventurers League PH Wiki,http://dnd-adventurers-league-ph.fandom.com/
SaltyTeams Wiki,http://saltyteams.fandom.com/
The Nut Job Wiki,http://the-nut-job.fandom.com/
Revolution: Magic & Steam Wiki,http://revolution-magic-steam-1.fandom.com/
Wiki Eden Eternal,http://eden-eternal-aeria-games-fr.fandom.com/fr/
WikiCat Wiki,http://wikicat.fandom.com/es/
Day 5 Wiki,http://day-5.fandom.com/
Kaldesin Wikia,http://kaldesindunyasi.fandom.com/tr/
The Call to Arms Wiki,http://the-call-to-arms.fandom.com/
Alyson Harker Wiki,http://alysonharker.fandom.com/
Itzscallywag Wiki,http://itzscallywag.fandom.com/
Object Overmake Wiki,http://object-overmake.fandom.com/
Anthony Morgan Book Series Wiki,http://anthony-morgan-book-series.fandom.com/
Toonix Wiki,http://toonix.fandom.com/
Transformers Cinematic Universe Wiki,http://tfcu.fandom.com/es/
Centros Urbanos PUJ Wiki,http://centros-urbanos-puj.fandom.com/es/
Sipe, me world Wiki,http://sipe-me-world.fandom.com/
The Lords of Nomrial Wiki,http://the-lords-of-nomrial.fandom.com/
MD Sports Diversity Wiki,http://md-sports-diversity.fandom.com/
Santet Wiki,http://santet.fandom.com/
Idols Forever Wiki,http://idols-forever.fandom.com/
Jodan111's SpongeBob Wiki,http://spongebob-user.fandom.com/
Guardians of the Galaxy Wiki,http://guardianofthegalaxy.fandom.com/
Exogears2 Wiki,http://exogears2.fandom.com/
Spookiz Wiki,http://spookiz.fandom.com/
VS Fights Wiki,http://vs-fights.fandom.com/
Closers Online Wikia,http://closersonline.fandom.com/id/
Uzay Polisi Wikia,http://uzaypolisi.fandom.com/tr/