Gone Home Wiki,http://gonehome.fandom.com/
Nathan & Ben Wiki,http://nathanben.fandom.com/
8flavahz Wiki,http://8flavahz.fandom.com/
Happy Feet Fanon Wiki,http://happy-feet-fanon.fandom.com/
Resident Evil & Silent Hill Wiki,http://resident-evil-silent-hill.fandom.com/
The Black Swords Wiki,http://the-black-swords.fandom.com/
My webkinz Wiki,http://my-webkinz.fandom.com/
Latenightbite Wiki,http://latenightbite.fandom.com/
Wiki Mundo Baranguete,http://baranguete.fandom.com/pt-br/
UnovaRPG Wiki,http://officialunovarpg.fandom.com/
Wiki PokéNews,http://poknews.fandom.com/es/
My Little Equinox Wiki,http://my-little-equinox.fandom.com/
Destiny's Child Wiki,http://destinyschild.fandom.com/
Spandrill Wiki,http://spandrill.fandom.com/sv/
Симс Вики,http://sims.fandom.com/sr/
Wiki Astrologie,http://astrologie.fandom.com/fr/
Wiki A Pedra dos Sonhos,http://a-pedra-dos-sonhos.fandom.com/pt-br/
Calvincraft Wiki,http://calvincraft.fandom.com/
GP3 Series Wiki,http://gp3-series.fandom.com/
TheGreatMt2 Wiki,http://thegreatmt2.fandom.com/
Subway Surfers Wiki,http://subwaysurf.fandom.com/no/
Ending Tranquility Wiki,http://ending-tranquility.fandom.com/
Wizard101 Italiano Wiki,http://wizard101.fandom.com/it/
Create More Better Different Wiki,http://createmorebetterdifferent.fandom.com/
Wiki Pokémon Magnesio,http://pokemagnesio.fandom.com/es/
Spike Team Wiki,http://spike-team.fandom.com/pl/
Super Smash Flash Fannon Wiki,http://smashflashfannon.fandom.com/
Age of Wulin (Wushu) Wiki,http://ageofwulin.fandom.com/de/
Rejected Evil Wiki,http://rejected-evil.fandom.com/
ADAM: Heart of Blood Wiki,http://adam-heart-of-blood.fandom.com/
Pokemon Aventurine Wiki,http://pokemonaventurine.fandom.com/
KalDaarPedia Wiki,http://kaldaarpedia.fandom.com/
TeenCartoonFilm Wiki,http://teencartoonfilm.fandom.com/
Newhart Wiki,http://newhart.fandom.com/
Wiki GalacticKingdomGK,http://galactickingdomgk.fandom.com/pt/
Primal Diet Wiki,http://primal-diet.fandom.com/
Baby Looney Tunes Fanon Wiki,http://baby-looney-tunes-fanon.fandom.com/
Animaniacsfans Wiki,http://classicwarnerbros-oc-database.fandom.com/
Dtoons Productions Wiki,http://dtoons-productions.fandom.com/
Guns in Media Wiki,http://guns-in-media.fandom.com/
Wandering Ronin Wiki,http://wandering-ronin.fandom.com/
Wiki Feed The Craft,http://feedthecraft.fandom.com/fr/
Wiki Hora de aventura con Funn y Jack,http://hora-de-aventura-con-funn-y-jack.fandom.com/es/
GravityStar Wiki,http://gravitystar.fandom.com/
Wiki Trucos de clubpenguin de bamba60023,http://trucos-de-clubpenguin-de-bamba60023.fandom.com/es/
Thiswikiwiththat Wiki,http://thiswikiwiththat.fandom.com/
Altaron4ever Wiki,http://altaron4ever.fandom.com/pl/
Lost Episode Creepypasta Wiki,http://lostepisodecreepypasta.fandom.com/
Deception Wiki,http://deception.fandom.com/
Wiki Trigun,http://trigun.fandom.com/es/