Piken Square Roleplayers Wiki,http://piken-square.fandom.com/
Ninja Coolio Warrior Wiki,http://ninja-coolio-warrior.fandom.com/
Ragnarok Freak Wiki,http://ragnarok-freak.fandom.com/
Runeperfection Wiki,http://runeperfection.fandom.com/
Pirates Wiki,http://piratesmedia.fandom.com/
Bibliotekoznawstwo Wiki,http://bibliotekoznawstwo.fandom.com/pl/
World of Pure Magic and Magical Creatures Wiki,http://world-of-pure-magic-and-magical-creatures.fandom.com/
Renegade-X Wiki,http://renegade-x-archive.fandom.com/
Fanta Wiki,http://fanta.fandom.com/
Wiki El Rol de Hielo y Fuego,http://elroldehieloyfuego.fandom.com/es/
Charmed2.0 Series Wiki,http://charmed2-series.fandom.com/
Galaxy Legend Wiki,http://galaxylegend.fandom.com/
Piroman Wiki,http://piroman.fandom.com/
Vici Historiae Alternativae,http://althistory.fandom.com/la/
Mr. Mine Wiki,http://mrmine.fandom.com/
Wiki KenpokanDojo,http://kenpokandojo.fandom.com/fr/
PR Sentai Fanon Wiki,http://pr-sentai-fanon.fandom.com/
Сhicken Invaders вики,http://chicken-invaders.fandom.com/ru/
Once Upon a Time... Life Wiki,http://once-upon-a-time-life.fandom.com/
Ansua Wiki,http://ansua.fandom.com/
CentralCityUnlimited Wiki,http://centralcityunlimited.fandom.com/
Jinxed Wiki,http://jinxednickmovie.fandom.com/
Playable Characters in Video Games Wiki,http://playable-characters-in-video-games.fandom.com/
Wiki Un Angel entre Camelias,http://un-angel-entre-camelias.fandom.com/es/
The Young United Wiki,http://the-young-united.fandom.com/
Team Overbite Wiki,http://team-overbite.fandom.com/
Neopolem Buonaparte wiki,http://neopolem-buonaparte.fandom.com/nl/
Alice's Next Top Model Wiki,http://alices-next-top-model.fandom.com/
Wiki Monsterjam,http://monsterjam.fandom.com/pt-br/
Mineralogy Wiki,http://mineralogy.fandom.com/
Minecraft knowhow Wiki,http://minecraft-knowhow.fandom.com/
Wiki Highloid (Fanloid),http://highloid-fanloid.fandom.com/es/
Big Time Rush Fanon Wiki,http://big-time-rush-fanon.fandom.com/
Cane Wiki,http://cane.fandom.com/
Greenpedia Wiki,http://greenpedia10.fandom.com/
Deadbyapril Wiki,http://deadbyapril.fandom.com/
Godra Wiki,http://godra.fandom.com/
StellarExchange Wiki,http://stellarexchange.fandom.com/
Mage the Awakening Wiki,http://mage.fandom.com/it/
Six guns multiplayer Wiki,http://six-guns-multiplayer.fandom.com/
Professor Joe Goldblatt Wiki,http://professorjoegoldblatt.fandom.com/
Equillium Wiki,http://equillium.fandom.com/
Dog with a blog fanon Wiki,http://dog-with-a-blog-fanon.fandom.com/
Von's secret Wiki,http://vons-secret.fandom.com/
Retaypedia Wiki,http://retaypedia.fandom.com/
The Unofficial Calvin and Hobbes Wiki,http://unofficialcalvinandhobbes.fandom.com/
Divine Reality Wiki,http://divine-reality.fandom.com/
The Free Lands Wiki,http://the-free-lands.fandom.com/
Trell Worlds Wiki,http://trell-worlds.fandom.com/
Clumsy Ninja Wiki,http://clumsyninja.fandom.com/
The Sorcerer Wiki,http://thesorcerer.fandom.com/
Mirai Nikki Fanon Wiki,http://mirai-nikki-fanon.fandom.com/pl/
Don't Starve Wiki,http://dont-starve-game.fandom.com/vi/
Thomas Push Along Wiki,http://thomas-push-along.fandom.com/
Галактика Секлорус вики,http://galseclorus.fandom.com/ru/
Orvieto database Wiki,http://orvieto.fandom.com/
キュッチャニア Wiki,http://kyuchania.fandom.com/ja/
Multiplayer Map Editor Wiki,http://multiplayermapeditor.fandom.com/
DEEMO Wiki,http://deemo.fandom.com/
Slayer - Vampire Chronicles Wiki,http://slayer-vampire-chronicles.fandom.com/
LordStarscream100 Wiki,http://lordstarscream100films.fandom.com/
Prophecy of the Magi Wiki,http://prophecy-of-the-magi.fandom.com/
WoodenFreeze Wiki,http://woodenfreeze.fandom.com/
Bloons Monkey City Info Wiki,http://bloons-monkey-city-info.fandom.com/
Idle Mine Wiki,http://idle-mine.fandom.com/
Omnis Region Encyclopedia Wiki,http://omnis-region.fandom.com/
Velone Wiki,http://velone.fandom.com/
Butterfly Valley Wiki,http://butterfly-valley.fandom.com/
Moon Guard Council of Bishops Wiki,http://mgcob.fandom.com/
Wiki Meganebu!,http://meganebu.fandom.com/es/
SmallWorlds Wiki,http://thesmallworlds.fandom.com/
Roblox Pokemon Legends Wiki,http://roblox-pokemon-legends.fandom.com/
Feed the Beast Deutsch Wiki,http://feed-the-beast-deutsch.fandom.com/de/
LOTRs Return of the King (Game Boy Advanced game) Wiki,http://lotrs-return-of-the-king-game-boy-advanced-game.fandom.com/
Craft The World Wiki,http://craft-the-world.fandom.com/pl/
Pepper Panic Saga Wiki,http://pepper-panic-saga.fandom.com/
MyZombieCharacters Wiki,http://myzombiecharacters.fandom.com/
The Paper Puppets Wiki ( object show ) Wiki,http://the-paper-puppets-wiki-object-show.fandom.com/
List-of-episodes Wiki,http://listofepisodes.fandom.com/
Afosis Wiki,http://afosis.fandom.com/
Whatever Happned To Robot Jones? Wiki,http://whatever-happned-to-robot-jones.fandom.com/
Clash of Clans Wiki,http://clashofclans.fandom.com/nl/
Der Clan der Wölfe Wiki,http://der-clan-der-wolfe.fandom.com/de/
E4sDeadSet Wiki,http://e4sdeadset.fandom.com/
Sydney-Bigfarm Wiki,http://sydneybigfarm.fandom.com/
E&BTV Wiki,http://ebtv.fandom.com/
Wiki LEGO Friends,http://lego-friends.fandom.com/fr/
Fanon Ponies Wiki,http://fanonponies.fandom.com/
Mass Effect Wiki,http://masseffect.fandom.com/fi/
The Future Is Wild Wiki,http://future-is-wild.fandom.com/
Wiki DanganRonpa,http://danganronpa.fandom.com/fr/
ChaoticTesting Wiki,http://chaoticshadowstesting.fandom.com/
Wiki Enter the Matrix,http://enter-the-matrix.fandom.com/pt-br/
Wiki Hda,Bravestwarriors,Usm,http://hdabravestwarriorsusm.fandom.com/es/
Therhetoricalsituation Wiki,http://thesitch.fandom.com/
DJ Card Holder Wiki,http://djcardholder.fandom.com/
Pearls Before Swine's Total Drama Wiki,http://pearls-before-swines-total-drama.fandom.com/
Tumble Dillo Wiki,http://tumble-dillo.fandom.com/
Killer Women Wiki,http://killerwomen.fandom.com/
Sakura Pokémon Wiki,http://sakura-pokemon.fandom.com/