Crimson Dawn: The Imperium Comes To 1984 Wiki,http://crimson-dawn-the-imperium-comes-to-1984.fandom.com/
PNP Wiki,http://pnp.fandom.com/de/
Australian Storm 1876 Wiki,http://australian-storm-1876.fandom.com/
Tabahgames Roleplay Wiki,http://tabahgames-roleplay.fandom.com/
Pizza Tower 简体中文维基,http://pizzatower.fandom.com/zh/
ARK Survival Ascended Wiki,http://ark-asa.fandom.com/
Team Byte's Backrooms Wiki,http://teambytebackrooms.fandom.com/
MASTERS Wiki,http://masters.fandom.com/
Empire in Flames Wiki,http://empire-in-flames.fandom.com/
FreeBuild Wiki,http://freebuild.fandom.com/
Equilíbrio Wiki,http://equilibrio.fandom.com/pt-br/
LordTriangleTheater Wiki,http://lordtriangletheater.fandom.com/
Wiki Trabajos,http://trabajos.fandom.com/es/
On a Leash Wiki,http://onaleash.fandom.com/
Supremo what's nextbots Wiki,http://supremo-whats-nextbots.fandom.com/
Return of the Councelor Wiki,http://return-of-the-councelor.fandom.com/
Cookie & Cream Wiki,http://cookie-cream.fandom.com/
The Venom Hivemind Wiki,http://the-venom-hivemind.fandom.com/
Team Komadori Wiki,http://komadori.fandom.com/
Lands of Asteron Wiki,http://lands-of-asteron.fandom.com/
КруглыйКакиш Вики,http://krugliikakish.fandom.com/ru/
Animatronicshows Wiki,http://animatronicshows.fandom.com/
Gacha ultimate adventure Wiki,http://gacha-ultimate-adventure.fandom.com/
The Rick Charette Show Wiki,http://trcshow.fandom.com/
Suburban Atlas Wiki,http://suburban-atlas.fandom.com/
Base defence Wiki by realguest3920 Wiki,http://base-defence-wiki-by-realguest3920.fandom.com/
Zhri'Amar Dhromos Wiki,http://zhriamar-dhromos.fandom.com/
Twilight Zone Wiki,http://twilightzone.fandom.com/de/
The Amazing Digital Circus Wiki,http://tadc.fandom.com/pl/
Martadello Вики,http://martadello.fandom.com/ru/
Вселенная TriTri Вики,http://tritri.fandom.com/ru/
Admeus Cult Wiki,http://admeus-cult.fandom.com/
Synthetik 2 Wiki,http://synthetik-2.fandom.com/
Wiki Fana de caisse,http://fana-de-caisse.fandom.com/fr/
Lastempire Wiki,http://lastempire.fandom.com/
אנימיוזיקלס Wiki,http://animusicals.fandom.com/he/
Wiki Tablos,http://tablosaf.fandom.com/es/
Warhammer Homebrew Wiki,http://warhammer-homebrew.fandom.com/
Янфик Вики,http://yanfik.fandom.com/ru/
Wiki Insurgencia Mecánica,http://insurgencia-mecanica.fandom.com/es/
Effortful's Difficulties Wiki,http://effortfuls-difficulties.fandom.com/
Half Empty Wiki,http://half-empty.fandom.com/
NEFFEX Wiki,http://neffex.fandom.com/
Wiki Enshrouded,http://enshrouded.fandom.com/fr/
_ight 위키,http://dearight.fandom.com/ko/
Wiki Chicagoverse,http://chicagoverse.fandom.com/fr/
Project World D&D Вики,http://project-world-dnd.fandom.com/ru/
Shifting Times Wiki,http://shifting-times.fandom.com/
Roblox History Wiki,http://roblox-history.fandom.com/
Bodies Wiki,http://bodies.fandom.com/
Omega Street Wiki,http://fictitious-omega-street.fandom.com/
Planet Pliar Wiki,http://planet-pliar.fandom.com/
Stevesupermind's alternate MC future Wiki,http://stevesuperminds-alternate-mc-future.fandom.com/
Wiki Argenteus,http://argenteus.fandom.com/es/
Legacies: Witch Hunt Wiki,http://tvduniverse.fandom.com/
Angren Imagination Wiki,http://angren-imagination.fandom.com/
Villains Broken or Pure evil Wiki,http://villains-broken-or-pure-evil.fandom.com/
Come From Away Wiki,http://come-from-away.fandom.com/
Cubes(ARG) julians editor Wiki,http://cubesarg-julians-editor.fandom.com/
Super Pickleball Adventure Wiki,http://super-pickleball-adventure.fandom.com/
NaturaORG Wiki,http://naturaorg.fandom.com/
Slendytubbies Infection Winter Wiki,http://slendytubbies-infection-winter.fandom.com/pt-br/
ROOMS: Low Detailed Wiki Restur Wiki,http://rooms-low-detailed-wiki-restur.fandom.com/
Alaskan Road Truckers Wiki,http://alaskan-road-truckers.fandom.com/
Itagaki's Ninja Gaiden Wiki,http://itagakininjagaiden.fandom.com/
English Evolution Wiki,http://english-evolution.fandom.com/
Masqueradess Character Lore Wiki,http://masqueradess-character-lore.fandom.com/
Wiki Kenia Os,http://kenia-os.fandom.com/es/
Smilebox Wiki,http://smilebox.fandom.com/
Finding Frankie Wiki,http://finding-frankie.fandom.com/
Wiki of Havfron Wiki,http://havfron.fandom.com/
Paul's bobel gaem 3 Wiki,http://pauls-bobel-gaem-3.fandom.com/
Neuroscape Wiki,http://neuroscape.fandom.com/
Crossover World Wiki,http://crossover-world-encyclopedia.fandom.com/
Chants of Sennaar Wiki,http://chants-of-sennaar.fandom.com/
Sticky Wiki,http://stickipadi.fandom.com/
Brittany's Speeds Wiki,http://brittanys-speeds.fandom.com/
Terraria 3d Wiki,http://terraria-3d.fandom.com/
Wiki The Lost Incident & The Chaotic Creators Database,http://tlitcc-db.fandom.com/es/
Semeyon(Marcus) Вики,http://semeyonmarcus.fandom.com/ru/
Starvlust5567 Wiki,http://starvlust5567.fandom.com/
Thecompetitionaboutmostlyfightingeveryone Wiki,http://tcamfecamp.fandom.com/
Slugcat rooms Wiki,http://slugcat-roomss.fandom.com/
Ann Wiki,http://annrpg.fandom.com/
The Ultra Custom Night Card Game Wiki,http://ultra-custom-night-card-game.fandom.com/
Wiki Archivo Insular,http://archivo-insular.fandom.com/es/
Caelum Mare Wiki,http://caelum-mare.fandom.com/
The Uncanny Templates Wiki,http://the-uncanny-templates.fandom.com/
EpicSamurai's Wiki,http://epicsamurais.fandom.com/
Rooms: The Abandoned Remains Wiki,http://rooms-the-abandoned-remains.fandom.com/
Topaz RPG Wiki,http://topazrpg.fandom.com/
FNaTI RP: Abandoned Redux Wiki,http://farbeyondyou.fandom.com/
Multicraft Wiki,http://multicraft.fandom.com/
Good Universe by Better World Wiki,http://good-universe-by-better-world.fandom.com/
WWF N CAN YOU SEE US BIOLOG WEBSITE Wiki,http://wwf-n-can-you-see-us-biolog-website.fandom.com/
Braveclan Wiki,http://braveclan-unofficial.fandom.com/
KAAFA Wiki,http://kaafa.fandom.com/
Toilet Tower Defense Fanon Wiki,http://toilet-tower-defense-ideas.fandom.com/
Wiki Kai Lan Y sus nuevos amigos,http://kai-lan-y-sus-nuevos-amigos.fandom.com/es/
DND zhostka Вики,http://dnd-zhostka.fandom.com/ru/
Baldi's nextbots Wiki,http://baldis-nextbots.fandom.com/
Wolf Song: The Movie Wiki,http://wolf-song-the-movie.fandom.com/
Arena Fighters Wiki,http://arena-fighters.fandom.com/
Epos Wiki,http://epos.fandom.com/
Wrath Warrior Wiki,http://wrath-warrior.fandom.com/
Feats, Cosmology and Outsmarting Scaling Wiki,http://fcos.fandom.com/
Espaço da TV Wiki,http://espaco-da-tv.fandom.com/pt-br/
Forza horizon and Need for speed Wiki,http://forza-nfs.fandom.com/
Svenska dubbningar Wikia,http://svenskadubbningar.fandom.com/sv/
Wiki Gaulthisme,http://gaulthisme.fandom.com/fr/
Ahorn Вики,http://ahorn.fandom.com/ru/
ASTRALIZON Wiki,http://astralizon.fandom.com/
DaBoyz Wiki,http://daboyz.fandom.com/
Cavern Of Dreams Wiki,http://cavern-of-dreams.fandom.com/
ICMation Wiki,http://icmation.fandom.com/
Inherit the Earth Wiki,http://inherittheearth.fandom.com/
Attack of the Saucer Men Wiki,http://attack-of-the-saucer-men.fandom.com/
Pop Os Wiki,http://pop-os.fandom.com/
The Hedgat Wiki,http://the-hedgat.fandom.com/
Universo Wunderlich Wiki,http://universo-wunderlich.fandom.com/pt-br/
The Scratchrooms Archive Wiki,http://charizard-scratchrooms.fandom.com/
You Don't Know Jack Questionpedia Wiki,http://ydkj.fandom.com/
The Chill Server Wiki,http://the-chill-server.fandom.com/
Crossing Cards Wiki,http://crossingcards.fandom.com/
Geosphere Wiki,http://geosphere.fandom.com/
Le Avventure di Freddy & Foxy SAGA Wiki,http://le-avventure-di-freddy-foxy-saga.fandom.com/
The Specialists Wiki,http://the-specialists.fandom.com/
TenkafuMA! Wiki,http://tenkafuma.fandom.com/
Anternla Вики,http://anternla.fandom.com/ru/
Obscure SMP Wiki,http://obscure-smp.fandom.com/
The Free Effortful Wiki,http://the-free-effortful.fandom.com/
Issei Guy Wiki,http://issei-guy-streamer.fandom.com/
Wiki Vietnamese Custom Backrooms,http://vicbc.fandom.com/vi/
Chłopaki z baraków Wiki,http://trailerpark.fandom.com/pl/
Voxel Defenders Wiki,http://voxel-defenders.fandom.com/
정보 위키,http://gyonyong12.fandom.com/ko/
Hatsune Miku Wiki,http://hatsune-miku.fandom.com/
Akwaria Wiki,http://akwaria.fandom.com/
Engines of Eight Fanon Wiki,http://eo8-fanon.fandom.com/
Libraries Wiki,http://libraries.fandom.com/
Wiki Mitología Clásica,http://mitologia-clasica.fandom.com/es/
Rain world Scavenger Wiki,http://rain-world-scavenger.fandom.com/
Harmoe Wiki,http://harmoe.fandom.com/
Mitsukiia Blossom Wiki,http://mitsukiia-blossom.fandom.com/
B1ink01 Wiki,http://b1ink01.fandom.com/
Swords of Legend Online Wiki,http://swords-of-legend-online.fandom.com/
Spotwhat Wiki,http://spotwhat.fandom.com/
Tanaka's Abs House Wiki,http://tanaka-ohno.fandom.com/
中国公路 Wiki,http://chinahighway.fandom.com/zh/
NuZone Gears Wiki,http://nuzone-gears.fandom.com/
The Mazerooms Wiki,http://the-mazerooms.fandom.com/
The original pantheon Wiki,http://the-original-pantheon.fandom.com/
Bizarre Guest Day Wiki,http://bizarre-guest-day.fandom.com/
Baldur's Gate 3 Guide Wiki,http://baldurs-gate-3-guide.fandom.com/
Video games lores Wiki,http://video-games-lores.fandom.com/
Products of Steveington-Omega CO. Wiki,http://stviproducts.fandom.com/
Jörðealam Wiki,http://jordealam.fandom.com/
The Film Lovers Wiki,http://the-film-lovers.fandom.com/
Tango’s Characters Pedia Wiki,http://tangos-characters-pedia.fandom.com/
JToHs Seriously Too Hard Wiki,http://jtohs-seriously-too-hard.fandom.com/
SADENVERSE Wiki,http://sadenverse.fandom.com/
Logic Arrows Вики,http://logic-arrows.fandom.com/ru/
Deus Ex Somino Wiki,http://deus-ex-somino.fandom.com/
Battle Crush Wiki,http://battle-crush.fandom.com/
Wiki Confrérie von Sparta,http://confrerie-von-sparta.fandom.com/fr/
Raeed Asheque Wiki,http://raeed-asheque.fandom.com/
Port City (Español) Wiki,http://port-city-es.fandom.com/es/
BFBCMR Wiki,http://bfbcmr.fandom.com/
Captain America: Legend Reborn Wiki,http://captainamericalegendreborn.fandom.com/
The only way out Wiki,http://the-only-way-out.fandom.com/
Pokemon Pathways Wiki,http://pokemon-pathways.fandom.com/
Kelly and Your Brothers (Sitcom) Wiki,http://kelly-and-your-brothers-sitcom.fandom.com/pt-br/
Blandings Wiki,http://blandings.fandom.com/
Roblox: Button Forge Simulator Wiki,http://roblox-button-forge-simulator.fandom.com/
A new Hope. Wiki,http://a-new-hope.fandom.com/
Life In Future Wiki,http://life-in-future.fandom.com/
Earth-81 Wiki,http://earth-81.fandom.com/
Elyria Wiki,http://veridianrepublic.fandom.com/
Θξψ Wiki,http://txps.fandom.com/
Duck adventures Wiki,http://duck-adventures.fandom.com/
Souldeep Wiki,http://souldeep.fandom.com/
The Campsite Wiki,http://campsomalia.fandom.com/
Fatlandia Wiki,http://fatlandia.fandom.com/
Kamiyeps5 fantasy world Wiki,http://amazing-kamiyeps5s-fantasy-world.fandom.com/
Samsara Wiki,http://samsara.fandom.com/
Murder Drones - Apocalyptic Chaos Wiki,http://mdacrp.fandom.com/
Project Mercury Wiki,http://project-mercury.fandom.com/
Stormy Lagoon Wiki,http://stormylagoon.fandom.com/
Dicefolk Wiki,http://dicefolk.fandom.com/
BackroomsPlus Wiki,http://backroomsplus.fandom.com/
InfiniteVerse Encyclopedia Wiki,http://infiniteverse-encyclopedia.fandom.com/
Crazy Stairs RPG Wiki,http://csrpg.fandom.com/
Girls Of The Lost Wiki,http://girls-of-the-lost.fandom.com/
EvolGenm Wiki,http://evolgenm.fandom.com/
Rooms of terror fanmade Wiki,http://rooms-of-terror-fanmade.fandom.com/
人偶情缘 Wiki,http://marico.fandom.com/zh/
Batkitty Wiki,http://batkitty.fandom.com/
Nuclear Super Rad Show Wiki,http://nuclear-super-rad-show.fandom.com/
Kelseys Sims The Challenge Wiki,http://kelseys-sims-the-challenges.fandom.com/
The South Lakes Wiki,http://the-south-lakes.fandom.com/
Yet Another Zombie Survivors Wiki,http://yet-another-zombie-survivors.fandom.com/
Stuff Lane Wiki,http://stuff-lane.fandom.com/
Collision Point Wiki,http://collision-point.fandom.com/
Wiki ForoESC,http://foroesc.fandom.com/es/
The Curse Wiki,http://thecurse.fandom.com/
NF Wiki,http://nfslays.fandom.com/
Colin From Accounts Wiki,http://colin-from-accounts.fandom.com/
Wiki Stray Kids,http://stray-kids.fandom.com/es/
Undertale: Arena Wiki,http://undertale-arena.fandom.com/
AmoguClicker Wiki,http://amoguclicker.fandom.com/
West Coast Eagles Footy Card Wiki,http://wcecardpedia.fandom.com/
Boojum Wiki,http://boojum.fandom.com/
CBS Sims Wiki,http://cbs-sims.fandom.com/
Sensitive Tools Wiki,http://vpn-restricted-sensitive-tools.fandom.com/
Nice! Nice! Nicky! Wiki,http://nice-nice-nicky.fandom.com/
Stars Aligned, Threads of Destiny Woven Wiki,http://satodw.fandom.com/ja/
NarutoKona RP Вики,http://narutokona-rp.fandom.com/ru/
Dash Wiki,http://erguhwoucvh.fandom.com/
Mycelium Wiki,http://mycelium.fandom.com/
Online Search Wiki,http://online-search.fandom.com/
UndeRobloxia Wiki,http://underobloxia.fandom.com/
Rider Wiki,http://rider.fandom.com/
Class of '09 Wiki,http://class-of-nine.fandom.com/
MOA Magical Friends Wiki,http://moa-magical-friends.fandom.com/
Legrandh Wiki,http://legrandh.fandom.com/
Wiki Havenbrook,http://havenbrook.fandom.com/fr/
Furry Pets Вики,http://furry-pets.fandom.com/ru/
Saxman2557 Wiki,http://saxman2557.fandom.com/
Bread & Fred Wiki,http://bread-fred.fandom.com/
Sticky Business Wiki,http://sticky-business.fandom.com/
Definitely Not Fried Chicken Wiki,http://definitely-not-fried-chicken.fandom.com/
Kill The Crows Wiki,http://kill-the-crows.fandom.com/
Fish ocs Wiki,http://fishocs.fandom.com/
Alpha's Vengeance Wiki,http://alphas-vengeance.fandom.com/
Cop Universe Wiki,http://copuniverse.fandom.com/
Rome at War Mod for Age of Empires II Definitive Edition Wiki,http://rome-at-war-aoe2de.fandom.com/
Code Autonomy Online Wiki,http://codeautonomyonline.fandom.com/
The otherworldly adventures of the aspiring traveler Wiki,http://toaot-institue.fandom.com/
Weird Day In Interminable Rooms: The Game Wiki,http://weirddayirgameofficial.fandom.com/
TPOTPredictions Wiki,http://tpotpredictions.fandom.com/
OSISCV Continuation Wiki,http://osiscv-continuation.fandom.com/
Wiki Olimpiadas Manijas,http://olimpiadas-manijas.fandom.com/es/
Isles of Nowhere Wiki,http://isles-of-nowhere.fandom.com/
Chaos Universe Wiki,http://chaos-universe.fandom.com/
F557 cinematic universe Wiki,http://f557-cinematic-universe.fandom.com/
Harvest Island Wiki,http://harvest-island.fandom.com/
D&D AU Wiki,http://dd-au.fandom.com/
Wildclan’s Legacy Wiki,http://wildclans-legacy.fandom.com/
The Bees World Roblox Wiki,http://the-bees-world-roblox.fandom.com/
GDPSes Wiki,http://gdpses.fandom.com/
Вікі Blox Fruits українською,http://bloxfruits.fandom.com/uk/
Wiki Blur:Venatio,http://blurvenatio.fandom.com/es/
Mandateofheaven Wiki,http://mandateofheaven.fandom.com/
Wiki My love story with yamada kun at lv999,http://my-love-story-with-yamada-kun-at-lv999.fandom.com/es/
The King Of All Vampire Kings Wiki,http://the-king-of-all-vampire-kings.fandom.com/
פ׳ורי Wiki,http://furry.fandom.com/he/
Excepcional Wiki,http://excepcional.fandom.com/pt-br/
UUI (Unfamilar Universe Incident) Wiki,http://uui-unfamilar-universe-incident.fandom.com/
Blaze's Storm Wiki,http://blazes-storm.fandom.com/
WOG Network Wiki,http://wog-network-tts.fandom.com/
Estonian Football Manager Wiki,http://efm.fandom.com/
Bexley U Wiki,http://bexley-u.fandom.com/
Golden Stone Wiki,http://golden-stone.fandom.com/
Reason 2 Decay Wiki,http://reason-2-decay.fandom.com/
One piece D&D with Dragon_Dice_ Wiki,http://one-piece-dnd-with-dragondice.fandom.com/
Wiki El Señor Presidente de Miguel Ángel Asturias,http://el-senor-presidente-de-miguel-angel-asturias.fandom.com/es/
All characters foundation Wiki,http://all-characters-foundation.fandom.com/
Catto Boi Wiki,http://catto-boi.fandom.com/
Roblox Random Rumble Wiki,http://robloxrandomrumble.fandom.com/
Drunk Minecraft Wiki,http://oceans-of-more-beer.fandom.com/
Anime One Graders Wiki,http://anime-one-graders.fandom.com/
Heraldic Wiki,http://heraldic.fandom.com/
Thegroupofdiscussions Wiki,http://thegroupofdiscussions.fandom.com/
Wiki UA,http://union-atlantique.fandom.com/fr/
SM MOA Wiki,http://sm-moa.fandom.com/
Middle Earth Wars Wiki,http://middle-earth-wars.fandom.com/
Secretlyroyal Wiki,http://secretlyroyal.fandom.com/
Mystery Mask: The Immortal Soul Wiki,http://mystery-mask.fandom.com/
Morty Kombat Wiki,http://morty-kombat.fandom.com/
Greeny's Grand Groupchat (GGGC) Wiki,http://greenys-grand-groupchat-gggc.fandom.com/
Gorilla Tag Memies Wiki,http://gorilla-tag-memies.fandom.com/
Fangs Not Fae Wiki,http://fangsnotfae.fandom.com/
The History of Colors Wiki,http://the-history-of-colors.fandom.com/
Landonia Wiki,http://landonia.fandom.com/
Wiki Raúl: La série animada,http://raul-la-serie-animada.fandom.com/es/
NumberLoreS4and3 Wiki,http://numberlores4and3.fandom.com/
Dispact's Characts Wiki,http://dispacts-characts.fandom.com/
Circle Girl and Square Guy Wiki,http://circlegirlandsquareguy.fandom.com/
RoboGobo Wiki,http://robogobo.fandom.com/
The Thrive Verse Mythos Wiki,http://the-thrive-verse-mythos.fandom.com/
Report Cult Wiki,http://report-cult.fandom.com/
The Golden Child Wiki,http://the-golden-child-fnaf-comic.fandom.com/
Dopplerspace Wiki,http://dopplerspace.fandom.com/
Wiki Cronología y personajes de la Guerra de los 116 años,http://cronologia-y-personajes-de-la-guerradelos116anos.fandom.com/es/
Regnum Francia Wiki,http://regnum-francia.fandom.com/
Diary of Steve Chronicles Wiki,http://diary-of-steve-chronicles.fandom.com/
Fonline The Long Journey Wiki,http://forp-tlj.fandom.com/
Multiverse Wiki,http://multiverse.fandom.com/
Skibidi Thomas Wiki,http://skibidi-thomas.fandom.com/
Iwia 4 Wiki,http://the-fourth-iwia.fandom.com/pt-br/