Project: Aftermath Wiki,http://project-aftermath.fandom.com/
Stephen King’s IT Wiki,http://stephen-kings-it-series.fandom.com/
Wiki Fractal,http://fractalfr.fandom.com/fr/
Dingo Games Wiki,http://dingogames.fandom.com/
Communist Brawltopia Wiki,http://communist-brawltopia.fandom.com/
Ultimate Ninja Tycoon вики,http://ultimate-ninja-tycoon.fandom.com/ru/
Wiki Les Carnets du Rossignol,http://les-carnets-du-rossignol.fandom.com/fr/
Omega-Verse Wiki,http://omegaverse.fandom.com/
The World of Trevor Henderson Wiki,http://the-world-of-trevor-henderson.fandom.com/
Time to have fun with Paul Wiki,http://time-to-have-fun-with-paul.fandom.com/
Starship Goldfish Wiki,http://starship-goldfish.fandom.com/
Bijoy B K Wiki,http://bijoy-b-k.fandom.com/
Wiki Elliott le Terrien,http://elliottleterrien.fandom.com/fr/
The Marshmallow Experience Wiki,http://the-marshmallow-experience.fandom.com/
Roblox The Mimic Wiki,http://roblox-the-mimic-information.fandom.com/
Amity Wiki,http://amity.fandom.com/
Catcensipedia Wiki,http://catcensipedia.fandom.com/
Hapless Heroes Wiki,http://hapless-heroes.fandom.com/
Genesis X Wiki,http://genesis-x.fandom.com/
Wiki Gatos Guerreiros,http://warriorscats.fandom.com/pt-br/
Sokanepitunk Wiki,http://sokanepitunk.fandom.com/
The Chronicles of Corteaál Wiki,http://the-chronicles-of-corteaal.fandom.com/
Undertale SOULs Wiki,http://undertale-souls.fandom.com/
Wonderlab Wiki,http://wonderlab.fandom.com/
Wiki La Vie Est Belle,http://life-is-rosy.fandom.com/fr/
CZ Bearbit Studios Wiki,http://cz-bearbit-studios.fandom.com/cs/
Embers Wiki,http://artylia.fandom.com/
5 Starry Ones Wiki,http://5-starry-ones-life.fandom.com/
PokemonNextAnime Wiki,http://pokemonnextanime.fandom.com/
Итероид вики,http://iteroid.fandom.com/ru/
Nonamebrawl Wiki,http://nonamebrawl.fandom.com/
The Yoshi Wiki,http://the-yoshi-show.fandom.com/
Meandryczna Monaterka Wiki,http://meandryczna-monaterka.fandom.com/pl/
EAS Scenario Fanon Wiki,http://eas-scenario-fanon.fandom.com/
Schatten des Dämonenfürsten Wiki,http://schatten-des-damonenfursten.fandom.com/de/
PBS Kids: Extreme Makeover Home Editon Wiki,http://pbs-kids-extreme-makeover-home-editon.fandom.com/
Spalmy To! Wiki,http://spalmy-to.fandom.com/pl/
The Green Mile Wiki,http://the-green-mile.fandom.com/de/
Ragdoll simulator . rblx Wiki,http://ragdoll-simulator-rblx.fandom.com/
Bald_Fartin Wiki,http://baldfartin.fandom.com/
HurstonValleyRailroad Wiki,http://hurstonvalleyrailroad.fandom.com/
Wiki Disfuncional,http://disfuncional.fandom.com/es/
HPHS Movie Characters LOL Full 20th Minds Wiki,http://hphs-movie-characters-lol-full-20th-minds.fandom.com/
StarfruitRP Wiki,http://starfruitrp.fandom.com/
Starwarsrp Wiki,http://starwarsrp.fandom.com/
Jokerooms Wiki,http://jokerooms.fandom.com/
SpaceG Wiki,http://spaceg.fandom.com/
Wiki Kk ala,http://kk-ala.fandom.com/pt-br/
Yummy Rleam Wiki,http://yummyrleam.fandom.com/
Juujika No Rokunin Wiki,http://juujika-no-rokunin.fandom.com/