RegalPhoenixMC Wiki,http://regalphoenixmc.fandom.com/
BZP Mafia Wiki,http://bzp-mafia.fandom.com/
Mapzor Wiki,http://mapzor.fandom.com/
Mermaid's Fanfiction Wiki,http://merteens.fandom.com/
Matt's Reality Series Wiki,http://realitytvmania.fandom.com/
Minecraft Conception Wiki,http://minecraft-conception.fandom.com/
Wagatsuma-san wa Ore no Yome Wiki,http://wagatsuma.fandom.com/
Wiki CatchDunky,http://catchdunky.fandom.com/fr/
DemonicAngels Wiki,http://demonicangels.fandom.com/
GPF: Gem Power Force Wiki,http://gpf-gem-power-force.fandom.com/
Wiki Janice,http://janice.fandom.com/es/
FIFE-Wiki,http://fife.fandom.com/ru/
StarEra 维基,http://xjy.fandom.com/zh/
Wiki Eastereggpedia,http://eastereggpedia.fandom.com/es/
FacePunch Wiki,http://facepunchgmod.fandom.com/
NewLandOfNationStates Wiki,http://newlandofnationstates.fandom.com/
Wiki Wikiespecies 2,http://wikiespecies-2.fandom.com/es/
Wiki Aqua,http://aquaworld.fandom.com/es/
Lis Mundi Wiki,http://lis-mundi.fandom.com/
Wiki Disiz,http://disiz.fandom.com/fr/
War of Legions Wiki,http://waroflegions.fandom.com/
My Adventurous Pony Wiki,http://adventurous-pony.fandom.com/
Partially weird Wiki,http://partiallyweird.fandom.com/
Enter Void Wiki,http://entervoid.fandom.com/
Magi fanon Wiki,http://magi-fanon.fandom.com/
Wiki Chacun son pays : Nouvelle ère,http://chacun-son-pays-nouvelle-ere.fandom.com/fr/
DayZeroMod Wiki,http://dayzeromod.fandom.com/
Superhero Games Fanon Wiki,http://superherogamesfanon.fandom.com/
Once apon a fairytale Wiki,http://once-apon-a-fairytale.fandom.com/
MLP: FiM Twitter Wiki,http://mlptwitter.fandom.com/
Город вики,http://city.fandom.com/ru/
WOAH! Wiki,http://woah.fandom.com/
Blue Dragon Wiki,http://bluedragon.fandom.com/ca/
Wiki Devious Maids France,http://devious-maids-france.fandom.com/fr/
Full Mojo Rampage Wiki,http://fullmojorampage.fandom.com/
Collaborative World: Concordia Wiki,http://collaborative-world-concordia.fandom.com/
Wiki CookieClicker,http://cookieclicker.fandom.com/fr/
Walking with Trilogy Wiki,http://walkingwithtrilogy.fandom.com/
Wiki Tudo sobre Monster High,http://tudo-sobre-monster-high.fandom.com/pt-br/
Wiki Dragons,http://dragons.fandom.com/fr/
Golden Time Wiki,http://goldentime.fandom.com/
Nagi no Asu Kara Wiki,http://naginoasukara.fandom.com/
MovieStarPlanet Dutch Wiki,http://moviestarplanet-dutch.fandom.com/
International Academy of Magic Roleplay Wiki,http://international-academy-of-magic-roleplay.fandom.com/
Hunger Games Wiki,http://hungergamesrpg.fandom.com/
The Future! Wiki,http://the-future-game.fandom.com/
Imaginarnisvety Wiki,http://imaginarnisvety.fandom.com/
BoBoiBoy Wiki,http://animonstaboboiboy.fandom.com/
Leopold Slikk Wiki,http://leopoldslikk.fandom.com/
Mariocart25's Test Wiki,http://mariocart25test.fandom.com/
Challen's Original Character Wiki,http://challens-original-character.fandom.com/
Lucky Luke Wiki,http://lucky-luke.fandom.com/fi/
Arsear Wiki,http://arsear.fandom.com/
Wiki Rotasdeonibus,http://rotasdeonibus.fandom.com/pt-br/
Shadow Warrior Wiki,http://shadowwarrior.fandom.com/
Dragons Of Atlantis: Heirs Of The Dragon Wiki,http://dragons-of-atlantis-heirs-of-the-dragon.fandom.com/
Ice age the meltdown Wiki,http://ice-age-the-meltdown.fandom.com/
DragonflyIssuesInEvolution13 Wiki,http://dragonflyissuesinevolution13.fandom.com/
Spore Society Wiki,http://spore-society.fandom.com/
Kyoukai no Kanata Wiki,http://kyoukainokanata.fandom.com/
Hannah Montana Wiki,http://hannah-montana.fandom.com/sl/
Miasto Pary Wiki,http://miasto-pary.fandom.com/pl/
Zwierzęta Czatowe Wiki,http://zwierzeta-czatowe.fandom.com/pl/
Subway Surfers Wiki,http://subwaysurf.fandom.com/ru/
LeMondeInvisble Wiki,http://lemondeinvisble.fandom.com/
Wiki Un Show Mas P.V.I,http://un-show-mas-pvi.fandom.com/es/
Avabelonline Wiki,http://avabelonline.fandom.com/
Astro-małpy Wiki,http://astromalpy.fandom.com/pl/
Idiom dictionary Wiki,http://idiomdictionary.fandom.com/
Manekaen Dawn Wiki,http://manekaen-dawn.fandom.com/
Amber House Wiki,http://amber-house.fandom.com/
Mythological Creatures Wiki,http://mythological-creatures.fandom.com/
Том и Джерри вики,http://tomandjerry.fandom.com/ru/
Hagfish Wiki,http://hagfish.fandom.com/
Wwchat's thoughts Wiki,http://wwchats-thoughts.fandom.com/
Pokémon Litharreon Wiki,http://pokemon-litharreon.fandom.com/
A World What Has Some Stuff Wiki,http://a-world-what-has-some-stuff.fandom.com/
Wiki SSB fanlabor,http://ssb-fanlabor.fandom.com/es/
Wiki Disney Heroes,http://disneyheroes.fandom.com/pt/
Master Defenders Wiki,http://master-defenders.fandom.com/
Lake Placid franchise Wiki,http://lake-placid-franchise.fandom.com/
ZEXAL Wiki,http://zexal.fandom.com/
Brallmonsters Wiki,http://brallmonsters.fandom.com/
Let's Mirage! Pretty Cure Wiki,http://letsmirageprettycure.fandom.com/
Queens of the Stone Age Wiki,http://queens-of-the-stone-age.fandom.com/
Silber Trilogie Wiki,http://silber-buch-der-traeume.fandom.com/de/
The Survival Denmark Wiki,http://survdk.fandom.com/
Hype The Time Quest wiki,http://hype-the-time-quest.fandom.com/nl/
Killian Jones' Sandbox Wiki,http://killianjones.fandom.com/
Game Dev Tycoon CZ Wiki,http://gamedevtycoon.fandom.com/cs/
Raytechs Wiki,http://bakushin-raytechs.fandom.com/
Magic : The Ancient Art Wiki,http://magic-the-ancient-art.fandom.com/
Sandclan roleplaying Wiki,http://sandclan-roleplaying.fandom.com/
BOOM! Wiki,http://boomhappysprites.fandom.com/
FinalFantasy 维基,http://finalfantasy.fandom.com/zh/
Wiki Yu-Gi-Oh! 5D's,http://yugioh-5ds.fandom.com/fr/
Battle for food Wiki,http://battle-for-food.fandom.com/
KanColle Wiki,http://kancolle.fandom.com/
Samsul Maarif Wiki,http://samsul.fandom.com/
Eldarya Wiki,http://eldarya.fandom.com/pl/
Wiki RuneScape RolePlay PT,http://runescape-roleplay-pt.fandom.com/pt/
Tip Of The Aveburg Wiki,http://tip-of-the-aveburg.fandom.com/
Wiki Elfen Lied,http://elfen-lied.fandom.com/fr/
Batman Family Rogues Gallery Wiki,http://batman-family-rogues-gallery.fandom.com/
Alien Adoption Agency Wiki,http://alienaav2.fandom.com/
Pet Role-Play Wiki,http://pet-roleplay.fandom.com/
Dragon Cave 龙洞中文维基,http://dragcave.fandom.com/zh/
Warriors Prophecy of Darkness Wiki,http://warriors-prophecyofdarkness.fandom.com/
The Foods We Loved Wiki,http://the-foods-we-loved.fandom.com/
Phaeselis Wiki,http://phaeselis.fandom.com/
Voltz Wars Wiki,http://voltzwars.fandom.com/
Cubeventure Wiki,http://cubeventure.fandom.com/
Geoclass Wiki,http://geoclass.fandom.com/
Tanni testing Wiki,http://tannibeepic.fandom.com/
Transcending Zenith Role Play Wiki,http://transcending-zenith-role-play.fandom.com/
Caveman2Cosmos Wiki,http://caveman2cosmos.fandom.com/
Multiverses2.0 Wiki,http://multiverses2.fandom.com/
Lego Kingdoms Wiki,http://lego-kingdoms.fandom.com/
Dallos Wiki,http://dallos.fandom.com/
D-Beat Wiki,http://dbeat.fandom.com/
Wiki Utau,http://utau.fandom.com/fr/
WikiMed Wiki,http://wikimed.fandom.com/
Andrew and Friends Wiki,http://andrew-and-friends.fandom.com/
House Of AU (HoA Roleplay) Wiki,http://house-of-au.fandom.com/
Zangheftaria Wiki,http://zangheftaria.fandom.com/de/
Skull squadron Wiki,http://skull-squadron.fandom.com/
Go!Animate The Movie Wiki,http://goanimate-the-movie.fandom.com/
Spongebob Wiki,http://spongeobob.fandom.com/pl/
Baśniobór Wiki,http://basniobor.fandom.com/pl/
Wiki Mundo acuático,http://mundo-acuatico.fandom.com/es/
McFarlane Toys Wiki,http://mcfarlane-toys.fandom.com/
Koi Dano Ai Dano Wiki,http://koidanoaidano.fandom.com/
Eurovision Versions Wiki,http://euroversions.fandom.com/
Ovivor Wiki,http://ovivor.fandom.com/
The Millers Wiki,http://themillers.fandom.com/
Retsupurae Wiki,http://retsu.fandom.com/
FastDrive Wiki,http://fastdrive.fandom.com/
[TGM] The Gaming Master Arma Community,http://the-gaming-masters-arma-community.fandom.com/
Герои вики,http://hero.fandom.com/ru/
Wiki Chars de la serie Naruto,http://chars-de-la-serie-naruto.fandom.com/es/
XxThatHedgehogXx's Wiki,http://xxthathedgehogxx.fandom.com/
SUper Mario Bros DX Wiki,http://super-mario-bros-dx.fandom.com/
Wiki You Anime! Wiki,http://wiki-you-anime.fandom.com/
Dragonscrown Wiki,http://dragonscrown.fandom.com/ja/
Pemberley Digital Wiki,http://pemberley-digital.fandom.com/
The Story of Red Cloud Wiki,http://the-story-of-red-cloud.fandom.com/
Wiki Fantasy Hearts,http://fantasy-hearts.fandom.com/es/
Devil May Cry Fanon Wiki,http://devil-may-cry-fanon.fandom.com/
ShinobiCraft Wiki,http://shinobicraft.fandom.com/
The Black Dragon Tavern Wiki,http://blackdragontavern.fandom.com/