Wiki Luluzinha,http://luluzinha.fandom.com/pt-br/
Geracao Potter Wiki,http://geracaopotter.fandom.com/
Lawak Kampus Wiki,http://lawakkampus.fandom.com/
00 Fanon Wiki,http://00fanon.fandom.com/
Temsworld Wiki,http://temsworld.fandom.com/
Wiki Kerorofanon,http://kerorofanon.fandom.com/es/
Total Domination: Nuclear Strategy Wiki,http://totaldominationnuclearstrategy.fandom.com/
Ryunomakimono Wiki,http://ryunomakimono.fandom.com/
Kochikame Wiki,http://kochikame.fandom.com/
Infiniminer Wiki,http://infiniminer.fandom.com/
Angry Birds Wiki,http://angrybirds.fandom.com/es/
Wiki Call of Duty,http://callofduty.fandom.com/pt-br/
Scribblenauts Words Wiki,http://scribblenautswords.fandom.com/
Wiki GTASA,http://gtasa.fandom.com/pt-br/
Cute Mario Bros Two Wiki,http://cutemariobrostwo.fandom.com/
Heipedia Wiki,http://heipedia.fandom.com/
Magus Wiki,http://magus.fandom.com/de/
Way of the Samurai Wiki,http://wayofthesamurai.fandom.com/
Campaign Worlds Wiki,http://campaignworlds.fandom.com/
Wiki El juego oline club penguin,http://eljuegoolineclubpenguin.fandom.com/es/
Wiki Maze Runner,http://mazerunner.fandom.com/es/
Wiki Puyo Pop,http://puyopop.fandom.com/es/
The Bella Sara Wiki,http://thebellasara.fandom.com/
Wiki Mighty Terra,http://mightyterra.fandom.com/fr/
Wiki Boa Sorte Charlie,http://boasortecharliebr.fandom.com/pt-br/
Digimon Masters Wiki,http://dmo.fandom.com/de/
Mr. Happy Wiki,http://mrhappy.fandom.com/
Project Paragon Wiki,http://projectparagon.fandom.com/
Wiki Rshinobi,http://rshinobi.fandom.com/es/
Imeshia Wiki,http://imeshia.fandom.com/
Battlestar Galactica-wiki,http://galactica.fandom.com/hu/
Wiki Cultures Online,http://culturesonline.fandom.com/fr/
Wiki Sugar★Shooter,http://sugarshooter.fandom.com/pt-br/
Wiki Sugar★Shooter,http://sugarshooter.fandom.com/es/
Thewitcher Wiki,http://thewitcher.fandom.com/vi/
Alien Swarm вики,http://alienswarm.fandom.com/ru/
Dark Tomorrow Wiki,http://darktomorrow.fandom.com/
Mickey Mouse Wiki,http://mickeyandfriend.fandom.com/
Ragnarok Violet Wiki,http://ragnarokviolet.fandom.com/
Charmed: The Virtual Series Wiki,http://charmedthevirtualseries.fandom.com/
Bakugan vs Marvel Wiki,http://bakuganvsmarvel.fandom.com/
Rise Wiki,http://riseuniverse.fandom.com/
YuGiOh Fan Characters Wiki,http://yugiohfancharacters.fandom.com/
Goth's Club Penguin Fanon Wiki,http://gothsclubpenguinfanon.fandom.com/
Neopets Wiki,http://neopia.fandom.com/de/
Club Penguin Pinky Fan Club Wiki,http://clubpenguinpinkyfanclub.fandom.com/
Grupo Maluquete Wiki,http://grupomaluquete.fandom.com/
The Logo Wiki,http://thelogo.fandom.com/
PokeMobs Wiki,http://pokemobs.fandom.com/
Fifa11il Wiki,http://fifa11il.fandom.com/he/