Wiki Ondar-on n'demande qu'à en rire,http://ondaronndemandequaenrire.fandom.com/fr/
Murphy Creations Wiki,http://murphycreations.fandom.com/
The Mentalist Wiki,http://thementalist.fandom.com/it/
Really Me Wiki,http://reallyme.fandom.com/
Interdimensional Adventures Wiki,http://genao.fandom.com/pl/
1776 the musical Wiki,http://1776themusical.fandom.com/
Claymore New Wiki,http://claymorenew.fandom.com/
The Ancient Aliens Wiki,http://ancientaliens.fandom.com/
Central Sonic Fan Bureau Wiki,http://centralsonicfanbureau.fandom.com/
Wiki VIDA DE PUFLLE,http://vidadepuflle.fandom.com/pt/
Droid Revolution Wiki,http://droidrevolution.fandom.com/
One Life to Live Wiki,http://one-life-to-live.fandom.com/
Tabloid'srealityshowgames Wiki,http://tabloidsrealityshowgames.fandom.com/
A Tech Wiki,http://seaver.fandom.com/
DC Nation Wiki,http://dcnation.fandom.com/
Vampirella Wiki,http://vampirella.fandom.com/
Nisekoipedia,http://nisekoi.fandom.com/
The sacred blacksmith Wiki,http://thesacredblacksmith.fandom.com/
Sasecurity Wiki,http://sasecurity.fandom.com/
Wiki The Elder Scrolls,http://elderscrolls.fandom.com/fr/
Strawberry Shortcake Berry Bitty Wiki,http://strawberryshortcakeberrybitty.fandom.com/
King's Bounty - Legions Wiki,http://kingsbountylegions.fandom.com/
TheSlkShow Wiki,http://theslkshow.fandom.com/
My Little Pony Wiki,http://mlp.fandom.com/pl/
Courage the Cowardly Dog JR Wiki,http://couragethecowardlydogjr.fandom.com/
Smash Wiki,http://smash.fandom.com/
Wiki Hordes,http://hordes.fandom.com/fr/
The Elder Scrolls Wiki,http://theelderscrolls.fandom.com/cs/
18xx Wiki,http://18xx.fandom.com/
The Last Castle Wiki,http://thelastcastle.fandom.com/
SSB64Z Wiki,http://ssb64z.fandom.com/
Leprechaun Wiki,http://leperchaun.fandom.com/
Wiki DreamWorks Animation,http://dreamworksanimation.fandom.com/pt-br/
Kuro's Characters Wiki,http://kuroscharacters.fandom.com/
Super Mario News Central,http://supermarionewscentral.fandom.com/
Dragon Ball Card Wiki,http://dragonballcard.fandom.com/
The Trio of Insanity Wiki,http://ttoi.fandom.com/
Finalbleachrp Wiki,http://finalbleachrp.fandom.com/
MattLegacyPortfolio Wiki,http://mattlegacyportfolio.fandom.com/
Martin Wiki,http://martin.fandom.com/
Wiki Densetsu,http://densetsu-hanashii.fandom.com/pt/
Wiki Harmonium,http://harmonium.fandom.com/fr/
New Batman Adventures Wiki,http://newbatmanadventures.fandom.com/
Wiki AvalonRPG,http://avalonrpg.fandom.com/es/
Nyyluvah Wiki,http://nyyluvah.fandom.com/
Buckaroo Banzai Wiki,http://buckaroobanzai.fandom.com/
Wiki Pivot Inazuma,http://pivotinazuma.fandom.com/es/
Album Wiki,http://album.fandom.com/
Warriors Fanfiction and Roleplay Wiki,http://warriorsfanfictionandroleplay.fandom.com/
Wiki Jackass,http://jackass.fandom.com/es/
IndustryWars Wiki,http://industrywars.fandom.com/de/
16 and Pregnant & Teen Mom Wiki,http://teenmom.fandom.com/
Walka z Cieniem Wiki,http://shadowfight.fandom.com/pl/
6IB Wiki,http://6ib.fandom.com/
Quatrelle Wiki,http://quatrelle.fandom.com/
Huntik Wiki IT,http://huntik.fandom.com/it/
Nanitepédia,http://mutanterex.fandom.com/pt-br/
NUUSKU Wiki,http://nuuskii.fandom.com/
Athuria Wiki,http://athuria.fandom.com/
Muminki Wiki,http://moomin.fandom.com/pl/
Naku Forest Wiki,http://naku.fandom.com/
Wiki Glee Latino,http://gleelatino.fandom.com/es/
Vardenfell Wiki,http://vardenfell.fandom.com/
Girlfight Wiki,http://girlfight.fandom.com/
Midterm4Rome Wiki,http://midterm4rome.fandom.com/
Evreything Wiki,http://evreything.fandom.com/
Indiapaleale Wiki,http://indiapaleale.fandom.com/
Batman Animated Universe Wiki,http://batmananimateduniverse.fandom.com/
Slogans Wiki,http://slogans.fandom.com/
Sporclepedia Wiki,http://sporclepedia.fandom.com/
Wiki Iusucn,http://iusucn.fandom.com/es/
Music Wiki,http://music.fandom.com/ro/
Hadesrsps Wiki,http://hadesrsps.fandom.com/
Dead War Wiki,http://deadwar.fandom.com/
Kerching Wiki,http://kerching.fandom.com/
Coffre de trésor GO II Wiki,http://tresorgoll.fandom.com/
Near Reality Wiki,http://nr-nearreality.fandom.com/
Bola de Drac Wiki,http://boladedrac.fandom.com/
Urban Legends Wiki,http://urbanlegend.fandom.com/
Trung tâm Cộng đồng,http://community.fandom.com/vi/
Wicked Science Wiki,http://wickedscience.fandom.com/
ChaosiaRPG Wiki,http://chaosiarpg.fandom.com/
The Harry Potter Compendium,http://harry-potter-compendium.fandom.com/
Céline Dion Wiki,http://celinedion.fandom.com/
Colorful Wiki,http://colorful.fandom.com/
Reality Show Fan Fiction Wiki,http://realityshowfanfiction.fandom.com/
Turmoil-PKz Wiki,http://turmoilpkz.fandom.com/
Dimidia Wiki,http://dimidia.fandom.com/
Phil of the Future Wiki,http://disneyphilofthefuture.fandom.com/
Everything cyber Wiki,http://everythingcyber.fandom.com/
MechHero Wiki,http://mechhero.fandom.com/
Murray Academy of Arts Wiki,http://murrayacademyofarts.fandom.com/
Puffleville Wiki,http://puffleville.fandom.com/
OverPixel Wiki,http://overpixel.fandom.com/
Total Drama: Danger Island Wiki,http://totaldramadangerisland.fandom.com/
Wiki A.N.T. Farm ten,http://antfarmten.fandom.com/es/
Wiki Guilty Crown,http://guiltycrown.fandom.com/fr/
Warriors Animated Series Wiki,http://warriorsanimatedseries.fandom.com/
Moviepedia Wiki,http://moviepedia.fandom.com/de/
Memory Omicron Wiki,http://memoryomicron.fandom.com/