AstronomyPedia Wiki,http://proximacentauriastro.fandom.com/
Christ1223 Wiki,http://christ1223.fandom.com/
American Girl Doll Wiki,http://american-girl-doll.fandom.com/
ExtraVerse Wiki,http://extra12.fandom.com/
Trials of Destiny Wiki,http://trials-of-destiny.fandom.com/
Really Original Show That I Probably Will Cancel Wiki,http://really-original-show-that-i-probably-will-cancel.fandom.com/
Собиратели Вики,http://sobirateli.fandom.com/ru/
THH Universe Wiki,http://thh-universe.fandom.com/
Miss Daisy’s Kindergarten Wiki,http://miss-daisys-kindergarten.fandom.com/
Sử Thi Về Cái Chết Wiki,http://su-thi-ve-cai-chet.fandom.com/
The Рашн Вики,http://the-rashn.fandom.com/ru/
Wiki Dark Retaliation,http://dark-retaliation.fandom.com/fr/
Comptesting Wiki,http://comptesting.fandom.com/
Garten of BanBan Deutsch Wiki,http://garten-of-banban-deutsch.fandom.com/de/
Lex Terra Wiki,http://lexterra.fandom.com/
Cresent's usual universe Wiki,http://cresents-usual-universe.fandom.com/
Cheese TD Wiki,http://cheese-td.fandom.com/
Izuresaikyo Wiki,http://izuresaikyo.fandom.com/
Fullmetal ga Kill!: Data-Verse Wiki,http://fullmetal-ga-kill-dataverse.fandom.com/
Ffxivmarketboard Wiki,http://ffxivmarketboard.fandom.com/
NCS Fanmades Wiki,http://ncs-fanmades.fandom.com/
ONLY ME! Wiki,http://only-me.fandom.com/
Blood Sweat & Pixels Wiki,http://bsap.fandom.com/
Knuckles.ZIP: The Bloodbath Wiki,http://knuckleszipthebloodbath.fandom.com/
Brak Sensu Wiki,http://braksensu.fandom.com/pl/
TransFormers Jungle Adventures Wiki,http://transformers-jungle-adventures.fandom.com/
Oneuniverse Wiki,http://oneuniverse.fandom.com/
Магнландская Вики,http://magnland.fandom.com/ru/
Who We Become Wiki,http://who-we-become.fandom.com/
Niveks Database Wiki,http://niveks-database.fandom.com/
Soul Corpse Wiki,http://soul-corpse.fandom.com/
BFDI Mini Special Wiki,http://bfdi-mini-special.fandom.com/
Hinokami Wiki,http://hinokami.fandom.com/
Armenx Wiki,http://armenx.fandom.com/
Nanalienu7777 Wiki,http://nanalienu7777.fandom.com/
Crotos Wiki,http://crotos.fandom.com/
F7TH2049pedia Wiki,http://f7th2049pedia.fandom.com/
Testingsomething Wiki,http://testingsomething.fandom.com/
One Piece Adventure Wiki,http://onepieceadventure.fandom.com/
Alternative Combat Wiki,http://alternative-combat.fandom.com/
Shadows of Virtue Wiki,http://shadows-of-virtue.fandom.com/
James' Fictional Universe Wiki,http://james-fictional-universe.fandom.com/
Official Habit Games Wiki,http://official-habit-games.fandom.com/
Вікі Subway Surfers,http://subway-surfers.fandom.com/uk/
Darando Wiki,http://darando.fandom.com/
DPR Wiki,http://dreamperfectregime.fandom.com/
Następcy Wiki,http://nastepcy-pl.fandom.com/pl/
Zoomen Wiki,http://zoomen.fandom.com/
Beef master (AKA Void) Wiki,http://beef-master-aka-void.fandom.com/
Lulupop Wiki,http://lulupop.fandom.com/