Remotely Funny Wiki,http://remotely-funny.fandom.com/
Zootopia's WildeHopps Fanon Wiki,http://zootopias-wildehopps-fanon.fandom.com/
Elemental Dragons Next Generation Wiki,http://elemental-dragons-next-generation.fandom.com/
Достопримечательности вики,http://showplace.fandom.com/ru/
Zone 4: Fight District вики,http://zone-4-fight-district.fandom.com/ru/
The Walking Dead - Haven Wiki,http://walkingdeadhaven.fandom.com/
Novelas Visuales Wiki,http://novelasvisuales.fandom.com/es/
Planet CEC Wiki,http://planet-cec.fandom.com/
Medieval Realm Wiki,http://medieval-realm.fandom.com/
Baddaybadcentury Wiki,http://baddaybadcentury.fandom.com/
Wiki Parodies LGDC,http://parodies-lgdc.fandom.com/fr/
Wiki Illectus,http://illectus.fandom.com/fr/
On-Life Craft,http://olcraft.fandom.com/ru/
Starfleet Universe Wiki,http://starfleet-universe.fandom.com/
The Dulce Density Wiki,http://the-dulce-density.fandom.com/
Rol de Bleach: Sociedad de Almas Wiki,http://rol-de-bleach-sociedad-de-almas.fandom.com/es/
Star Wars: Galactic Dawn Wiki,http://star-wars-galactic-dawn.fandom.com/
Total Drama Mushroom Wiki,http://totaldramamushroom.fandom.com/
Pruebas Wiki,http://pruebas.fandom.com/es/
KnightFrame Blade Wiki,http://knightframe-blade.fandom.com/
The Telltale Games Wiki,http://the-telltale-games.fandom.com/
Platose Wiki,http://platose.fandom.com/
Animal Jam Bio Wiki,http://animal-jam-bio.fandom.com/
Irongale Wiki,http://irongale.fandom.com/
Marginal4 Kiss kara Tsukuru Big Bang Wiki,http://marginal4-kiss-kara-tsukuru-big-bang.fandom.com/
Methredhel Wiki,http://methredhel.fandom.com/
The Void Mausoleum Wiki,http://the-void-mausoleum.fandom.com/
ACCA: 13-ku Kansatsu-ka Wiki,http://acca.fandom.com/es/
Outback School of Magic Role-play Wiki,http://outbackschoolofmagic.fandom.com/
Europa-Park Wiki,http://europa-park.fandom.com/
Fernor Wiki,http://ferno.fandom.com/
Qstlijku Wiki,http://qstlijku.fandom.com/
Ange System Wiki,http://ange-system.fandom.com/
PleaseLoveTheUselessMe Wiki,http://pleaselovetheuselessme.fandom.com/
Wiki Héros d'Absalom,http://heros-absalom.fandom.com/fr/
Lucy Wiki,http://lucy.fandom.com/
Zmajeva Kugla community,http://zmajevakugla.fandom.com/sh/
The Standing Lands Wiki,http://the-standing-lands.fandom.com/
Survivalz Wiki,http://survivalz.fandom.com/es/
RossDatabase Wiki,http://rossdatabase.fandom.com/
Candy Crush Friends Wiki,http://candycrushfriends.fandom.com/
Violetta fanfic Wiki,http://violetta-fanfic.fandom.com/
Pocket Mirror Wiki,http://pocket-mirror.fandom.com/es/
Enter the Gungeon Wiki,http://enter-the-gungeon-archive.fandom.com/
Yggdrasil Wiki,http://yggdrasil.fandom.com/de/
Великий Шарарам вики,http://greatshararam.fandom.com/ru/
Lego Message Boards Eternal Wiki,http://lego-message-boards-eternal.fandom.com/
Battle Breakers Wiki,http://battlebreakers.fandom.com/
Akagami no Shirayukihime Wiki,http://akagami-no-shirayukihime.fandom.com/de/
Море io вики,http://mopeiogames.fandom.com/ru/
ويكي تاريخ,http://historique.fandom.com/ar/
Wiki GTA Los Santos,http://gta-los-santos.fandom.com/pt-br/
Mya's Fanfics Wiki,http://myas-fanfics.fandom.com/
The Banana Splits Wiki,http://thebananasplits.fandom.com/
Eternal Wars Wiki,http://eternal-wars.fandom.com/
Wiki Age of Mythology: Extended Edition,http://age-of-mythology-extended-edition.fandom.com/fr/
Comedyrewindandsketches Wiki,http://comedyrewindandsketches.fandom.com/
The Roman Holidays Wiki,http://theromanholidays.fandom.com/
Campaign Comics Universe Wiki,http://campaigncomics.fandom.com/
The Travelers' Tales Wiki,http://the-travelers-tales.fandom.com/
Estado Play Wiki,http://estado-play.fandom.com/es/
Peliseries Wiki,http://peliseries.fandom.com/es/
LyricsPro Wiki,http://lyricspro.fandom.com/es/
Animals Wiki,http://animals.fandom.com/es/
Ehwa-unnt-Kabahl-Wiki,http://ehwa-unnt-kabahl.fandom.com/de/
The throne of Mewni Wiki,http://the-throne-of-mewni.fandom.com/
Two Brothers Wand Shop Wiki,http://two-brothers-wand-shop.fandom.com/
Викимед вики,http://wikimed.fandom.com/ru/
Auralune Wiki,http://aural.fandom.com/
Bendy And The Ink Machine Wiki,http://bendy-and-the-ink.fandom.com/
Pocketlord Wiki,http://pocketlord-shoutry.fandom.com/
PixelsIdeas Wiki,http://pixelsideas.fandom.com/
The New York Sanctum Wiki,http://the-new-york-sanctum.fandom.com/es/
Outdoorsatitsbest Wiki,http://outdoorsatitsbest.fandom.com/
Wiki Narcos Cartel Wars,http://narcos-cartel-wars.fandom.com/fr/
Imperium Roblox Wiki,http://impe.fandom.com/
Get Out Wiki,http://get-out.fandom.com/
Tiernan420 Survivor Wiki,http://tiernan420-survivor.fandom.com/
Wiki A la lumière de deux soleils,http://a-la-lumiere-de-deux-soleils.fandom.com/fr/
The World of Floog Wiki,http://theworldoffloog.fandom.com/
Rock Dog Wiki,http://rock-dog.fandom.com/
Team Fan Wiki,http://teamfan.fandom.com/
KDMD-ma wiki,http://kdmdma.fandom.com/nl/
Spanish voiceacting Wiki,http://spanish-voiceacting.fandom.com/es/
Wiki Tartouze,http://tartouze.fandom.com/fr/
Underdonecw Wiki,http://underdonecw.fandom.com/
Miss Simiverse Wiki,http://misssimiverse.fandom.com/
Legend of Aurrum Wiki,http://legend-of-aurrum.fandom.com/
Aelwyd Wiki,http://ael.fandom.com/
Calculo Diferencial a Nivel Medio Superior Wiki,http://calculo-diferencial-a-nivel-medio-superior.fandom.com/es/
Children of a Dead Earth Wiki,http://coade.fandom.com/
Rebel Galaxy вики,http://rebel-galaxy.fandom.com/ru/
Fanmade Films 3 Wiki,http://fanmadefilms3.fandom.com/
Wikiofall Wiki,http://wikiofall.fandom.com/es/
Wiki AssassinRoyal,http://assassinroyal.fandom.com/fr/
The Walking Head Wiki,http://the-walking-head.fandom.com/
Brinda Soporte Tecnico a Distancia BSTAD Wiki,http://brinda-soporte-tecnico-a-distancia-bstad.fandom.com/es/
WizardLand Wiki,http://wizardland.fandom.com/es/
The Box Universe Wiki,http://the-box-universe.fandom.com/
Torment tides of numenera Wiki,http://torment-tides-of-numenera.fandom.com/