Stardust Explorers Wiki,http://stardust-explorers.fandom.com/
Who really is the vilain here Wiki,http://who-really-is-the-vilain-here.fandom.com/
Solstice Authority Wiki,http://solstice-authority.fandom.com/
BIG-DIPPER Entertainment Wiki,http://bigdipper-entertainment.fandom.com/
Bobism Wiki,http://bobism.fandom.com/
Tales from the Rails Wiki,http://talesrails.fandom.com/
Slamacow Creations Wiki,http://slamacow-creations.fandom.com/
My Warrior Cat OC Wiki,http://my-warrior-cat-oc.fandom.com/
Night of the Dead Wiki,http://night-of-the-dead.fandom.com/
Locksea! Wiki,http://locksea.fandom.com/
Young Hercules Wiki,http://young-hercules.fandom.com/
Hexarchy Wiki,http://hexarchy.fandom.com/
Zhong Guo Wiki,http://zhong-guo.fandom.com/
Techtonica Wiki,http://techtonica.fandom.com/
BP High: Meet the characters Wiki,http://bp-high-meet-the-characters.fandom.com/
Математические олимпиады вики,http://matematicheskie-olimpiadi.fandom.com/ru/
Novum Spatium,http://novumspatium.fandom.com/
Trenches-Dynamic Studio Wiki,http://trenches-dynamic-studio.fandom.com/
Player Empires - Saecula Gloriae Wiki,http://player-empires-saecula-gloriae.fandom.com/
Wiki AnimeNewsNetwork,http://animenewsnetwork.fandom.com/pt-br/
ZProject,http://zproject.fandom.com/ru/
Khrystals SMP Wiki,http://khrystals-smp.fandom.com/
水果冰淇淋Wiki,http://fruitypie.fandom.com/zh-tw/
The Oathbreakers Wiki,http://the-oathbreakers.fandom.com/
Calcwars Wiki,http://calcwars.fandom.com/
Flappy Dragon Wiki,http://flappy-dragon.fandom.com/
2006 Superman Returns Wiki,http://2006-superman-returns.fandom.com/
Button Simulator Multiplied X Wiki,http://button-simulator-multiplied-x.fandom.com/
Voidigo Wiki,http://voidigo.fandom.com/
Wiki Dessinateurs,http://dessinateurs.fandom.com/fr/
Dungeons of Edera Wiki,http://dungeons-of-edera.fandom.com/
Zeta One Wiki,http://zeta-one.fandom.com/de/
The Binding of Isaac: Reverie Wiki,http://reveriemod.fandom.com/zh/
COXY CAT Wiki,http://coxy-cat.fandom.com/
Al'ard Wiki,http://alard.fandom.com/
Hitman NPCs Wiki,http://hitman-npcs.fandom.com/
Plane simulator Wiki,http://plane-simulator.fandom.com/
Thunder, Ice, and Everything Nice Wiki,http://thunder-ice-and-everything-nice.fandom.com/
Seibutu-TCG Wiki,http://seibututcg.fandom.com/ja/
Roth Battles Wiki,http://roth-battles.fandom.com/
Tapping Legends X Wiki,http://tapping-legends-x.fandom.com/
Ethansworld Wiki,http://ethansworld.fandom.com/
SHELDONSMP Wiki,http://sheldonsmp.fandom.com/
100 Townsends Wiki,http://100-townsends.fandom.com/
Masati Wiki,http://masati.fandom.com/
VEXFE Wiki,http://vexfe.fandom.com/
Illustrative Mathematics Lore Wiki,http://illustrative-mathematics-lore.fandom.com/
Idle Slayer Wiki,http://idleslayer.fandom.com/ja/
BlackServer Wiki,http://bsr.fandom.com/zh/
Mondus Novus Wiki,http://mondus-novus.fandom.com/
Strath Wiki,http://strath.fandom.com/
Heterochromatic FNAF Wiki,http://heterochromatic-fnaf.fandom.com/
New Dawn Wiki,http://new-dawn-minecraft.fandom.com/
Animagician SMP Wiki,http://animagician-smp.fandom.com/
Slow Horses Wiki,http://slow-horses.fandom.com/
Wiki Terra Nova 5E,http://terra-nova-5e.fandom.com/es/
Bee Swarm Simulator Fanon Wiki,http://bee-swarm-simulator-fanon.fandom.com/
The First Church of Speedwagon Wiki,http://the-first-church-of-speedwagon.fandom.com/
DHX Media's World Wiki,http://dhx-media-world.fandom.com/
The Verse Wiki,http://the-verse.fandom.com/
Perfect Heist 2 Wiki,http://perfect-heist-2.fandom.com/
Brawl of the Characters Wiki,http://brawl-of-the-characters.fandom.com/
S&Z Entertainment Wiki,http://sz-entertainment.fandom.com/
The Penthouse: War In Life︱Kdrama Wiki,http://the-penthouse-war-in-lifekdrama.fandom.com/
Anime Villainous Wiki,http://anime-villainous.fandom.com/
Wiki Attack On Titan,http://attack-on-titan.fandom.com/vi/
Complete Devastation Wiki,http://complete-devastation.fandom.com/
Rice Gaming Wiki,http://rice-gaming.fandom.com/
Block N Load 2 Wiki,http://block-n-load-2.fandom.com/
Touhou Mystia's Izakaya Wiki,http://touhou-mystias-izakaya.fandom.com/
My Kaerutomo Wiki,http://my-kaerutomo.fandom.com/
KARCZOCH Wiki,http://karczochvault.fandom.com/pl/
Berdly Wiki,http://berdly.fandom.com/
Testowe asd asd Wiki,http://testowe-asd-asd.fandom.com/
Stachu-ucp-en Wiki,http://stachu-ucp-en.fandom.com/
Stachu-ucp-pl Wiki,http://stachu-ucp-pl.fandom.com/pl/
Stachu-ucp-ja Wiki,http://stachu-ucp-ja.fandom.com/ja/
Wiki Los Ricos No Piden Permiso,http://los-ricos-no-piden-permiso.fandom.com/es/
Test martyny spam Wiki,http://test-martyny-spam.fandom.com/
137gosiatest Wiki,http://137gosiatest.fandom.com/pl/
Nerra Wiki,http://nerra.fandom.com/
Love Live Superstar Wiki,http://lovelivesuperstar.fandom.com/
Battle Triangles Wiki,http://battle-triangles.fandom.com/
N2VN Wiki,http://nitrogenvn.fandom.com/
The Breakwood Wiki,http://the-breakwood.fandom.com/
Barter Clone Fashion Doll Wiki,http://barter-clone-fashion-doll.fandom.com/
The Official Computer Network Wikipa,http://computernetwork.fandom.com/
GaS Digital Wiki,http://gas-digital.fandom.com/
We Were Here Wiki,http://we-were-here.fandom.com/
Spidey And His Amazing Friends Wiki,http://spidey-and-his-amazing-friends.fandom.com/
Grand Theft Auto: The Crime Wars Wiki,http://grand-theft-auto-the-crime-wars.fandom.com/
Lost Star вики,http://lost-star.fandom.com/ru/
Nightmare Reaper Wiki,http://nightmare-reaper.fandom.com/
Battle For Mii Wiki,http://battleformii.fandom.com/
TalkingCactus Wiki,http://talkingcactus.fandom.com/
Super neon fish Wiki,http://super-neon-fish.fandom.com/
Holy Roman Empire Wiki,http://holy-roman-empire.fandom.com/
Num Noms Friends Wiki,http://num-noms-friends.fandom.com/
The Man Who Fell to Earth Wiki,http://the-man-who-fell-to-earth.fandom.com/
Tart-tycoon Wiki,http://tart-tycoon.fandom.com/