Utaite-ado Wiki,http://ado.fandom.com/
Crawl (rblx) Wiki,http://crawl-rblx.fandom.com/
RedSky Wiki,http://redskyfivem.fandom.com/
Wiki Persona Chile,http://chile.fandom.com/es/
The Anomaly Apocalypse Wiki,http://the-anomaly-apocalypse.fandom.com/
Wiki Transformers One,http://transformers-one.fandom.com/es/
Doors Fanmade Entities Fanon Wiki,http://doors-fanmade-entities-fanon.fandom.com/
Combiety Wiki,http://combiety.fandom.com/
Dancing Toys Wiki,http://dancing-toys.fandom.com/
Mesmerizer Wiki,http://mesmerize.fandom.com/
Brace Wiki,http://brace.fandom.com/
Skylarkverse Wiki,http://theskylark.fandom.com/
JToH XXS Project Wiki,http://jtoh-xxs-project.fandom.com/
Yewniverse Wiki,http://yewniverse.fandom.com/
CricketTheGuy Wiki,http://crickettheguy.fandom.com/
2b2t Wiki,http://2b2tnet.fandom.com/
The Torah Tots Wiki,http://torahtots.fandom.com/
Sensory Rooms Wiki,http://sensory-rooms.fandom.com/
Non-Marvel Cinematic Universe Wiki,http://nmcu.fandom.com/
Excry Wiki,http://excryinformation.fandom.com/
Rabbids Invasion World Tour Wiki,http://rabbids-invasion-world-tour.fandom.com/
Вікі Скептик Вікі,http://skeptic-viki.fandom.com/uk/
Gamesverse Wiki,http://gamesverse.fandom.com/
R18+kaijufranchise Wiki,http://r18kaijufranchise.fandom.com/
Zhim Вики,http://zhim.fandom.com/ru/
Object Unicode Wiki,http://objectunicode.fandom.com/
Rooms: the unknown place Wiki,http://rooms-the-unknown-place.fandom.com/
Comunidade Scratch PT-BR Wiki,http://comunidade-scratch-ptbr.fandom.com/pt-br/
Amatsuki2525 Wiki,http://amatsuki2525.fandom.com/
Joker Anthology Wiki,http://joker-anthology.fandom.com/
SAXONVERSE Wiki,http://saxonverse.fandom.com/
Some Rooms Fangame Ideas Wiki,http://some-rooms-fangame-ideas.fandom.com/
TCG Card Shop Simulator Wiki,http://tcg-card-shop.fandom.com/
The Teams Wiki,http://teams.fandom.com/
Galactica's AU's Wiki,http://galacticas-aus.fandom.com/
Fempedia Wiki,http://fempedia.fandom.com/
Bendersmc Wiki,http://bendersmc.fandom.com/
Confidant Cohorts Chronicled Wiki,http://confidant-cohorts-chronicled.fandom.com/
Wiki Les potos,http://les-potos.fandom.com/fr/
A Better Paradise Wiki,http://a-better-paradise.fandom.com/
Wiki Atlantis,http://atlantis.fandom.com/fr/
Halls Wiki,http://halls.fandom.com/
H.A.T.E. Wiki,http://hate.fandom.com/
Ayuub Gets Grounded Wiki,http://ayuub-gets-grounded.fandom.com/
Furryphobia Wiki,http://furryphobiaroblox.fandom.com/
Chlebmc Wiki,http://chlebmc.fandom.com/
Wiki ◆°Oc_Doraemon_VietNam°◆,http://ocdoraemonvietnam.fandom.com/vi/
Royalist Bavaria Wiki,http://royalist-bavaria.fandom.com/
Юни Вики,http://uni.fandom.com/ru/
CAVERN CRUSHER Wiki,http://cavern-crusher.fandom.com/