ERPO Wiki,http://extraterrestrial-research-project.fandom.com/
Shpirtra që Ulërasin Wiki,http://shpirtra-qe-ulerasin.fandom.com/
The almostrooms Wiki,http://the-almostrooms.fandom.com/
Stubob99's Boxes of Hell Wiki,http://sboh.fandom.com/
Wiki Droners,http://droners.fandom.com/fr/
Abe Jones, Abram Jones, Abraham Jones, Abrahm Jones Wiki,http://abejones.fandom.com/
Funny Rpg!!!! Wiki,http://funny-rpg.fandom.com/
Pawkonwizja Wiki,http://pawkonwizja.fandom.com/pl/
Policemod Вики,http://policemod.fandom.com/ru/
Seven Nights at Sardie's Wiki,http://klowneboi.fandom.com/
失落城堡 Wiki,http://lostcastle.fandom.com/zh/
Prehistoric Planet Wiki,http://prehistoric-planet.fandom.com/
Asura Scans Wiki,http://asurascans.fandom.com/
You Are Starclan Wiki,http://you-are-starclan.fandom.com/
Plants vs Zombies Versus Mode Wiki,http://pvzvm.fandom.com/
Jurassic Franchise Wiki,http://jurassic-franchise.fandom.com/
Riverdogs Wiki,http://riverdogs.fandom.com/
The Three Friends and Jerry Wiki,http://the-three-friends-and-jerry.fandom.com/
OC Thomas Adventures Wiki,http://oc-thomas-adventures.fandom.com/
Rodney Berry Wiki,http://rodneyberry.fandom.com/
Rocky and Ricky Wiki,http://rocky-and-rickypedia.fandom.com/
Cells and Microbes Wiki,http://cells-and-microbes.fandom.com/
Энирин Вики,http://enirin.fandom.com/ru/
Die1 Wiki,http://die1.fandom.com/
The Kanton Project Wiki,http://kanton-project.fandom.com/
FakeValorantPedia Wiki,http://fakevalorantpedia.fandom.com/pl/
Bloxburg United States of America Wiki,http://busa.fandom.com/
Disney Inspired Wiki,http://disney-inspired.fandom.com/
ConnorEatsPants Enjoyers Wiki,http://connoreatspants-enjoyers.fandom.com/
Marvel Novaverse Wiki,http://marvel-novaverse.fandom.com/
Tobar Morithar Wiki,http://tobar-morithar.fandom.com/
Digimon Super Rumble Wiki,http://digimon-super-rumble.fandom.com/pt-br/
Central Earth Wiki,http://central-earth.fandom.com/
Drifting Souls Wiki,http://drifting-souls.fandom.com/
Sorrows Wiki,http://sorrows-karma.fandom.com/
Owltiem Worldbuilding Wiki,http://owltiem.fandom.com/
SRTV Big Brother Wiki,http://srtv-big-brother.fandom.com/
Little's Warrior Books Wiki,http://littles-warrior-books.fandom.com/
Kepler-2115 Universe Wiki,http://kepler2115-universe.fandom.com/pl/
Stars Awakening Wiki,http://starsawakening.fandom.com/
Preußingen Wiki,http://preussingen.fandom.com/
Geometry Dash Creations Wiki,http://geometry-dash-creations.fandom.com/
Thebucketzverso Wiki,http://thebucketzverso.fandom.com/pt-br/
StellaDeus Вики,http://stelladeus.fandom.com/ru/
Tiny Colony Game Wiki,http://tiny-colony-game.fandom.com/
MSM: TLL Wiki,http://msm-tll.fandom.com/
Vacation Tycoon Wiki,http://vacation-tycoon.fandom.com/
Beamng crashes's SFD Wiki,http://beamng-crashess-sfd.fandom.com/
FNaF: Underworlds Wiki,http://fnaf-underworlds.fandom.com/
True Godverse Canon Wiki,http://true-godverse-canon.fandom.com/