Abience Wiki,http://abience.fandom.com/
Hollow dog test Wiki,http://hollow-dog-test.fandom.com/
Monster High Anime Wiki,http://monsterhighanime.fandom.com/
AvoraIights Simulators Wiki,http://avoraiights-simulators.fandom.com/
CCJeffOfficial Wiki,http://ccjeffofficial.fandom.com/
FinolianSMP Wiki,http://finoliansmp.fandom.com/
Geisttaucher Wiki,http://geisttaucher.fandom.com/pt-br/
纸上游戏 Wiki,http://gameonpaper.fandom.com/zh/
Viral Hit Wiki,http://viral-hit.fandom.com/
The Giants Haven Wiki,http://the-giants-haven.fandom.com/
Race da Laryssinha Wiki,http://race-da-laryssinha.fandom.com/pt-br/
Pickle and Peanut Fanon Wiki,http://pickleandpeanut-fanon.fandom.com/
The New Joseph Goes Livestream Show Wiki,http://newjosephgoeslivestreamshow.fandom.com/
Stick Hunger Games Wiki,http://stick-hunger-games.fandom.com/
My SingniS yM Wiki,http://my-singnis-ym.fandom.com/
Wiki Casi Ángeles Universo,http://casi-angeles-universo.fandom.com/es/
Ninja Island Wiki,http://ninja-island.fandom.com/
A Full-Fledged Gymnast Wiki,http://afullfledgedgymnast.fandom.com/
The Parliament of Justice Wiki,http://the-parliament-of-justice.fandom.com/
HeyMC Wiki,http://real-heymc.fandom.com/
Pokepets Wiki,http://pokepets.fandom.com/
Wisdom tens words wisdom Wiki,http://wisdom-tens-words-wisdom.fandom.com/
Apig.MC Wiki,http://apigmc.fandom.com/
Fnaf wiki New and improved Wiki,http://fnaf-wiki-new-and-improved.fandom.com/
Life of Beef Gacha Wiki,http://life-of-beef-gacha.fandom.com/
Wiki Splat'squad,http://splatsquad.fandom.com/fr/
SlavSMP Wiki,http://slavsmp.fandom.com/
Minecraft4Politics Wiki,http://minecraft4politics.fandom.com/pl/
Legacies Wiki,http://legaciesgalissia.fandom.com/
Wiki Pokémon Edición Celestial,http://pokemon-edicion-celestial.fandom.com/es/
SMG3 // Snitch Productions Wiki,http://smg3-snitch-productions.fandom.com/
Wiki Kaguya-sama wa Kokurasetai,http://kaguyasama-wa-kokurasetai.fandom.com/es/
Beat Saber Wiki,http://beatsaber.fandom.com/
Pannithor KoWiki Wiki,http://pannithor-kow.fandom.com/
Wiki Phasmophobia,http://phasmophobia.fandom.com/fr/
SportingInformation Wiki,http://sportinginformation.fandom.com/
Dino tamers Wiki,http://dino-tamers.fandom.com/
The Dark Origins Wiki,http://the-dark-origins.fandom.com/
Alien zoology Wiki,http://alien-zoology-sphere.fandom.com/pl/
Ferron Wiki,http://ferron.fandom.com/
Gosia-gp Wiki,http://gosia-gp.fandom.com/
Hollow lew Wiki,http://hollow-lew.fandom.com/
Hollow pluto Wiki,http://hollow-pluto.fandom.com/
Hollow foka Wiki,http://hollow-foka.fandom.com/
Hollow chomik Wiki,http://hollow-chomik.fandom.com/
Hollow mice Wiki,http://hollow-mice.fandom.com/
Senary Deck Wiki,http://senary-deck.fandom.com/
Hollow cat Wiki,http://hollow-cat.fandom.com/
Hollow dog Wiki,http://hollow-dog.fandom.com/
Brawl For The Nintendo 2DS Wiki,http://brawl-for-the-nintendo-2ds.fandom.com/