Alpha House Wiki,http://alpha-house.fandom.com/
Wiki Cheveux,http://cheveux.fandom.com/fr/
European Air Cargo Wiki,http://eurocargo.fandom.com/
Wiki Logement,http://logement.fandom.com/fr/
Πρότυπο Πειραματικό Γυμνάσιο Ευαγγελικής Σχολής Σμύρνης - Εργαστήρι ΤεχνολογίαςWiki,http://ppgessergasthritexnologias.fandom.com/el/
Total Conquest by GAMELOFT Wiki,http://total-conquest-by-gameloft.fandom.com/
Past Hunger Games Wiki,http://pasthungergames.fandom.com/
Wiki Monster,http://monster.fandom.com/pt-br/
Lexiconnoisseur Wiki,http://lexiconnoisseur.fandom.com/
Das Lied der Dunkelheit Wiki,http://liedderdunkelheit.fandom.com/de/
Kraft-Casters Wiki,http://kraftcasters.fandom.com/
The Walking Dead TV Series facts Wiki,http://the-walking-dead-tv-series-facts.fandom.com/
Deep Dungeons of Doom Wiki,http://deep-dungeons-of-doom.fandom.com/
Beyblade OC Wiki,http://beyblade-oc.fandom.com/
Normalized Math Wiki,http://normalizedmath.fandom.com/
Yume Nikki вики,http://yumenikki.fandom.com/ru/
Tumblr Survivor Wiki,http://tumblr-survivor.fandom.com/
Imaginaria Wiki,http://imaginaria.fandom.com/
Just Dance Fanon Wiki,http://just-dance-fanon.fandom.com/
Survivor: Australian Outback Wiki,http://survivor-australian-outback.fandom.com/
Wiki Blood Hunters,http://bloodhunters.fandom.com/es/
MK92Srls Wiki,http://mk92srls.fandom.com/
Justin Wert Story Wiki,http://justin-wert-story.fandom.com/
Wiki Dualleyukatrumpédia,http://dualleyukatrumpedia.fandom.com/pt-br/
Dragonballfanon Wiki,http://dragonballfanon.fandom.com/pl/
Southern Stisles Records Wiki,http://southern-stisles-records.fandom.com/
Far Reaches Wiki,http://far-reaches.fandom.com/
Chrome The Company Wiki,http://chromethecompany.fandom.com/
Chasing Life Wiki,http://chasinglife.fandom.com/
Wiki Orphen,http://orphen.fandom.com/fr/
League of War Wiki,http://league-of-war.fandom.com/
Wiki Game of Thrones,http://gameofthrones.fandom.com/fr/
Knack Wiki,http://knack.fandom.com/pl/
The Legionargian Comic Universe Wiki,http://legionargiancomics.fandom.com/
Lurksomemoar Wiki,http://lurksomemoar.fandom.com/
Grupa Robocza Inżynierii Kognitywistycznej Wiki,http://grik.fandom.com/pl/
Dylans Wiki,http://dylansmith.fandom.com/
Wiki Meugrandeprojeto,http://meugrandeprojeto.fandom.com/pt/
Wiki Planeta X,http://planeta-x.fandom.com/es/
Wiki Hi5tv,http://hi5tv.fandom.com/pt-br/
Arma 3 Breaking Point вики,http://a3bp.fandom.com/ru/
Битва за Трон вики,http://thronerush.fandom.com/ru/
Palaye Royale Wiki,http://palaye-royale.fandom.com/
Violetta Wiki,http://violetta.fandom.com/sv/
Goley Wiki,http://goley.fandom.com/
Ellie Goulding Wiki,http://elliegoulding.fandom.com/
Control (Roblox) Wiki,http://control-roblox.fandom.com/
Omega Dragonis W145CF Wiki,http://omega-dragonis-w145cf.fandom.com/
Lego Marvel and DC Superheroes Wiki,http://legomarveldc.fandom.com/
Legends of the Dragon Wiki,http://legends-of-the-dragon.fandom.com/
Deadrising 维基,http://deadrising.fandom.com/zh/
Wiki Teenage Mutant Ninja,http://teenage-mutant-ninja.fandom.com/es/
Wiki Concurso,http://concurso.fandom.com/pt-br/
JuiceWares Wiki,http://juicewares.fandom.com/
Wiki Vivre avec Jésus,http://vivre-avec-jesus.fandom.com/fr/
Disney Pixie Wiki,http://disney-pixie.fandom.com/
The Robinson Expedition Wiki,http://the-robinson-expedition.fandom.com/
Wiki Being Human : La Confrérie de l'étrange,http://being-human-la-confrerie-de-letrange.fandom.com/fr/
SyFy Dominion Wiki,http://syfy-dominion.fandom.com/
Looking Wiki,http://looking.fandom.com/
LaurenTheScienceGal Wiki,http://laurenthesciencegal.fandom.com/
Kreatoryx Wiki,http://kreatoryx.fandom.com/
Curios and Conundrums Wiki,http://curios-and-conundrums.fandom.com/
Walking Fear Wiki,http://walking-fear-rp.fandom.com/
Eurovision Song Contest Wiki,http://eurosong-contest.fandom.com/
Billy Hatcher and the giant egg swedish Wiki,http://billy-hatcher-and-the-giant-egg-swedish.fandom.com/sv/
Gigantomakhia Wiki,http://gigantomakhia.fandom.com/
Magical Girl (Mahou Shoujo - 魔法少女) Wiki,http://magical-girl-mahou-shoujo.fandom.com/
Wiki Kenny Pédia,http://kenny-pedia.fandom.com/pt-br/
Women of Metal Wiki,http://womenofmetal.fandom.com/
Старый СТС вики,http://staroectc.fandom.com/ru/
Chozenpedia,http://chozen.fandom.com/
DBZ Crossroads Wiki,http://dbz-crossroads.fandom.com/
Slender Finders Wiki,http://slender-finders.fandom.com/
巨大数研究 Wiki,http://googology.fandom.com/ja/
Windrunner Wiki,http://windrunner.fandom.com/
Jet Set Universe Wiki,http://jet-set-universe.fandom.com/
Gakusen Toshi Asterisk Wiki,http://asterisk.fandom.com/
Bobo and Bent Wiki,http://bobo-and-bent.fandom.com/
Kalyssia Wiki,http://kalyssia.fandom.com/
Jokerit Wiki,http://jokerit.fandom.com/fi/
Wings of Fire Fanon Empire Ages Wiki,http://wingsoffirefanonempireages.fandom.com/
Isabel (Serie de televisión) Wiki,http://isabel-serie-de-television.fandom.com/
STAW Wiki,http://staw.fandom.com/
Wiki Frozen,http://frozen.fandom.com/es/
Royalty Free Wiki,http://royaltyfreevn.fandom.com/
Mlmdim Wiki,http://mlmdim.fandom.com/
Wiki Blablaland Powa,http://blablaland-powa.fandom.com/fr/
NPC Repository Wiki,http://npcrepo.fandom.com/
Opals Plus Mod Wiki,http://opalsplus.fandom.com/
Game Dev Tycoon RP Wiki,http://game-dev-tycoon-rp.fandom.com/
Twittibal Wiki,http://twittibal.fandom.com/
YT-Minecraft-Hero Wiki,http://ytminecrafthero.fandom.com/
Kamienie Szlachetne Wiki,http://kamienie-szlachetne.fandom.com/pl/
Age of Mystery Wiki,http://age-of-mystery.fandom.com/de/
Wiki Saguenay, Werewolf City,http://saguenay-werewolf-city.fandom.com/fr/
Игровые приставки вики,http://gamingconsoles.fandom.com/ru/
MUFC Football Wiki,http://mufc-football.fandom.com/
Casters of Kalderon Wiki,http://casters-of-kalderon.fandom.com/
Wiki S'Habiller Simple,http://shabiller-simple.fandom.com/fr/