Generic Medieval Show Wiki,http://generic-medieval-show.fandom.com/
Battle of Warships Wiki,http://battleofwarships.fandom.com/
Once Heroes Wiki,http://once-heroes.fandom.com/de/
万界规划局,http://epbureau.fandom.com/
Phantom Corporation Wiki,http://phantom-corporation.fandom.com/de/
GreshDigiGames Wiki,http://greshdigigames.fandom.com/
Lost Saga Info Wiki,http://lost-saga-info.fandom.com/
ComicUniverse Wiki,http://comicbookuniverse.fandom.com/
Diotoir's Wacky Rumbles Wiki,http://diotoirs-wacky-rumbles.fandom.com/
Marc´s Adventures Wiki,http://marcs-adventures.fandom.com/
Fire Over Light Wiki,http://fire-over-light.fandom.com/
Onopedia Wiki,http://onopedia.fandom.com/pl/
HOOPS.HK Wiki,http://hoopshk.fandom.com/
Animal Jam Rules Wiki,http://animal-jam-rules.fandom.com/
The City - An RPG Wiki,http://the-city-an-rpg.fandom.com/
The Four Mad Men origins Wiki,http://tfmm-origins.fandom.com/
Whisperpedia - The Whisperers of the Gods Wiki,http://whisperpedia.fandom.com/
ミニオン Wiki,http://minions.fandom.com/ja/
Sword of Shadows Wiki,http://sword-of-shadows.fandom.com/
The Dalimond Archives Wiki,http://dalimondarchives.fandom.com/
Jake's Life Wiki,http://jakes-life.fandom.com/
Kable10 Wiki,http://kable10.fandom.com/
Exodus Survivor ORG Wiki,http://exodus-org.fandom.com/
The Ninth Kingdom Wiki,http://the-ninth-kingdom.fandom.com/
Digimon Universe: Appli Monsters Wiki,http://digimon-universe-appli-monsters.fandom.com/
Gray Lights Wiki,http://gray-lights.fandom.com/
Reiyd Wiki,http://reiyd.fandom.com/de/
The Ultimate .EXE Adventure Wiki,http://the-ultimate-exe-adventure.fandom.com/
GPS Monster Scouter Wiki,http://gps-monster-scouter.fandom.com/
Five Nights At Discovery Kids Wiki,http://fnadk.fandom.com/es/
Wiki Pica-Pau BR,http://picapaubr.fandom.com/pt-br/
Infeoreties Wiki,http://infeoreties.fandom.com/
Fava Wiki,http://fava.fandom.com/es/
Микронации вики,http://micronarody.fandom.com/ru/
ZBlitz Official Wiki,http://zblitz.fandom.com/
Wiki Projects,http://projects.fandom.com/pt-br/
SuperNintendoJordan Wiki,http://supernintendojordan.fandom.com/
A Misleading Guide to The Multiverse Wiki,http://a-mi.fandom.com/
Devil's Run: Route 666 Wiki,http://devilsrun.fandom.com/
A Record of a Mortal is Journey to Immortality Wiki,http://a-record-of-a-mortal-is-journey-to-immortality.fandom.com/
Pixel Survival Game 3 Wiki,http://psg3.fandom.com/
Plague Inc Roleplay Wiki,http://plague-inc-roleplay.fandom.com/
Spinz.io Wiki,http://spinzio.fandom.com/es/
Witches of Oz Wiki,http://witches-of-oz.fandom.com/
SynergyCraftMC Wiki,http://synergycraftmc.fandom.com/
Grow Stone Wiki,http://growstone.fandom.com/
FarmTribe Wiki,http://farmtribe.fandom.com/
Massive Darkness Wiki,http://massive-darkness.fandom.com/
Сан-Андреас вики,http://san-andreas-new.fandom.com/ru/
KLW WRESTLING Wiki,http://klwwrestling1243.fandom.com/
Rofaman Wiki,http://rofaman.fandom.com/
Official FNATI Wiki,http://official-fnati.fandom.com/
Global mythology Wiki,http://global-mythology.fandom.com/
Dril Wiki,http://dril.fandom.com/
Charts Wiki,http://charts.fandom.com/
Sing Wiki,http://sing.fandom.com/pl/
The New Diep.io Conception Wiki,http://the-new-diepio-conception.fandom.com/
Alterra Corp Wiki,http://alterra-corp.fandom.com/
Super Mario Rhymes (2017) Wiki,http://super-mario-rhymes-2017.fandom.com/
Clone wars Wiki,http://clone-wars74.fandom.com/pl/
Gaber's私人小說 Wiki,http://gaberprivatenovel.fandom.com/
Made in Abyss Wiki,http://madeinabyss.fandom.com/
Toyota Corolla Wiki,http://toyota-corolla.fandom.com/
Occultic;nine Wiki,http://occultic-nine.fandom.com/
Voltron Legendärer Verteidiger Wiki,http://voltron-legendarer-verteidiger.fandom.com/de/
ปลดหนี้ in Pantip community,http://podneeinpantip.fandom.com/th/
Minecraft Sverige Wikia,http://minecraft-sverige.fandom.com/sv/
Warlords of Tindalia Wiki,http://warlords-of-tindalia.fandom.com/
Interstellar Pilot: The Enclave Wiki,http://interstellar-pilot-the-enclave.fandom.com/
Evolution the game Wiki,http://evolution-the-game.fandom.com/
KeepCalmnoJutsu Wiki,http://keepcalmnojutsu.fandom.com/
Vineland Island Wiki,http://vineland.fandom.com/
Quatery Universe Wiki,http://quatery-universe.fandom.com/
Kings Island Wiki,http://visitkingsisland.fandom.com/
Threadworlds Wiki,http://threadworld.fandom.com/
Crimson Wake Academy Wiki,http://crimson-wake-academy.fandom.com/
보드게임 위키,http://boardgame.fandom.com/ko/
Hoshigaki Wiki,http://hoshigaki.fandom.com/
Enfermedades Wiki,http://enfermedades.fandom.com/es/
Gabriel Riquelme Cea Estudios De Parodias Wiki,http://gabriel-riquelme-cea-estudios-de-parodias.fandom.com/es/
Fading Fires Wiki,http://fading-fires.fandom.com/
Merimani Wiki,http://merimani.fandom.com/
ThunderousCascades Wiki,http://thunderouscascades.fandom.com/
Love Nikki Wiki,http://nikki.fandom.com/
Red Roses, Gray Skies Wiki,http://red-roses-gray-skies.fandom.com/
Countries Wiki,http://countripedia.fandom.com/
Mystical Magickal Mansion Academy Wiki,http://mystical-magickal-mansion-academy.fandom.com/
Hitorijime Boyfriend-My Hero Wiki,http://hitorijime.fandom.com/es/
Wayfarers Pub Wiki,http://wayfarers-pub.fandom.com/
Ban Thread Wiki,http://banthread.fandom.com/
Shotgun Rodney Wiki,http://shot.fandom.com/
Następcy Wiki,http://nastepcy.fandom.com/pl/
Piggy Romance Wiki,http://piggy-romance.fandom.com/
Acquisitions Incorporated Wiki,http://acquisitionsincorporated.fandom.com/
Wiki Descent,http://descent.fandom.com/fr/
Three Square Meals Wiki,http://three-square-meals.fandom.com/
The Coalescence Campaign Wiki,http://coalescence.fandom.com/
DHA вики,http://dha.fandom.com/ru/
Lucyfer Wiki,http://lucifer.fandom.com/pl/
Wiki Equideo,http://equideo.fandom.com/fr/