Ling Cage: INCARNATION Wiki,http://ling-cage-incarnation.fandom.com/
Bloomclan Wiki,http://bloomclan-clangen.fandom.com/
Perfect Garbage Wiki,http://perfectgarbage.fandom.com/
Legacy of Flan: Flan Rising Wiki,http://legacy-of-flan-flan-rising.fandom.com/
Playtime with Abby Wiki,http://playtime-with-abby.fandom.com/
BrightFlame's Endless Journey Wiki,http://brightflames-endless-journey.fandom.com/
Jaugust SMP Wiki,http://jaugust-smp.fandom.com/
Teen Vampires Wiki,http://teen-vampires.fandom.com/
Bensonpedia Wiki,http://bensonpedia.fandom.com/
The Plushie Universe Wiki,http://the-plushie-universe.fandom.com/
Derpy Phineas Wiki,http://derpy-phineas.fandom.com/
Mixture's Randomness Wiki,http://mixtures-randomness.fandom.com/
Root Land Wiki,http://root-land.fandom.com/
Alph's Adventure Official Wiki,http://alphs-adventure-official.fandom.com/
Reckless Wiki,http://reckless.fandom.com/
Romantic Killer Wiki,http://romantic-killer.fandom.com/
Maid And Butler Cafe Wiki,http://maidandbutlercafe.fandom.com/
Kung Fu Wa Wiki,http://kung-fu-sock.fandom.com/pt-br/
Terrifier Wiki,http://terrifier.fandom.com/
Jojo New World Wiki,http://jojo-new-world.fandom.com/
NitroApple Racing Leagues Wiki,http://nitroapple-racing-leagues.fandom.com/
Kane Pixel's Backrooms Wiki,http://kanepixelsbackrooms.fandom.com/zh/
Magicplay Вики,http://magicplay.fandom.com/ru/
Cube Combination Wiki,http://cubecombination.fandom.com/
MDNW Group And One City Wiki,http://mdnw-group-and-one-city.fandom.com/th/
The Marvel vs Capcom Infinite Show Wiki,http://the-marvel-vs-capcom-infinite-show.fandom.com/
Into the Void Wiki,http://into-the-void.fandom.com/
Worlds United Вики Вики,http://worlds-united-viki.fandom.com/ru/
Fatherland Wiki,http://the-fatherland.fandom.com/
Fanmade Logos World Wiki,http://fanmade-logos-world.fandom.com/
BlueLockFanon Wiki,http://bluelockfanon.fandom.com/
Kingdom of Sky Wiki,http://skykingdom.fandom.com/
Obby Maker Wiki,http://obby-maker.fandom.com/
Diner Simulator Wiki,http://diner-simulator.fandom.com/
Globelore Wiki,http://globelore.fandom.com/
THE MAGNIFICENT Wiki,http://the-magnificent.fandom.com/pt-br/
Lost Eidolons Wiki,http://lost-eidolons.fandom.com/
Cultic Wiki,http://cultic.fandom.com/
Comic-Studio-Site Wiki,http://comicstudiosite.fandom.com/
Metal Man Film Series Wiki,http://metal-man-film-series.fandom.com/
Wiki Multiversans,http://multiversans.fandom.com/es/
Arcania Martial Arts Wiki,http://arcania-martial-arts.fandom.com/
Crafty Team CO Wiki,http://crafty-team-co.fandom.com/
MistlandAdventures Wiki,http://mistlandadventures.fandom.com/
Plasma Game Wiki,http://plasma-game.fandom.com/
Dig Delight Direct Drive DJ Fanon Wiki,http://d4djfanon.fandom.com/
Dead ahead Wiki,http://dead-ahead.fandom.com/pt-br/
Wiki Luna Lunera,http://luna-lunera.fandom.com/es/
Four Regions Wiki,http://four-regions.fandom.com/
The OSC Scaredipedia,http://oscscaredipedia.fandom.com/
Grupo Falcons Wiki,http://grupo-falcons.fandom.com/pt-br/
FLHD Independent Wiki,http://flhd.fandom.com/
Мульти шоу Вики,http://multi-shou.fandom.com/ru/
PROJECT HAVEN Wiki,http://projecthaven.fandom.com/
Whispers of War Wiki,http://whispers-of-war.fandom.com/
Hell Is Others Wiki,http://hell-is-others.fandom.com/
Marcopedia Wiki,http://marcopediahtp.fandom.com/
The Guardians of Light Wiki,http://the-guardians-of-light.fandom.com/
Shin Five Nights at Freddy's Wiki,http://shin-five-nights-at-freddys.fandom.com/
Secondfloor Wiki,http://two.fandom.com/zh/
The Slappy Show (New) Wiki,http://the-slappy-show-new.fandom.com/
Artoria SMP Wiki,http://artoria-smp.fandom.com/
Wiki Mahou Shoujo Akari Magica,http://mahou-shoujo-akari-magica.fandom.com/es/
Геройчики Вики,http://geroichiki.fandom.com/ru/
Kubo Studios Wiki,http://kubostudios.fandom.com/
Botanian Mythology Wiki,http://botanian-mythology.fandom.com/
Astro Wiki,http://aroha.fandom.com/pl/
Ikemen Series Wiki,http://ikemen-series.fandom.com/
The Azure Wiki,http://the-azure.fandom.com/
Yūrei Wiki,http://yurei.fandom.com/
SuperSquirel18 Wiki,http://supersquirel18.fandom.com/
TSOTHS Wiki,http://tsoths.fandom.com/
Hans and Franz: The Animated Series Wiki,http://hfas.fandom.com/
Mirthcraft Wiki,http://mirthcraft.fandom.com/
Red's ocs just in case dbfi gets deleted Wiki,http://reds-ocs-just-in-case-dbfi-gets-deleted.fandom.com/
StarEevee Wiki,http://stareevee.fandom.com/
Arasaka Scifi Wiki,http://arasaka-scifi.fandom.com/
UT:MONSTERS CORRUPTION Wiki,http://utmonsters-corruption.fandom.com/
The Adventures of Billie Grayson Book Series Wiki,http://the-adventures-of-billie-grayson-book-series.fandom.com/
NHRL Wiki,http://nhrl.fandom.com/
Roboton Wiki,http://roboton.fandom.com/ja/
Showbiz Pizza Time Theatre Wiki,http://showbiz-pizza-time-theatre.fandom.com/
Lost Dominion Wiki,http://lost-dominion.fandom.com/
Kaiju Paradise Chronicles (Fanmade Book) Wiki,http://kaiju-paradise-chronicles-fanmade-book.fandom.com/
Harmony Parks Wiki,http://harmony-parks.fandom.com/
Bumper Films Wiki,http://bumper-films.fandom.com/
Kongeriget Wikia,http://kongeriget.fandom.com/da/
Annoying Orange Fandon Wiki,http://annoying-orange-fandon.fandom.com/
CheerfulSteekip's Fan Projects Wiki,http://cheerfulsteekips-fan-projects.fandom.com/
ToonyNeutron's Wiki,http://toonyneutrons.fandom.com/
Omg Murder Mystery Story Wiki,http://omg-murder-mystery-story.fandom.com/
Zsotroav's test Wiki,http://zsotroav.fandom.com/
Wiki Century: Age of Ashes - Français,http://century-age-of-ashes.fandom.com/fr/
The ultimate universe Wiki,http://the-ultimate-universe.fandom.com/
Forsaken AR Wiki,http://forsaken-ar.fandom.com/
Wiki Shit Fighters,http://shit-fighters.fandom.com/pt-br/
Geometry dash fanon and ideas Wiki,http://geometry-dash-fanon-and-ideas.fandom.com/
New Horizon вики,http://new-horizon.fandom.com/ru/
Paper Tomadachi Wiki,http://paper-tomadachi.fandom.com/
Media In Sarah Frederick's Dreams Wiki,http://media-in-sarah-fredericks-dreams.fandom.com/