MOGAI Pride-Flag 위키,http://mogai-prideflag.fandom.com/ko/
Team Shroomizoomi Wiki,http://team-shroomizoomi-wiki.fandom.com/
Valley's Adventures Wiki,http://valleys-adventures.fandom.com/
Skill SoniaMb* Wiki,http://skillsoniamb.fandom.com/
Wikia Wynncraft,http://wynncraft.fandom.com/vi/
ОК К.О.! Давай Будем Героями вики,http://ok-ko.fandom.com/ru/
Fushigi Neko no Kyuu-chan Wiki,http://fushigi-neko-no-kyuuchan.fandom.com/
44 котёнка вики,http://44cats.fandom.com/ru/
Gangland Wiki,http://gangland-nlg.fandom.com/
Calment Wiki,http://calment.fandom.com/
Heaven’s Devourer Wiki,http://heavens-devourer.fandom.com/
Wiki Magnimar-RP,http://magnimar-rp.fandom.com/fr/
Snyder Films Wiki,http://snyder-films.fandom.com/
Brittany is ok Wiki,http://brittany-is-ok.fandom.com/
HSC Wiki,http://hsc.fandom.com/es/
Ms. Kelly And The Shark Wiki,http://ms-kelly-and-the-shark.fandom.com/
Wiki Bogolhosa,http://bogolhosa.fandom.com/pt-br/
The Shadow Realm Wiki,http://shadowrealm.fandom.com/
The Enclosed Instruction Book Wiki,http://the-enclosed-instruction-book.fandom.com/
Red City Wiki,http://red-city.fandom.com/
Fantasy Animals Wiki,http://fantasy-animals.fandom.com/
New Planned Feature Film Wiki,http://new-planned-feature-film.fandom.com/
Welcome to Farmtown! (Beta) Wiki,http://welcometofarmtown.fandom.com/
Wiki Faros,http://faros.fandom.com/fr/
Trabajo colaborativo en línea Wiki,http://trabajo-colaborativo-en-online.fandom.com/es/
Hmmm.... Roblox Wiki,http://hmmm-roblox.fandom.com/
Wiki The Ancient Magus Bride,http://the-ancient-magus-bride.fandom.com/fr/
Pew Pew Simulator Wiki,http://pp-simulator.fandom.com/
ObsidianRP Wiki,http://obsidianrp.fandom.com/
Empire de Francia Wiki,http://empire-de-francia.fandom.com/
Disney and Fox Movies Wiki,http://disney-and-fox-movies.fandom.com/
Blast Echelon Wiki,http://blastechelon.fandom.com/
Cassandras Big Brother Simulators Wiki,http://cassandras-big-brother-simulators.fandom.com/
CLASH (Roblox) Wiki,http://clashrblx.fandom.com/
James Gunn Wiki,http://james-gunn-wiki.fandom.com/
B-20 Bash Wiki,http://b20-bash.fandom.com/
The Galactic Federation Document Wiki,http://the-galactic-federation-document.fandom.com/
Element Shapes Wikia Wiki,http://element-shapes-wikia.fandom.com/
Camp lara! Wiki,http://camplara.fandom.com/
Zboys & Zgirls Wiki,http://zboys-zgirls.fandom.com/
Cálculo 16342487 Wiki,http://calculo-16342487.fandom.com/es/
RamenWithSalt Wiki,http://ramenwithsalt.fandom.com/
Na Balkanu Wiki,http://na-balkanu.fandom.com/
SAKURA School Simulator Wiki,http://sakura-school-simulator.fandom.com/
Achievement Hunter Worms Wiki,http://ah-worms.fandom.com/
Heat Online Wiki,http://heatonline.fandom.com/
UNHhhh Wiki,http://unhhhh.fandom.com/
StardustUniverse Wiki,http://stardustuniverse.fandom.com/
Fun Dream Logos Wiki,http://fun-dream-logos.fandom.com/
Arezkibillal0002 Wiki,http://arezkibillal0002.fandom.com/
Total Drama Roblox, Luke Wiki,http://total-drama-roblox-luke.fandom.com/
Инженер-миллионер вики,http://engineer-millionaire.fandom.com/ru/
The 14th Age Wiki,http://the-14th-age.fandom.com/
Wii Sports Galleries II Wiki,http://wii-sports-galleries-ii.fandom.com/
Soul Knight Wiki - PT/BR,http://soul-knight-em-portugues.fandom.com/pt-br/
FarmCraft Wiki,http://farmcraft.fandom.com/
Assets Unity3D вики,http://assets-unity3d.fandom.com/ru/
GuardianLouies Wiki,http://guardianlouies.fandom.com/
A Plague Tale вики,http://aplaguetale.fandom.com/ru/
Ace Attorney: Legal Legends Wiki,http://ace-attorney-legal-legends.fandom.com/
Fairy Tail New Generations Wiki,http://fairy-tail-new-generations.fandom.com/
Sveriges Yngsta Mästerkock 2019 Wikia,http://sym2019.fandom.com/sv/
F9 Studios Wikia Wiki,http://f9-studios.fandom.com/
Mydumbworldbuildingthing Wiki,http://mydumbworldbuildingthing.fandom.com/
Game Of Thones Fandom chronology Wiki,http://game-of-thones-fandom-chronology.fandom.com/
Blooming stars!! Wiki,http://blooming-stars.fandom.com/
Vision Park Wiki,http://vision-park.fandom.com/
Energetic Longterms Wiki,http://energetic-longterms-wiki.fandom.com/
The Wasteland-2053 Wiki,http://the-wasteland-2053.fandom.com/
Big Brother Long Term Wiki,http://big-brother-long-term.fandom.com/
Martial God Areshi Wiki,http://martial-god-areshi.fandom.com/
Overdrive Camps Wiki,http://overdrive-camps.fandom.com/
Brawlers Wiki,http://brawlers.fandom.com/
Amy & Amadaeus Wiki,http://amy-amadaeus.fandom.com/
Ted Wiki,http://tedserver.fandom.com/
Otogakure Wiki,http://oto-rp.fandom.com/
Astral Excursion Official Wiki,http://astral-excursion-official-wiki.fandom.com/
PFESC Vol.2 Wiki,http://pfescvol2.fandom.com/pl/
Jinn Netflix,http://jinn-netflix.fandom.com/
Jupiter's Legacy Wiki,http://jupiterslegacy.fandom.com/
New Freedom Wiki,http://new-freedom.fandom.com/
Tales of Wind mobile вики,http://tales-of-wind-mobile.fandom.com/ru/
Victon Wiki,http://victon.fandom.com/
The Raptor Pack Wiki,http://the-raptor-pack-interstellar-pilot-faciton.fandom.com/
Practical Magic Wiki,http://practical-magic.fandom.com/
Himmel, Arsch & Zwirn Wiki,http://haundz.fandom.com/de/
Credits Wiki,http://credits-wiki.fandom.com/
Lake Mudkip Wiki,http://lakemudkip.fandom.com/
Bowser Wiki,http://bowser-wiki.fandom.com/
Olliebenson Wiki,http://olliebenson.fandom.com/
País de Hagea Wiki,http://pais-de-hagea.fandom.com/es/
Blood Moon Wiki,http://blood-moon.fandom.com/
Daz Studio вики,http://daz-studio.fandom.com/ru/
Iaam Wiki,http://iaam.fandom.com/
Wiki Béarn,http://bearn.fandom.com/fr/
Chanai Wiki,http://chanai.fandom.com/pl/
Monster World Wiki,http://monsterworld-wiki.fandom.com/
Martha Speaks Wiki,http://marthaspeaksanime.fandom.com/
StormFox yt Wiki,http://stormfox-yt.fandom.com/pl/
Wiki Minecraftimpério,http://minecraftimperio.fandom.com/pt-br/
Elideria Wiki,http://elideriacompendium.fandom.com/
Wikia Mirai Nikki,http://mirai-nikki.fandom.com/vi/
Wiki Les Dragons du Monde Cachée,http://les-dragons-du-monde-cachee.fandom.com/fr/
Ghosts of Saltmarsh Wiki,http://ghosts-of-saltmarsh.fandom.com/
Pipasquad Wiki,http://pipasquad.fandom.com/
HIStory Wiki,http://history-bl.fandom.com/
Endless World Wiki,http://endless-world.fandom.com/
Gooniverse Wiki,http://gooniverse.fandom.com/
First Class Servant Wiki,http://first-class-servant.fandom.com/
Arknights Wiki,http://arknights.fandom.com/
Realm Of Gyles Arcadia Wiki,http://arcadia-gyles.fandom.com/
Rol Pintoista Wiki,http://rol-pintoista.fandom.com/es/
Lomax, the Hound of Music Wiki,http://lomaxthehoundofmusic.fandom.com/
The Best of the Best Wiki,http://tbotb.fandom.com/
Discraft Wiki,http://discraft.fandom.com/es/
The Tor'ete Mythos Wiki,http://the-torete-mythos.fandom.com/
Fandom Conspiracies Wiki,http://fandom-conspiracies.fandom.com/
Cyber|Gene|Gnosis Wiki,http://cybergenegnosis.fandom.com/
Broken Throne Wiki,http://broken-throne.fandom.com/
Wiki Whareagar,http://whareagar.fandom.com/fr/
Colaborativas Wiki,http://colaborativas-10.fandom.com/es/
Deep the Movie Wiki,http://deep-the-movie.fandom.com/
Dragon Ball N Wiki,http://dragon-ball-n-wiki.fandom.com/
Drag Race México Wiki,http://drag-race-mexico.fandom.com/
Codex Margaretorum,http://margaretverse.fandom.com/
The Hero of Color City Wiki,http://theheroofcolorcity.fandom.com/
Abby and zots Wiki,http://abby-and-zots.fandom.com/
World of Dragons Wiki,http://world-of-dragons.fandom.com/
Night Panther, Crekko and Dark Owl Wiki,http://night-panther-crekko-and-dark-owl.fandom.com/
Hated_Ballad Wiki,http://enclaudussaga.fandom.com/
The Fallen Children Wiki,http://the-fallen-children.fandom.com/
Cryptik Wiki,http://cryptik.fandom.com/
Isle of Spright Wiki,http://isleofspright.fandom.com/
Biotecnología en Colombia Wiki,http://biotecnoligia-en-colombia.fandom.com/es/
Magnapets Wiki,http://magnapets.fandom.com/
Wiki MondeDeNu,http://mondedenu.fandom.com/fr/
Samgladiator YHS Wiki,http://samgladiator-yhs.fandom.com/
Shoji Wiki,http://shoji.fandom.com/
Wiki L'art du crime,http://lart-du-crime.fandom.com/fr/
The Family of Domino Wiki,http://the-family-of-domino.fandom.com/
RECURSOS CVUDES ASTRID-JENNY Wiki,http://recursos-cvudes-astridjenny.fandom.com/es/
The Witch Files Wiki,http://the-witch-files.fandom.com/
Amegakure Wiki,http://ame-rp.fandom.com/
Yu-Gi-Oh! VR Wiki,http://yugioh-vr.fandom.com/
CyberVerse Wiki,http://cyberverse.fandom.com/de/
Thali Wikia,http://thali.fandom.com/sv/
Peculiar Children Books Fanon Wiki,http://peculiar-children-books-fanon-wiki.fandom.com/
In a grain of sand Game Wiki,http://in-a-grain-of-sand-game.fandom.com/es/
Earth-2010 Wiki,http://earth2010.fandom.com/
Kat Drummond Universe,http://katdrummond.fandom.com/