Wiki Couragethecowardlydog,http://couragethecowardlydog.fandom.com/es/
The Olidian Wars Wiki,http://the-olidian-wars.fandom.com/
Katagon Wiki,http://katagon.fandom.com/
PointBlankAlliance Wiki,http://pointblankalliance.fandom.com/
Zankyou no Terror Wiki,http://zankyou-no-terror.fandom.com/
Forge of Gods Wiki,http://forgeofgods.fandom.com/
Unofficial Eurovision Song Contest Wiki,http://uesc.fandom.com/
M3 the dark metal Wiki,http://m3.fandom.com/
Sonic Legends Wiki,http://soniclegendsseries.fandom.com/
DeadPool Wiki,http://deadpool.fandom.com/pl/
Thomas fan series Wiki,http://thomas-fan-series.fandom.com/
MCCSandbox Wiki,http://mccsandbox.fandom.com/
No One Would Tell Wiki,http://no-one-would-tell.fandom.com/
Grand Theft Wiki,http://gta.fandom.com/sr/
Block Mafia Official Wiki,http://block-mafia-official.fandom.com/
Zumbi-Blocks Wiki,http://zumbiblocks.fandom.com/
Nanatsu no Taizai Wiki,http://nanatsu-no-taizai.fandom.com/pl/
Totalna Wiki,http://totalna.fandom.com/
The Golden Manor of Music Wiki,http://goldmanormusic.fandom.com/
Kingdom of Talberran Wiki,http://kingdom-of-talberran.fandom.com/
The Don Bluth Wiki,http://sullivanbluth.fandom.com/
Eredan Arena Wiki,http://eredan-arena.fandom.com/
The Commission Wiki,http://commission.fandom.com/
The Virtual Room Wiki,http://the-virtual-room.fandom.com/
Wiki Pruebas Rosacoral,http://pruebasrosacoral.fandom.com/es/
Wiki Baskup - Tony Parker,http://baskup-tony-parker.fandom.com/fr/
Cookie Clicker conception Wiki,http://cookieclickerconception.fandom.com/
Camp Animagi Wiki,http://camp-animagi.fandom.com/
BrickBookMB Wiki,http://brickbookmb.fandom.com/
Fanon Works Wiki,http://fanonworks.fandom.com/
Velcraft Wiki,http://velcraft.fandom.com/
The 100 Wiki,http://the100.fandom.com/it/
Far Cry Wiki,http://farcry-game.fandom.com/pl/
Minceraft Wiki,http://minceraft.fandom.com/
Glee-season-six Wiki,http://gleeseasonsix.fandom.com/
PvZ Fanon Wiki,http://pvz-fanon.fandom.com/pl/
Three Kingdoms Roleplay Wiki,http://three-kingdoms-roleplay.fandom.com/
G.I.-Joe-Microheroes Wiki,http://gi-joe-microheroes.fandom.com/
Space Engineers Database Wiki,http://spaceengineersdatabase.fandom.com/
Cyklopedická Wiki,http://cyklopedicka.fandom.com/sk/
Sniper: Ghost Warrior Wiki,http://sniper-ghost-warrior.fandom.com/pl/
Wikiafrog Wiki,http://wikiafrog.fandom.com/
Wiki Clarence,http://clarence.fandom.com/pt-br/
Pistepotti Wiki,http://pistepotti.fandom.com/fi/
Wiki Martial Kombat Fight,http://martial-kombat-fight.fandom.com/fr/
Scandal Wiki,http://scandal.fandom.com/pl/
Вікі Мій проект,http://myproject.fandom.com/uk/
Conception Wiki,http://conception.fandom.com/
WH40K Fanon Wiki,http://wh40k-fanon.fandom.com/pl/
Eredan Arena Wiki,http://eredanarena.fandom.com/de/
Gate of Hell Wiki,http://gate-of-hell.fandom.com/pl/
Slated Wiki,http://slated.fandom.com/
Wiki Yu-Gi-Oh! X-Force,http://yugioh-xforce.fandom.com/pt-br/
Basketsim Wiki,http://basketsim.fandom.com/
Reina's Adventures Wiki,http://reinas-adventures.fandom.com/
CSR Classics Wiki,http://csr-classics.fandom.com/
Advancers Wiki,http://advancers.fandom.com/
Wiki Perifericos,http://perifericos.fandom.com/es/
SMP 위키,http://smp.fandom.com/ko/
Dreikenheim Wiki,http://dreikenheim.fandom.com/
Prehistoric cryptic paranormal Wiki,http://prehistoric-cryptic-paranormal.fandom.com/
Mafia Fiction Wiki,http://mafia-fiction.fandom.com/
Wiki Untold universe,http://untold-universe.fandom.com/fr/
Bloodpedia Wiki,http://bloodpedia.fandom.com/
Fatsesje Wiki,http://fatsesje.fandom.com/pl/
ClubNinetyThree Wiki,http://clubninetythree.fandom.com/
Testing the Waters Wiki,http://testing-the-waters.fandom.com/
Marvel: Avengers Alliance Tactics Wiki,http://avengersalliancetactics.fandom.com/
貓咪大戰爭 維基,http://battlecats.fandom.com/zh/
Cocktail Wiki,http://cocktail.fandom.com/de/
Demon Gaze Wiki,http://demongaze.fandom.com/
Retro Cars Wiki,http://retrocars.fandom.com/
Neverwinter Wiki,http://neverwinter.fandom.com/ka/
ChäoS;HEAd Wiki,http://chaos-head.fandom.com/
Transformers: Prime Wiki,http://tfprime.fandom.com/pl/
Liga sprawiedliwych Wiki,http://liga-sprawiedliwych.fandom.com/pl/
The Official Rise of Incarnates Wiki,http://riseofincarnates.fandom.com/
Azoraa Wiki,http://azoraa.fandom.com/
Dumbass Dinosaurs Wiki,http://dumbass-dinosaurs.fandom.com/
Wiki 3gordosb,http://3gordosb.fandom.com/es/
Wiki Universo Mega Med,http://universo-mega-med.fandom.com/pt-br/
Conception 2 Children of the Seven Stars Wiki,http://conception2.fandom.com/
Team Heretic Dinofox Wiki,http://thdf.fandom.com/
Apartment 16 (series) Wiki,http://apartment-16-series.fandom.com/
GoAnimate Comedy World Wiki,http://goanimate-comedy-world.fandom.com/
DEBS Wiki,http://debs.fandom.com/
Wiki Yowamushi pedal,http://yowamushi-pedal.fandom.com/es/
Emorset Wiki,http://emorset.fandom.com/
Calamity Productions Wiki,http://calamity-productions.fandom.com/
Wiki Telenovelas,http://tododetelenovelas.fandom.com/es/
Golden Sun Data Wiki,http://gsdata.fandom.com/
Theminecraftkid Wiki,http://theminecraftkid.fandom.com/
Wiki YotsubaFR,http://yotsubafr.fandom.com/fr/
Labyrinth Wiki,http://labyrinththegame.fandom.com/
EXO Wiki,http://exo.fandom.com/
僕が2ちゃんねるに捨てられた理由 Wiki,http://fcknamenhotep4.fandom.com/
Village Life! for players by players Wiki,http://village-life-for-players-by-players.fandom.com/
The Doll Shows Wiki,http://fanmadedollshows.fandom.com/
Jpoparody Wiki,http://jpoparody.fandom.com/
Goldieverse Wiki,http://goldieverse.fandom.com/
Три Богатыря вики,http://tribogatirya.fandom.com/ru/
Alteron Wiki,http://alteron.fandom.com/
Wiki Kampfer,http://kampfer.fandom.com/es/
Wiki The 100,http://the100.fandom.com/fr/
Glad2bhelpClan Wiki,http://glad2bhelpclan.fandom.com/
Wiki How To Train Your Dragon,http://how-to-train-your-dragon.fandom.com/fr/
Autobusy Warszawskie Wiki,http://autobusy-wawa.fandom.com/pl/
F.E.A.R.: Dark Elite Wiki,http://fear-dark-elite.fandom.com/pl/
Aurora Wiki,http://aurorarpg.fandom.com/
Near Future Technologies Wiki,http://near-future-technologies.fandom.com/
Redturtle632 Survivor Wiki,http://redturtle632-survivor.fandom.com/
Sonic Fan Character Wiki,http://sonic-fan-character.fandom.com/
Acen Shinto Wiki,http://acen-shinto.fandom.com/
Iknowyour Wiki,http://iknowyour.fandom.com/
Differential Equations Wiki,http://diffeq.fandom.com/
SwordmasterPublications Wiki,http://swordmasterpublications.fandom.com/
Inner Dominion,http://arcadian-universe.fandom.com/
Cassida Wiki,http://cassida.fandom.com/
BlackLands L5R Wiki,http://blacklands-l5r.fandom.com/
Tattered Realms Wiki,http://tattered-realms.fandom.com/
Official RNG Testing Wiki,http://official-rng-testing.fandom.com/
Movie Character Wiki,http://movie-character.fandom.com/
Uricon Wiki,http://uricon.fandom.com/
Infinity XD Wiki,http://infinity-xd.fandom.com/
Divergent Fanon Wiki,http://divergent-fanon.fandom.com/
Wiki Ivan Camilo Laverde Silva,http://ivancamilolaverdesilvaoficial.fandom.com/es/
Wiki Mobble,http://mobble.fandom.com/es/
Dead Ahead Wiki,http://deadahead.fandom.com/
Notes on MAGE Wiki,http://notesonmage.fandom.com/
Time for Heroes Wiki,http://timeforheroes.fandom.com/
Rainforest Wiki,http://rainforest.fandom.com/
Wiki Onomasticon Occitaniae,http://onomasticon-occitaniae.fandom.com/fr/
Zero Quest Wiki,http://zeroquest.fandom.com/
Talesofasteria Wiki,http://talesofasteria.fandom.com/ja/
SparklePonies Wiki,http://sparkleponies.fandom.com/
Dictionaria Wiki,http://dictionaria.fandom.com/
Burning Hell Wiki,http://burninghell.fandom.com/
Habrat Wiki,http://habrat.fandom.com/
Heroes of Fallbarrow Wiki,http://heroes-of-fallbarrow.fandom.com/
Mitchell Wiki,http://mitchell.fandom.com/
Czech LOTR Wiki,http://czech-lotr.fandom.com/cs/
StarHalf и все, все, все вики,http://starhalf.fandom.com/ru/
Far Cry: Destiny of Jungle Wiki,http://far-cry-destiny-of-jungle.fandom.com/pl/
Wiki Superstar,http://superstar.fandom.com/pt-br/
Wiki O Aprendiz,http://oaprendiz.fandom.com/pt-br/
Tekkenpedia Fr,http://tekken.fandom.com/fr/
Wiki Charlotte aux fraises,http://charlotte-aux-fraises.fandom.com/fr/
BlazBlue Fanon RP Wiki,http://blazblue-fanon-rp.fandom.com/
Your Story Wiki,http://your-story.fandom.com/pl/
Wiki Dictionnaire général occitan-français,http://dictionnaire-general-occitan-francais.fandom.com/fr/