Wiki Principado de Castellmar,http://principado-de-castellmar.fandom.com/es/
World of Aragroth Wiki,http://world-of-aragroth.fandom.com/
Game Console Battle Wiki,http://game-console-battle-official.fandom.com/
Reticence Wiki,http://reticence.fandom.com/
The Insanityrooms Wiki,http://the-insanityrooms.fandom.com/
Murder drones alternate Oc-verse Wiki,http://murder-chlotwi-drones-alternate-ocverse.fandom.com/
The anti-furry Wiki,http://the-antifurry.fandom.com/
Lil's Dramatic Villain Arc Rp Wiki,http://lils-dramatic-villain-arc-rp.fandom.com/
Musical Mayhem! Wiki,http://musical-mayhem.fandom.com/
Power Scaling Long System Wiki,http://power-scaling-long-system.fandom.com/
WTXF Archives Wiki,http://wtxf-archives.fandom.com/
(IA) Roblox Irish Army Wiki,http://roblox-irish-army.fandom.com/
Battle For Pee Gun Wiki,http://battle-for-pee-gun.fandom.com/
FlyingTailsJustin Wiki,http://flyingtailsjustin.fandom.com/
Horse Life Fanon Wiki,http://horse-life-fanon.fandom.com/
NumberJamboree Wiki,http://numberjamboree.fandom.com/
FEX Wiki,http://fexband.fandom.com/
Custilla World Wiki,http://custilla.fandom.com/
Echoes of the Lost Wiki,http://echoes-of-the-lost.fandom.com/
GachaMods Wiki,http://gachamods.fandom.com/
Nogginstudiofanon Wiki,http://nogginstudiofanon.fandom.com/
Unsuccessful Wiki,http://unsuccessful.fandom.com/
Mealy Trilogy Wiki,http://mealy-trilogy.fandom.com/
MintMod_Java Wiki,http://mintmodjava.fandom.com/
Foxers wiki svenska Wikia,http://foxers-wiki-svenska.fandom.com/sv/
Your Fun Adventures. Вики,http://your-fun-adventures.fandom.com/ru/
Silith Wiki,http://silith.fandom.com/
Proud Chronicles Official Wiki,http://proud-chronicles-official.fandom.com/it/
Cory in the House the anime Wiki,http://cory-in-the-house-the-anime.fandom.com/
The Moss Wiki,http://the-moss.fandom.com/
Pasta Clash Wiki,http://pasta-clash.fandom.com/
Squidvillepedia Wiki,http://squidvillepedia.fandom.com/
TheBestGroupchat Wiki,http://thebestgroupchat.fandom.com/
Asfsdfdsfs Wiki,http://asfsdfdsfs.fandom.com/
Ian and Eamon Productions Lore Wiki,http://ian-and-eamon-productions-lore.fandom.com/
Wiki 71 Minutos,http://71minutos08.fandom.com/es/
Skibidi Mortisology Wiki,http://skibidi-mortisology.fandom.com/
GM Online Вики,http://gmonline.fandom.com/ru/
Trevor Henderson Creations Wiki,http://trevor-henderson-creations.fandom.com/
The Robloxia: Until Dawn Wiki,http://trud.fandom.com/
Wiki Tensei Shitara Slime Datta Ken,http://tensura.fandom.com/fr/
Wiki Phasmophh,http://phasmophh.fandom.com/es/
Acampamento Desventura Wiki,http://acampamentodesventura.fandom.com/pt-br/
Battle of Talingchan Wiki,http://battle-of-talingchan.fandom.com/th/
Teddy, Creeper e Gammo Wiki,http://tcegmovie.fandom.com/pt-br/
Sigourney Weaver Wiki,http://sigourney-weaver.fandom.com/
Shaldi's Damnhouse Wiki,http://shaldis-damnhouse.fandom.com/
Marvel Rivals Fanon Wiki,http://marvel-rivals-fanon.fandom.com/
Tobanopedia Wiki,http://tobanopedia.fandom.com/
International Paperball Association Wiki,http://international-paperball-association.fandom.com/
窜稀小子 Wiki,http://cuanxikid.fandom.com/zh/
Trevor Henderson Reddit Wiki,http://trevor-henderson-reddit.fandom.com/
Alissinha1111 Wiki,http://alissinha1111.fandom.com/
Astro Get A Snack At 2:34 AM Wiki,http://astro-get-a-snack.fandom.com/
Hazbin Hotel Türkçe Viki,http://hazbinhotel.fandom.com/tr/
LDC Community Вики,http://ldcc.fandom.com/ru/
GrupoQueDuroUnMonton Wiki,http://grupoquedurounmonton.fandom.com/
Fandows Вики,http://fandows.fandom.com/ru/
Wiki Los Backrooms: El Laberinto Infinito,http://los-backrooms-el-laberinto-infinito.fandom.com/es/
Exitiale Ardeat Wiki,http://exitiale-ardeatiale.fandom.com/
Memo Pad Wiki,http://bubblegum.fandom.com/
Idontfirst Вики,http://idontfirst.fandom.com/ru/
Craftix Вики,http://craftix.fandom.com/ru/
DoorsTurnInToHumanFemales Wiki,http://doorsturnintohumanfemales.fandom.com/
Wishcat Fan Fiction Wiki,http://wishcatfanfiction.fandom.com/
United Federation State Railroad Wiki,http://united-federation-state-railroad.fandom.com/
TIAACN Wiki,http://tiaacn.fandom.com/
Reincarnated as a Noble with a Sister Wiki,http://reincarnated-as-a-noble-with-a-sister.fandom.com/
The family business Wiki,http://the-family-business.fandom.com/
Wiki Đầu Thất Quái Đàm,http://dau-that-quai-dam.fandom.com/vi/
SPOAMS Wiki,http://spoams.fandom.com/
Pinoslops Wiki,http://pinoslops.fandom.com/
BENATPANAMA Wiki,http://benatpanama.fandom.com/
Youth Rights Wiki,http://youth-rights.fandom.com/
Msm/dof up dates thing Wiki,http://msmdof-up-dates-thinglol.fandom.com/
Slumbering Submergence Wiki,http://slumbering-submergence.fandom.com/
Vengeance of SCYLLA Wiki,http://vengeance-of-scylla.fandom.com/
PsychoVerse_Timeline Wiki,http://psychoversetimeline.fandom.com/
Официальная Melon Playground Вики,http://offical-melon-playground.fandom.com/ru/
Animator's D&D Wiki,http://animators-dnd.fandom.com/
Tales of the above Wiki,http://talesoftheabove.fandom.com/
Boogology Wiki,http://boogology.fandom.com/
Vincent core Wiki,http://vincent-core.fandom.com/
KyleTech Wiki,http://kyletech.fandom.com/
Gems Wiki,http://gems.fandom.com/
The Next Door Veighbor Wiki,http://thenextdoorveighbor.fandom.com/
Barotrauma Mods Wiki,http://barotrauma-mods.fandom.com/
Parkour civilization simulator Wiki,http://parkour-civilization-simulator.fandom.com/
Dr. Doctor Wiki,http://dr-doctor.fandom.com/
The Bacorooms Project Wiki,http://the-bacorooms-project.fandom.com/
Dark Lords Wiki,http://dark-lords.fandom.com/
Wolves Wiki,http://wolvesanimals.fandom.com/
Alicia Vikander Wiki,http://alicia-vikander.fandom.com/
Wiki Miside,http://miside.fandom.com/es/
Dawnwalker Wiki,http://dawnwalker.fandom.com/
ForeWARD Wiki,http://foreward.fandom.com/
Real Species Wiki,http://real-species.fandom.com/
Disabled characters fanon Wiki,http://disabled-characters-fanon.fandom.com/
Mr Tako Wiki,http://mr-tako.fandom.com/
Lost Episode Retake Creepypasta Wiki,http://lost-episode-retake-creepypasta.fandom.com/
Virtual Blob Pets Fanon Wiki,http://virtualblobpetsfanon.fandom.com/
Year of the Gods Wiki,http://year-of-the-gods.fandom.com/
Adventures in the Mythical Islands Wiki,http://adventures-in-the-mythical-islands.fandom.com/
Stupidly Summarized Wiki,http://stupidly-summarized.fandom.com/
Reborn as Swordsman (new) Wiki,http://reborn-as-swordsman-new.fandom.com/
The Hunter Sine Wiki,http://huntersine.fandom.com/
Zachary and Friends Wiki,http://zachary-and-friends.fandom.com/
Corpus Wiki,http://corpus.fandom.com/
Spacewarp Wiki,http://spacewarp.fandom.com/
Boblocks Wiki,http://boblocks.fandom.com/
TalasamJoba Wiki,http://talasamjoba.fandom.com/fi/
Excalibur's Pendragon Wiki,http://excaliburs-pendragon.fandom.com/
The Detective Wiki,http://the-detectiv.fandom.com/
West Side Wiki,http://corball.fandom.com/
Bluecoco90 Wiki,http://newbluecoco90.fandom.com/
Wiki Ergofobia,http://ergofobia.fandom.com/es/
Bluecoco90 Wiki,http://bluecoco900.fandom.com/
The Rosenmourn Wiki,http://the-rosenmourn.fandom.com/
Noclip VR Wiki,http://noclip-vr.fandom.com/
MinecraftWiki.com Wiki,http://minecraftwikicom.fandom.com/
Starverse Wiki,http://starverse.fandom.com/pl/
Recent plane crashes Wiki,http://recentplanecrashes.fandom.com/
Санёрики Вики,http://saneriki.fandom.com/ru/
Insulinas Wiki,http://insulinas.fandom.com/pt-br/
Wiki AUDIO SUBLIMINAL,http://audio-subliminal.fandom.com/es/
Reksio Romania Wiki,http://reksio-romania.fandom.com/ro/
Wiki DoggyBags,http://doggybags.fandom.com/fr/
Wiki Fisch Juego de Pesca,http://fisch-juego-de-pesca.fandom.com/es/
The Official Somee's Stuff Wiki,http://the-official-somees-stuff.fandom.com/
Wiki Souffle des étoiles,http://souffle-des-etoiles.fandom.com/fr/
Tails of Azeroth Wiki,http://tails-of-azeroth.fandom.com/
Lol Cringe Wiki,http://lol-cringe.fandom.com/
A5-Comic Wiki,http://a5comic.fandom.com/
Tira Wiki,http://tira.fandom.com/
Blood and Ash Wiki,http://blood-and-ash.fandom.com/de/
Domain of the CHs Wiki,http://domain-of-the-chs.fandom.com/
SWStorypedia,http://swstorypedia.fandom.com/
Disney Cruise Line Wiki,http://disney-cruise-line.fandom.com/
Roblox Stories of @presence.wrd Wiki,http://presencewrd.fandom.com/
Robloxia Wiki,http://robloxiasupeuser.fandom.com/
Boats and planes forgotten in time Wiki,http://boats-and-planes-forgotten-in-time.fandom.com/
Out Of Ore Wiki,http://outofore.fandom.com/
Silly Cat Hell Wiki,http://silly-cat-hell.fandom.com/
Rowdy Wrestling Wiki,http://rowdy-wrestling.fandom.com/
Ben's 10: Ultimate Omniverse Wiki,http://bens-10-ultimate-omniverse.fandom.com/
Orlando Parks Wiki,http://orlando-parks.fandom.com/
Jamarazia Wiki,http://jamarazia.fandom.com/
Eyuuverse Wiki,http://eyuuverse.fandom.com/
Aminoac Wiki,http://aminoac.fandom.com/
The Onyx Wiki REBORN Wiki,http://the-onyx-wiki-reborn.fandom.com/
LoreClub Wiki,http://loreclub.fandom.com/
The Royal Amethyst Wiki,http://royal-ameth.fandom.com/
Theooury Wiki,http://theooury.fandom.com/
Sonicxsilvergen Wiki,http://sonicxsilvergen.fandom.com/
I Have the Alchemy Emperor in My Head Wiki,http://i-have-the-alchemy-emperor-in-my-head.fandom.com/
SweetPaganism Wiki,http://sweetpaganism.fandom.com/
Knights College Wiki,http://knights-college.fandom.com/es/
Nebula Schedule Archives Wiki,http://nebulaarchive.fandom.com/
Untitled Infection Game Wiki,http://untitledinfectiongame.fandom.com/
Вікі Мої книжки, засновані на котах-вояках,http://moyi-knizhki-zasnovani-na-kotahvoyakah.fandom.com/uk/
Sa2-22 Вики,http://sa222.fandom.com/ru/
Сердце Чернобыля Вики,http://serdtse-chernobilya.fandom.com/ru/
Object and UI Wiki,http://object-and-ui.fandom.com/
The republic of lirka Wiki,http://lirkaainationmaking.fandom.com/
Ods Wiki,http://ods.fandom.com/
La Voie des Clans Wiki,http://la-voie-des-clans-plumdechat.fandom.com/
主角团 Wiki,http://zhujuetuan.fandom.com/zh/
St. Mary's Wiki,http://st-marys.fandom.com/
Shifting Gears Wiki,http://shifting-gears.fandom.com/
WBFF Archives Wiki,http://wbff-archives.fandom.com/
Typeblocks Wiki,http://typeblocks.fandom.com/
The Last Ship Wiki,http://the-last-ship.fandom.com/pt-br/
My Singing Monsters: Ark Of Elements Wiki,http://my-singing-monsters-ark-of-elements.fandom.com/
Task Force Omega Wiki,http://task-force-omega.fandom.com/
Super Crazy Rhythm Castle Wiki,http://super-crazy-rhythm-castle.fandom.com/
ACtJUNY Legends Wiki,http://actjuny-legends.fandom.com/
Saga Multiverso Wiki,http://saga-multiverso.fandom.com/pt-br/
AniPhobia Fan Remake Wiki,http://aniphobia-fan-remake.fandom.com/
Точка Вики,http://tochka2.fandom.com/ru/
Battle For Dream Island Wiki,http://battlefordreamisland.fandom.com/it/
Yomi C Santiago Wiki,http://yomi-c-santiago150.fandom.com/
Стик-вер Вики,http://stikver.fandom.com/ru/
UNTRP Вики,http://untrp.fandom.com/ru/
Campaign Aeternum Wiki,http://campaignaeternum.fandom.com/
Elemental Powers Tycoon Wiki,http://better-elemental-powers-tycoon.fandom.com/
Мой шумный дом фанон вики Вики,http://the-loud-house-fanon-viki-rus.fandom.com/ru/
SIMP SMP Wiki,http://simpsmp.fandom.com/
Roblox FoldenSpy Wiki,http://roblox-foldenspy.fandom.com/
Wiki Peccavitrius,http://peccavitrius.fandom.com/es/
Elijah's Bear Ideas Wiki,http://elijahs-bear-ideas.fandom.com/
Mirage Noir Wiki,http://mirage-noir.fandom.com/
Basics in survival Wiki,http://basics-in-survival.fandom.com/
Gamingly Wiki,http://gaminglysongs.fandom.com/
Outlaster Island Wiki,http://outlaster-islan.fandom.com/
Sovereign Turmoil Wiki,http://sovereign_turmoil.fandom.com/
Trollege Incident Wiki,http://trollege-incident.fandom.com/
Ruined Reigns Wiki,http://ruined-reigns.fandom.com/
All FanFiction Wiki,http://all-fanfiction.fandom.com/
The Core Realms Wiki,http://the-core-realms.fandom.com/
Pokémon Rouge Version Wiki,http://pokemon-rouge-version.fandom.com/
Rede Continental Wiki,http://rede-continental.fandom.com/pt-br/
Iamnerdrooms Wiki,http://iamnerdrooms.fandom.com/
ElenVerse Wiki (The Elemmírion Series) Wiki,http://elenverse-wiki-the-elemmirion-series.fandom.com/
Ricemore Doodles Stickman Wiki,http://ricemore-doodles-stickman.fandom.com/
4nn1 Wiki,http://4nn1.fandom.com/
Hawaii Havoc Island Wiki,http://hawaii-havoc-island.fandom.com/
Wiki Võ Lâm Truyền Kỳ 2,http://vo-lam-truyen-ky-2.fandom.com/vi/
One Little Frosticon Wiki,http://one-little-frosticon.fandom.com/
Cosmo's World Wiki,http://cosmos-world-au.fandom.com/
Computer Virus Wiki,http://computerviruses.fandom.com/
Prehistoric Survivors Wiki,http://prehistoric-survivors.fandom.com/
Dragon Universe: The Nine Realms Wiki,http://dragon-universe-the-nine-realms.fandom.com/
Curseofraehn Wiki,http://curseofraehn.fandom.com/
Unofficial Operation Genesis: Hand book Wiki,http://unofficial-operation-genesis-hand-book.fandom.com/
Waffy's Dragonaria Lore Wiki,http://waffysdragonarialore.fandom.com/
Sprundle Wiki,http://sprundle.fandom.com/
Lotgd Wiki,http://lotgd.fandom.com/de/
Fireycanon Wiki,http://fireycanon.fandom.com/
Character AI Wiki,http://characterai-en.fandom.com/
Big Brother Revolution Wiki,http://bb-revolution.fandom.com/
Bruxo Ascendido Wiki,http://bruxo-ascendido.fandom.com/pt-br/
Vigilance Wiki,http://vigilance-roblox.fandom.com/
Gammaverse Wiki,http://gammaverse.fandom.com/
Caracal Wave Defense Wiki,http://caracal-wave-defense.fandom.com/es/
The Wikis Wiki,http://thewikis.fandom.com/
Let Him Go. Wiki,http://let-him-go-rblx.fandom.com/
Power Voice Roblox Wiki,http://powervoiceroblox.fandom.com/
Fear Of The Gone (National) Wiki,http://fear-of-the-gone-national.fandom.com/
World of Rad Lazy Delicate People Fanmade Characters Official Wiki,http://world-fanmade-characters-official.fandom.com/
Epic Insanity Wiki,http://epic-insanity.fandom.com/
RP Verses Wiki,http://rp-verses.fandom.com/
Sparkle-INCREDIBOX SPRUNKI FANMADE MOD Wiki,http://sparkleincredibox-sprunki-fanmade-mod.fandom.com/
Bomb Zone Wiki,http://bomb-zone.fandom.com/
Wiki La Rose Écarlate,http://la-rose-ecarlate.fandom.com/fr/
MegaSMP Wiki,http://megasmp.fandom.com/
Wiki Hora de aventuraas,http://hora-de-aventuraas.fandom.com/es/
Wiki FChisyosos,http://f-chisyosos.fandom.com/es/
Midnight age Wiki,http://midnight-age.fandom.com/
Weird/Creepy/Obscure Videos Wiki,http://weirdcreepyobscure-videos.fandom.com/
Gedonia Wiki/Королевство Гедония Вики,http://gedoniakingdom.fandom.com/ru/
Luigi Bros Wiki,http://luigi-bros.fandom.com/
MD-PTV Wiki,http://md-ptv.fandom.com/
After Inc. Wiki,http://after-inc.fandom.com/
Jayman team Wiki,http://jayman-team.fandom.com/
Andy Touch Wiki,http://andy-touch.fandom.com/
Void Tower Defense Wiki,http://void-tower-defense.fandom.com/
Tubbynugget Wiki,http://tubbynugget.fandom.com/
Dandy's World OCS Wiki,http://the-ocs-of-dandys-world.fandom.com/
Wiki Creador de historias,http://creador-de-historias.fandom.com/es/
Chair battles Wiki,http://chair-battles.fandom.com/
AI Learns To Drive Wiki,http://ai-learns-to-drive.fandom.com/
RG WORLD Wiki,http://rg-world.fandom.com/
Das Cafe am Rande der Freundlichkeit Wiki,http://das-cafe-am-rande-der-freundlichkeit.fandom.com/de/
Unicross Official Wiki,http://unicross.fandom.com/
Minecraft Resources Вики,http://minecraft-resources.fandom.com/ru/
The coven of covenless witches Wiki,http://the-coven-of-covenless-witches.fandom.com/
The Actual Backrooms Wiki,http://the-actual-backrooms.fandom.com/
Wiki Godiler67x,http://godiler67x.fandom.com/es/
Cget Wiki,http://cget.fandom.com/
Cleartil Boarding School Wiki,http://cleartil-boarding-school.fandom.com/
Salvation Wiki,http://salvation-roblox.fandom.com/
GemGalaxies New Universe Вики,http://gemgalaxies-new-universe.fandom.com/ru/
Dead Day Wiki,http://dead-day.fandom.com/
The Skibidi Verse Wiki,http://the-skibidi-verse.fandom.com/pt-br/
MCM Tuber (Minecraft Maps) Wiki,http://mapsbytub.fandom.com/
Mrs. Doubtfire Broadway Wiki,http://mrs-doubtfire-broadway.fandom.com/
For3v3r B0und: An average yandere game Wiki,http://for3v3r-b0und.fandom.com/
H1emu Wiki,http://h1emu.fandom.com/
Crimewatch Wiki,http://crimewatch.fandom.com/
Galactic Boogaloo Wiki,http://galactic-boogaloo.fandom.com/
Vail VR Wiki,http://vail-vr.fandom.com/
Cronica Wiki,http://cronica.fandom.com/
Bobette's Workshop Wiki,http://bobettes-workshop.fandom.com/
Catonian History Wiki,http://catonian-history.fandom.com/
Oververse: Official Wiki,http://oververse-official.fandom.com/
Divinity for the Unwilling Wiki,http://divinity-for-the-unwilling.fandom.com/
Школьные 22 Wiki,http://shkolnie-22.fandom.com/
The New Random Wiki,http://thenewrandom.fandom.com/
Andrew's Club Wiki,http://andrews-club.fandom.com/
Percy Jackson and the Olympians Wiki,http://pjo-animated-series.fandom.com/
Specky Nano Wiki,http://speckypedia.fandom.com/
Mr. Bean: The Animated Series Wiki,http://mrbeancartoon.fandom.com/
Volare (nush) Wiki,http://volare-nush.fandom.com/
砂糖流星镇 Wiki,http://sugarmeteortown.fandom.com/zh/
Threaegern Wiki,http://threaegern.fandom.com/
Unnamed Plastic-y Resource Pack Wiki,http://unnamed-plastic-y-resource-pack.fandom.com/
Kinuka’s safe oc space!! Wiki,http://kinukassafeocspace.fandom.com/
Marine Life Australia Wiki,http://marine-life-australia.fandom.com/
Come On! Wiki,http://come-on.fandom.com/
Snowcverse Wiki,http://snowcverse.fandom.com/
Tooney Toons Wiki,http://tooney-toons.fandom.com/
Бич/ Вики,http://bich.fandom.com/ru/
Journey: Forgotten Legacy Wiki,http://journey-forgotten-legacy.fandom.com/
Fanmade Transformations Wiki,http://fanmade-transformations.fandom.com/
Celeryman's More Pets Wiki,http://celerymans-more-pets.fandom.com/
Nexus International Wiki,http://nexus-international.fandom.com/
Five nights at Leon’s Wiki,http://five-nights-at-leons.fandom.com/
WQRF Archives Wiki,http://wqrf-archives.fandom.com/
Cold War Goes Hot: Alternate Universe Wiki,http://cwgh.fandom.com/
Unitedverse Wiki,http://unitedverse.fandom.com/
Battle For Gun games Wiki,http://battle-for-gun-games.fandom.com/
Malbear Studios Wiki,http://malbear-studios.fandom.com/
Skandar Roleplay Wiki,http://skandar-roleplay.fandom.com/
Painted-cat's-book Wiki,http://painted-catsbook.fandom.com/
Doggicle Wiki,http://doggicle.fandom.com/
Blueberry Wiki,http://lilblueberries.fandom.com/
UnquestionedHamburger61 Wiki,http://unquestionedhamburger61.fandom.com/
GrandPlay Wiki,http://grandplay.fandom.com/
The Isles of Shroomia Wiki,http://the-isles-of-shroomia.fandom.com/
Petals.inc Wiki,http://petalsinc.fandom.com/
The Craziest Silliest Wiki,http://craziest-silliest.fandom.com/
Sunny’s World Wiki,http://sunnysworld.fandom.com/
Groundhog Wiki,http://groundhog.fandom.com/
Scramble squad Wiki,http://scramble-squadlol.fandom.com/
Electrax Wiki,http://electrax.fandom.com/pt-br/
WeirdTunes (YouTuber) Wiki,http://weirdtunes-youtuber.fandom.com/
Every Single Roblox Player Wiki,http://every-single-roblox-player.fandom.com/
Korlandia RP Wiki,http://korlandia-rp.fandom.com/
Deshler Records Wiki,http://deshler-records.fandom.com/
The Creator Timeline Wiki,http://the-creator-timeline.fandom.com/
The atticbasment Wiki,http://the-atticbasment.fandom.com/
The Last Crown Wiki,http://the-last-crown.fandom.com/
Wiki Mi Primera Biblia,http://mi-primera-biblia.fandom.com/es/
Fundação Nexus Wiki,http://fundacao-nexus.fandom.com/pt-br/
Roxanne's Universe Wiki,http://roxannes-universe.fandom.com/
Non Battle Object Show Wiki,http://non-battle-object-show.fandom.com/
GAINSBORO Wiki,http://gainsborooooooooooooo.fandom.com/
Mahsunj Wikia,http://mahsunj.fandom.com/tr/
Floodstuff Wiki,http://floodstuff-flood.fandom.com/
Ojamajo Doremi Fanmade Wiki,http://ojamajo-doremi-fanmade.fandom.com/
The Lost Kingdom (Minecraft) Wiki,http://the-lost-kingdom-minecraft.fandom.com/
Nintendo Switch 2 Wiki,http://nintendo-switch-2.fandom.com/
The Horror Elevator Wiki,http://waterdrop-the-horror-elevator.fandom.com/
Nanako Atelier Wiki,http://nanako-atelier.fandom.com/
The Last Shoddy of the Legion Wiki,http://the-last-shoddy-of-the-legion.fandom.com/
Young hearts Wiki,http://young-hearts.fandom.com/
Jotris and Flotris Official Wiki,http://jotrisflotrisfacts.fandom.com/
Aurenvalis Wiki,http://aurenvalis.fandom.com/
Rg's_space Wiki,http://rgsspace.fandom.com/
Weltentreppe Wiki,http://weltentreppe.fandom.com/de/
Shadows of the Eternal Crown Wiki,http://shadows-of-the-eternal-crown.fandom.com/
Privatejetia Wiki,http://privatejetia.fandom.com/
Wiki Lune&Soleil,http://luneetsoleil.fandom.com/fr/
Tower Guardians Wiki,http://tg-roblox.fandom.com/
Bub's Bargain Bin Of OCs Wiki,http://bubs-bargain-bin-of-ocs.fandom.com/
Idc what to name Wiki,http://idc-what-to-name.fandom.com/
Geena Davis Wiki,http://geena-davis.fandom.com/
Зов Горизонта Вики,http://zov-gorizonta.fandom.com/ru/
Pokémon Miitopia Wiki,http://pokemon-miitopia.fandom.com/
Lost and forgotten Wiki,http://lostandforgottenofficially.fandom.com/
Nevin of Sprunkis Wiki,http://nevin-of-sprunkis.fandom.com/
Wind fist of the Ovelisk Wiki,http://wind-fist-of-the-ovelisk.fandom.com/
Oc anime Wiki,http://oc-anime.fandom.com/
Mandela dessert au Wiki,http://mandela-dessert-au.fandom.com/
Casters, Gods and Monsters Wiki,http://casters-gods-and-monsters-game-concept.fandom.com/
Hoshiverse Wiki,http://hoshiverse.fandom.com/
Freddy Fazbear's FNaF Roleplay Wiki,http://freddy-fazbears-fnaf-roleplay.fandom.com/
Documented Contained Anomalies Wiki,http://documented-contained-anomalies.fandom.com/
Acanletia The Holy Empire Wiki,http://acanletia-the-holy-empire.fandom.com/
Squid game fanon Wiki,http://squid-game-fanon.fandom.com/
Skibidi Toilet Battle Boom Wiki,http://skibidi-toilet-battle-boom.fandom.com/
Ascendancy Codex Wiki,http://ascendancy-codex.fandom.com/
VanilaWarfare Wiki,http://vanilawarfare.fandom.com/
Historinhas da Moonkase e Jvnq Wiki,http://historinhas-da-moonkase-e-jvnq.fandom.com/pt-br/
Город Вовы Вики,http://gorod-vovi.fandom.com/ru/
Monarchies and Royal Families Wiki,http://monarchies-and-royal-families.fandom.com/
YDF universe Wiki,http://ydf-universe.fandom.com/
BECMI dungeons and dragons Вики,http://becmi-dungeons-and-dragons.fandom.com/ru/
Island Wars! Wiki,http://islandwars.fandom.com/
Werner Waffenwerke: Arms Tycoon Wiki,http://wwat.fandom.com/
Eternal Strands Wiki,http://eternal-strands.fandom.com/
Cartoons Catfight Wiki,http://cartoons-catfight.fandom.com/
Вікі Коти вояки таємниці зірок,http://koti-voyaki-tamnitsi-zirok.fandom.com/uk/
GunPVPMc Wiki,http://gunpvpmc.fandom.com/
The Group Ever Wiki,http://ballsatyofaceblahblahblah.fandom.com/
СуперСупФильмПедия Вики,http://supersupfilmpedia.fandom.com/ru/
KAUZ Archives Wiki,http://kauz-archives.fandom.com/
WorldBegemotKot Вики,http://worldbegemotkot.fandom.com/ru/
Combatants of SL Wiki,http://combatants-of-sl.fandom.com/
Wars of Napoleon Wiki,http://won.fandom.com/
Dwellers 2.0 Wiki,http://dwellers-addon.fandom.com/
Вікі UkrainianYoutubeviki,http://ukrainianyoutubeviki.fandom.com/uk/
Windows Never Released Mockups Wiki,http://windows-never-released-mockups.fandom.com/
MYTHAGE: Legacies,http://mythage-legacies.fandom.com/
The Life Of Gas Wiki,http://the-life-of-gas.fandom.com/
Fallout Homefront Wiki,http://fallout-homefront.fandom.com/
Fields of Eden Wiki,http://fields-of-eden.fandom.com/
The World of Aarzibuck Wiki,http://the-world-of-aarzibuck.fandom.com/
Girlie J's Adventures Series Wiki,http://girlie-js-adventures-series.fandom.com/
Battle for Jeep Wiki,http://battle-for-jeep.fandom.com/
VDABFan Wiki,http://vdabfan.fandom.com/
WHBQ Archives Wiki,http://whbq-archives.fandom.com/
Cloaker2 nextbots Wiki,http://cloaker2-nextbots.fandom.com/
Better then being alone Wiki,http://better-then-being-alone.fandom.com/
Mr Auraverse Wiki,http://mr-auraverse.fandom.com/
Factory Town Tycoon Remastered Wiki,http://factory-town-tycoon-remastered.fandom.com/
The Brendas Wiki,http://the-brendas.fandom.com/
Samuel Wiki,http://samuelpedia.fandom.com/
Arca's Myth Investigation Wiki,http://arcas-myth-investigation.fandom.com/
KARDS Wiki,http://kards.fandom.com/zh/
Knil Wiki,http://knil.fandom.com/
Knights of Guinevere fanon Wiki,http://knights-of-guinevere-fanon.fandom.com/
Lorong Waktu Wiki,http://lorongwaktu.fandom.com/
World of Torchi Wiki,http://world-of-torchi.fandom.com/
Wiki_for_venting Wiki,http://wikiforventing.fandom.com/
Bella Parker Wiki,http://bella-parker.fandom.com/
Evergreen Bar Wiki,http://evergreen-bar.fandom.com/
Ordo Mensae Wiki,http://ordo-mensae.fandom.com/
暮烟 Wiki,http://muyanwc.fandom.com/zh/
Haltia Wiki,http://haltia.fandom.com/
Save Kee Kee Simulator Wiki,http://save-kee-kee.fandom.com/
Duanju - Dramas Curtos Wiki,http://duanju-dramas-curtos.fandom.com/pt-br/
Spore.fun Wiki,http://sporefun.fandom.com/
A House Divided Wiki,http://a-house-divided.fandom.com/
Sandson And Friends Pet Wiki,http://sandson-and-friends-pet.fandom.com/pt-br/
Battle Becomes A Show Wiki,http://battlebecomesashow.fandom.com/
Aftermath LARP SoCal Wiki,http://aftermath-larp-socal.fandom.com/
Camp of Missions Wiki,http://camp-of-missions.fandom.com/
Doodle and arkey Wiki,http://doodle-and-arkey.fandom.com/
Pretty Girls No Violence Wiki,http://pretty-girls-no-violence.fandom.com/
Séance Wiki,http://seance-aliycrown.fandom.com/
Ultimate Fighting Championship Wiki,http://ultimate-fighting-championship.fandom.com/
Roblox Find The Potions Wiki,http://roblox-find-the-potions.fandom.com/
Aesyna Wiki,http://aesyn.fandom.com/
Multiverse Custom Night Commune Branch Wiki,http://multiverse-custom-night-commune-branch.fandom.com/
Wojownicy au Wiki,http://wojo-au.fandom.com/pl/
Kpop Girl Groups Wiki,http://kpop-girl-groups.fandom.com/
Выживание сильнейшей героини в отомэ-игре Вики,http://otome-survival.fandom.com/ru/
Dino Bash Fanon Wiki,http://dino-bash-fanon-recontinued.fandom.com/
Honbee Amusement Wiki,http://kids-bee-skygamer4.fandom.com/
Built Different Wiki,http://built-different.fandom.com/
Ellis,s world Wiki,http://elliss-world.fandom.com/
Noah Kahan Wiki,http://noah-kahan.fandom.com/
Bangle School Wiki,http://bangle-school.fandom.com/
American Football Association Wiki,http://afafootball.fandom.com/
ChickenFine Вики,http://chickenfineru.fandom.com/ru/
Jelly Evolution Simulator Wiki,http://jelly-evo.fandom.com/
Prinses Spreeuw en Koningin Raven yap Wiki,http://prinses-spreeuw-en-koningin-raven-yap.fandom.com/nl/
Bluey the Unbroken Wiki,http://bluey-the-unbroken.fandom.com/
Knights of Guinevere Wiki,http://knights-of-guinevere.fandom.com/
Uniwersum X Wiki,http://uniwersum-x.fandom.com/pl/
A place to talk. Wiki,http://a-place-to-talk.fandom.com/
Eurovision Data Wiki,http://eurovision-data.fandom.com/
Lizzy McAlpine Wiki,http://lizzy-mcalpine.fandom.com/
终归零 Wiki,http://zhongguiling.fandom.com/zh/
St. Denis Medical Wiki,http://stdenismedical.fandom.com/
Ride Wiki,http://ride.fandom.com/
Special Civil Servant Wiki,http://specialcivilservant.fandom.com/
The Official Yoshilover1800 YouTube Channel Wiki,http://the-official-yoshilover1800-youtube-channel.fandom.com/
Rp farasder Вики,http://rp-farasder.fandom.com/ru/
Шалунтик Х Вики,http://shaluntik-x.fandom.com/ru/
SandboxPagesFree Wiki,http://sandboxpagesfree.fandom.com/
Retro nights Wiki,http://robloxretronights.fandom.com/
Parody Sprunki Wiki,http://incredibox-parody-sprunki.fandom.com/
SonicFanProjects Wiki,http://sonicfanprojects.fandom.com/
Fundamental Paper Education: The KRVerse Wiki,http://fundamental-paper-education-the-krverse.fandom.com/
Kuumaa Minecraft Wiki,http://kuumaa-minecraft.fandom.com/fi/
CraftBit Wiki,http://craftbit.fandom.com/
Polscy Gracze (: Wiki,http://polscy-gracze.fandom.com/pl/
Battle for BB Wiki,http://battle-for-bb.fandom.com/
NerdWorld Wiki,http://nerdworld.fandom.com/it/
The Dubbing Database Extended Wiki,http://the-dubbing-database-extended.fandom.com/
Fish's RNG Official Wiki,http://fish-rng-official.fandom.com/
LGTverses Вики,http://lgtverses.fandom.com/ru/
Wrath Of Chaos Universe Wiki,http://wrath-of-chaos-universe.fandom.com/
Rockstar AU!-wiki,http://rockstar-au.fandom.com/hu/
Maggie Lindemann Wiki,http://maggie-lindemann.fandom.com/pl/
Fundamental Paper Education: Extra Class Wiki,http://fpe-extra-class.fandom.com/
EuroAsia Song Contest 39th Edition Wiki,http://euroasia-song-contest-39th-edition.fandom.com/
Blairville Legacies Wiki,http://blairville-legacies.fandom.com/
Pale Wiki,http://pale.fandom.com/
PVZ Fusion Fan-made Plants and Zombies Wiki,http://pvz-fusion-fanmade-plants-and-zombies.fandom.com/
Реконструкция СТС ТНТ Вики,http://rekonstruktsiya-sts-tnt.fandom.com/ru/
The Stinkys Wiki,http://the-stinkys.fandom.com/
Lands of the Forgotten Wiki,http://caellewyn.fandom.com/
У.П.Т.Н.Н.И Вики,http://uptnni.fandom.com/ru/
Magyar TV Csatorna-wiki,http://magyar-tv-csatorna.fandom.com/hu/
Mojique2 Wiki,http://mojique2.fandom.com/
Filmymoji Wiki,http://filmymoji.fandom.com/
Small Brickman Wiki,http://small-brickman.fandom.com/
Good2grow Wiki,http://good2grow.fandom.com/
Vincentboi3333 Wiki,http://vincentboi3333.fandom.com/
Rebel Island Wiki,http://rebel-island.fandom.com/
Space Age Wiki,http://space-age-universe.fandom.com/
Star Wars Expanded: Chronicles of the Galaxy Wiki,http://star-wars-expanded-chronicles-of-the-galaxy.fandom.com/
The Rooms: Reborn Official Wiki,http://the-rooms-reborn-official-wikiler.fandom.com/
OldMMDsReuploads Wiki,http://oldmmdsreuploads.fandom.com/
Ds testing Wiki,http://ds-testing.fandom.com/
Talking Tom Shorts Wiki,http://talkingtomshorts.fandom.com/
MinecraftStoriesWiki.net Wiki,http://minecraftstorieswikinet.fandom.com/
Eos Wiki,http://eosweb.fandom.com/
Rubber ducks Wiki,http://duckies.fandom.com/
Bfdi ocs Wiki,http://bfdi-ocs.fandom.com/
Arkala Wiki,http://arkala.fandom.com/
From The Ashes TV Show Wiki,http://from-the-ashes-tv-show.fandom.com/
3008-B: COST Wiki,http://3008b-cost.fandom.com/
Liminal Exploration Wiki,http://liminal-exploration.fandom.com/
Modern Destiny Roleplay Wiki,http://modern-destiny-roleplay.fandom.com/
The Top 3 Wiki,http://the-top-3s.fandom.com/
Scary Orange Wiki,http://cultoforange.fandom.com/
CroX Wiki,http://wikiofgray.fandom.com/
SLASHERS Wiki,http://slashers.fandom.com/
StarEmily Wiki,http://staremily.fandom.com/
Peachy's World! Wiki,http://peachys-world.fandom.com/
Kimi to Koete Koi ni Naru Wiki,http://kimi-to-koete-koi-ni-naru.fandom.com/
Mischief Movie Night In Wiki,http://mischief-movie-night-in.fandom.com/
Fantasy Character Teams and Spoofs Wiki,http://fantasy-character-teams-and-spoofs.fandom.com/
גאליס Wiki,http://gallis.fandom.com/he/
Spelling Bee Wiki,http://spellingbee.fandom.com/
Gemquest Wiki,http://gemquest.fandom.com/
Survivalist Wiki,http://survivalistrblx.fandom.com/
Wendy Williams Wiki,http://wendy-williams.fandom.com/
Wiki Nyvaris Eltarius,http://nyvaris-eltarius.fandom.com/fr/
Peak? (ROBLOX) Wiki,http://peak-roblox.fandom.com/
ItsTheBackrooms Wiki,http://itsthebackrooms.fandom.com/
My Weirdcore game Wiki,http://my-weirdcore-game.fandom.com/
Super Wholesome RPG Wiki,http://super-wholesome-rpg.fandom.com/
Вікі Terra Francorum,http://terra-francorum.fandom.com/uk/
Legolover222 Wiki,http://legolover222.fandom.com/
WNE Вики,http://wne.fandom.com/ru/
Ultimate Universe Wiki,http://ultimateuniverse.fandom.com/
Forkgee Wiki,http://forkgee.fandom.com/
Ridiculous Fishing Wiki,http://ridiculous-fishing.fandom.com/
Item asyum Wiki,http://item-asyum.fandom.com/
Warrior Cats Sona Wiki,http://warrior-cats-sona.fandom.com/
Power of the Clans Wiki,http://power-of-the-clans.fandom.com/
Merlin Wiki,http://merlin.fandom.com/pt-br/
BlossomCraft Wiki,http://blossomcraft.fandom.com/
Brush Town Wiki,http://brush-town.fandom.com/
🍀 Wiki,http://clover-leafy.fandom.com/
Slavenian Universe Wiki,http://slavenian-universe.fandom.com/
LEMONADE Wiki,http://lemonade.fandom.com/
Neon-Studio (Scratch) Wiki,http://neonstudio-scratch.fandom.com/
Flagged Orbiters Wiki,http://flaggedorbiters.fandom.com/
FALT Wiki,http://falt.fandom.com/
ASMR trigger list Wiki,http://tingles.fandom.com/
Вежливый Континент Вики,http://vezhlivii-kontinent.fandom.com/ru/
Time2RP Wiki,http://time2rp.fandom.com/
Transmigrating as an Extra Third-Rate Villain Wiki,http://transmigrating-as-an-extra-thirdrate-villain.fandom.com/
Wiki Space Project,http://space-project.fandom.com/fr/
FBI FORÇAS ARMADAS® Desciclopédia Wiki,http://fbifa.fandom.com/pt-br/
ВикиПавия Вики,http://wikipavia.fandom.com/ru/
Oakland Wiki,http://oakland-tgc.fandom.com/
Rotten Innocence Wiki,http://rotteninnocence.fandom.com/
Kingdom of the Termites Wiki,http://kott.fandom.com/
FansOfRemito Wiki,http://remitoisawesome.fandom.com/
Spiritual + enlightenment Wiki,http://spiritual-enlightenment.fandom.com/
Test Liion Wiki,http://test-liion.fandom.com/
Ricardo Medina Wiki,http://ricardo3za4.fandom.com/
Seffurdarko Wiki,http://seffurdarko.fandom.com/
Infinite minesweeper Wiki,http://infinite-minesweeper.fandom.com/
Markosu Winszon Wiki,http://markosu-winszon.fandom.com/
Становясь Волшебницей Вики,http://mahou-shoujo-ni-akogarete.fandom.com/ru/
Cancelled Shows Wiki,http://cancelled-shows.fandom.com/
The Everything Place Wiki,http://the-everything-place.fandom.com/
Stars & Crystals Wiki,http://stars-crystals.fandom.com/
Респубλика Λямбда Вики,http://lambda-republic.fandom.com/ru/
Maw Wiki,http://maw.fandom.com/
Sphereventure Wiki,http://sphereventureroblox.fandom.com/
Вікі Чехословакія,http://chehoslovakiya.fandom.com/uk/
Draco Malfoy Fans Wiki,http://draco-malfoy-fans.fandom.com/
Local's Drag Race Wiki,http://locals-drag-race.fandom.com/
NOCWORLD Wiki,http://nocworld.fandom.com/zh/
White Monkeys Wiki,http://white-monkeys.fandom.com/
The Watermelon Squad Kaiju Wiki,http://the-watermelon-squad-kaiju.fandom.com/
The Sovereignty Of Axiom Wiki,http://the-sovereignty-of-axiom.fandom.com/
SimgmProductions Wiki,http://simgmproductions.fandom.com/
The Original Archives Wiki,http://the-original-archives.fandom.com/
Fruit Wars Wiki,http://fruit-wars.fandom.com/
Scarfy Universe Wiki,http://scarfy-universe.fandom.com/
Fuel Theory Wiki,http://fuel-theory.fandom.com/
Blue Fire Gamez Wiki,http://blue-fire-gamez.fandom.com/
Grindylow's SKAMs Wiki,http://grindys-skams.fandom.com/
Identity Fraud Remastered Wiki,http://identity-fraud-remastered.fandom.com/
Playground at Bob Wiki,http://playground-at-bob.fandom.com/
Swaggy Wiki,http://swaggy.fandom.com/
The Toybyrneans Wiki,http://the-toybyrneans.fandom.com/
Adrenaline (Roblox) Wiki,http://adrenaline-roblox.fandom.com/
Texttospeech Wiki,http://texttospeech.fandom.com/
Myversionofthings Wiki,http://myversionofthings.fandom.com/
Robbie Williams Wiki,http://robbiewilliams.fandom.com/
Wiki Pol comp ball español,http://pol-comp-ball-espanol.fandom.com/es/
Anime Fruit Wiki,http://anime-fruit.fandom.com/
Dzielnica Wiki,http://dzielnicaroblox.fandom.com/
The 8 show Wiki,http://the-8-show.fandom.com/
Sidelined Wiki,http://sidelined.fandom.com/
Hybrid Leagues Wiki,http://hybrid-leagues.fandom.com/
Cerebros Wiki,http://cerebros.fandom.com/
Shadow Killers Wiki,http://shadow-killers.fandom.com/
FireStop/Feastables Official Wiki,http://firestop.fandom.com/
Maré Alta RPG Wiki,http://mare-alta-rpg.fandom.com/pt-br/
ويكي Funvideotv ويكي العربية,http://funvideotv.fandom.com/ar/
Just4v3ryy's Wiki,http://pockyproductz.fandom.com/
Christen Kuikoua Wiki,http://christenkuikoua.fandom.com/
Progress Knight Multiplayer Wiki,http://progress-knight-multiplayer.fandom.com/
Relentless Rooms Wiki,http://relentless-rooms.fandom.com/
Dewey Wiki,http://the-dewey-show.fandom.com/
Sprunki: The Animated Series Wiki,http://sprunki-the-animated-series.fandom.com/
CSTR Wiki,http://cstr2.fandom.com/pt-br/
Jurassic Blocky Wiki,http://jurassic-blocky.fandom.com/
Smile TV Schedule Archives Wiki,http://smile-archives.fandom.com/
Earth Nations RP (not wiki just for fun) Wiki,http://earth-nations-rp-not-wiki-just-for-fun.fandom.com/
Nooby Wiki,http://nooby.fandom.com/
Livepédia Wiki,http://livepedia.fandom.com/pt-br/
Justin Quintanilla Wiki,http://justin-quintanilla.fandom.com/
The Unofficially Official Foxo Wiki,http://the-unofficially-official-foxo.fandom.com/
Stup1d Character Elimination Wiki,http://stup1d-character-elimination.fandom.com/
Faddishpath's Scratch series Wiki,http://faddishpaths-scratch-serie.fandom.com/
Alchemy supreme Wiki,http://alchemy-supreme.fandom.com/
Fiddlebops Wiki,http://fiddlebops.fandom.com/
Based Feathers McGraw Wiki,http://based-feathers-mcgraw.fandom.com/
Mephiles Goated Wiki,http://mephiles-goated.fandom.com/
EHS Wiki,http://ehs.fandom.com/
Geometry School Wiki,http://geometry-school.fandom.com/
Obiverse Wiki,http://obiverse.fandom.com/pl/
Extreme Cinema Wiki,http://extreme-cinema.fandom.com/
Horse Race Wiki,http://horse-race.fandom.com/
Mercury Abbey Wiki,http://mercury-abbey.fandom.com/
KAI Wiki,http://kai-the-series.fandom.com/
The TJ Rooms Wiki,http://the-tj-rooms.fandom.com/
Roblox investigators! Wiki,http://roblox-investigators.fandom.com/
Pro Wrestling Malta Fans Wiki,http://prowrestlingmalta.fandom.com/
Abandoned Rooms Wiki,http://abandoned-rooms.fandom.com/
ДВЕРИ, но это РАЗРУШЕНИЕ (СТЕНЫ) Вики,http://doors-but-break-stuff-walls.fandom.com/ru/
Мультимир и Кработы Вики,http://multiworld-and-krabots.fandom.com/ru/
My Old School Wiki,http://my-old-school-roblox.fandom.com/
Depressure Wiki,http://depressure.fandom.com/
Theresapageforthat Wiki,http://theresapageforthat.fandom.com/
Broadcast Syndication Wiki: Fanmade Edition Wiki,http://broadcastsyndicationfanmade.fandom.com/
Wiki Sacking4623,http://sacking4623.fandom.com/es/
Reincarnation Paradise Wiki,http://reincarnation-paradise.fandom.com/
Askjdadkjasdas Wiki,http://askjdadkjasdas.fandom.com/
Official Robotomy Corporation Wiki,http://official-robotomy-corporation.fandom.com/
MorphForge Wiki,http://wikiaforge.fandom.com/
Bloody Speckles Wiki,http://bloody-speckles.fandom.com/
Wiki Childhood Friend of the Zenith Việt Nam,http://childhood-friend-of-the-zenith-viet-nam.fandom.com/vi/
Eleanor Lovers Wiki,http://eleanor-lovers.fandom.com/
DeSero Wiki,http://desero.fandom.com/
JJT's Too Too Hard - Rejuvinated Wiki,http://jjts-too-too-hard-rejuvinated.fandom.com/
All Life Wiki,http://all-life.fandom.com/
Wiki Ta Mô Phỏng Đường Trường Sinh,http://ta-mo-phong-duong-truong-sinh.fandom.com/vi/
The Toran Verse Wiki,http://toranverse.fandom.com/
Deers and Deckards Wiki,http://deers-and-deckards.fandom.com/
Ragg Chicks Wiki,http://raggchicks.fandom.com/
Missing Boys Wiki,http://missingboys.fandom.com/it/
Roblox En-Dangered Rooms Franchise Wiki,http://roblox-endangered-rooms-franchise.fandom.com/
Legendaryrapbattle Wiki,http://legendaryrapbattle.fandom.com/
The Children of the Heart Wiki,http://the-children-of-the-heart.fandom.com/
Aliens vs. Humans vs. Predators Wiki,http://aliens-vs-humans-vs-predators.fandom.com/
Lyra's Nights at Freddy's Wiki,http://lyrasnightsatfreddysau.fandom.com/
The Howling Deception Wiki,http://the-howling-deception.fandom.com/
Venus' Otherworldly Towers Wiki,http://votroblox.fandom.com/
Korean Fried Chicken V2 Wiki,http://korean-fried-chicken-v2.fandom.com/
Minecraft story's Wiki,http://minecraft-storys.fandom.com/
Yellowie Wiki,http://yellowie.fandom.com/
Five Boroughs Wrestling Wiki,http://fiveboroughswrestling.fandom.com/
The Rooms Fan Ideas Wiki,http://the-rooms-fan-ideas.fandom.com/
Split Fiction Wiki,http://split-fiction.fandom.com/
Bloody bunny fanon Wiki,http://bloody-bunny-fanon.fandom.com/
Absolutegoofiestcolossalsquidsecret Wiki,http://absolutegoofiestcolossalsquidsecret.fandom.com/
Timeline-Bh/Ar Wiki,http://timelinebhar.fandom.com/
Quiet Incline Wiki,http://quiet-incline.fandom.com/
Kelly's Garden Wiki,http://kellys-garden.fandom.com/
Misty Shadows Wiki,http://misty-shadows.fandom.com/
We Are Number One Mashup Wiki,http://we-are-number-one-mashup.fandom.com/
Huse Shneedlorps Wiki,http://shneedland.fandom.com/
Poppy Playtime fanfiction Wiki,http://poppy-playtime-fanfiction.fandom.com/
Dispace Troblex Wiki,http://dispacetroblex.fandom.com/
TheArchivist111 Fanfics Wiki,http://thearchivist111-fanfics.fandom.com/
Let Him Go Fanon Wiki,http://let-him-go-fanon.fandom.com/
Admin Playz Wiki,http://admin-playz.fandom.com/
Sprout's Bakery Wiki,http://sprouts-bakery-dandys-world.fandom.com/
Portses Wiki,http://portses.fandom.com/
Box Tower Defense Wiki,http://box-tower-defense.fandom.com/
Sky Island Wiki,http://the-sky-island.fandom.com/
Sprunksters Wiki,http://incredibox-sprunksters.fandom.com/
At The End Wiki,http://at-the-end.fandom.com/
Deutsch wiki funvideotv Wiki,http://deutsch-wiki-funvideotv.fandom.com/de/
At The Start Wiki,http://at-the-start.fandom.com/
RodSwat Wiki,http://rodswat.fandom.com/
PLAYDELIXO Wiki,http://playdelixo.fandom.com/pt-br/
Bar Bleach Wikia,http://bar-bleach.fandom.com/tr/
More More Nightcord! Wiki,http://more-more-nightcord.fandom.com/
Who Do You Think You Are? Wiki,http://who-do-you-think-you-are.fandom.com/
The Originals fanon Wiki,http://the-originals-fanon.fandom.com/pt-br/
The Rake whispering pines remake Wiki,http://the-rake-whispering-pines-remake.fandom.com/
Fauna World Wiki,http://fauna-world.fandom.com/
KPMC 위키,http://kpmc.fandom.com/ko/
Wisteria Style Cooking Wiki,http://wisteria-style-cooking.fandom.com/
Wiki Block By Block: El Amuleto ES,http://block-by-block-el-amuleto-es.fandom.com/es/
Sweet Survival Wiki,http://sweet-survival.fandom.com/
Light, Games and humanity the infinite Wiki,http://light-games-and-humanity-the-infinite.fandom.com/
Meme Gacha! Wiki,http://meme-gacha.fandom.com/
Handa World Wiki,http://handa-world.fandom.com/
Train to the Unknown (roblox) Wiki,http://train-to-the-unknown-roblox.fandom.com/
Wiki Universo Loco Bear,http://universo-locobear.fandom.com/es/
Dupyeswiki Wiki,http://dupyes.fandom.com/
Moose & Zee Wiki,http://moose-zee.fandom.com/
Wiki Hijos de FHS,http://hijos-de-fhs.fandom.com/es/
Bean-P Songs Wiki,http://beanp-songs.fandom.com/
Interminadble bios Wiki,http://interminadble-bios.fandom.com/
MaxyMcPrime Wiki,http://meem.fandom.com/
The Tobias Bastion Wiki,http://tobiasbastion.fandom.com/
Wiki Chafacraft,http://chafacraft.fandom.com/es/
The Kahns Wiki,http://bjma.fandom.com/
DJGODEST Wiki,http://djgodest.fandom.com/
Fartgamblocks Wiki,http://fartgamblocks.fandom.com/
Scratchy_Actress Wiki,http://scratchyactress.fandom.com/
Super Battlegrounds 64 Wiki,http://super-battlegrounds-64.fandom.com/
A Life After Wiki,http://a-life-after.fandom.com/
Pocoyo mall Wiki,http://pocoyo-mall.fandom.com/
Soap Character World Wiki,http://soap-character-world.fandom.com/
Pop and Cub Adventure Bears Wiki,http://pop-and-cub-adventure-bears.fandom.com/
Галактика - 414 Вики,http://galaktika-414.fandom.com/ru/
Mesmerizer and Obsolete meat Wiki,http://mesmerizer-and-obsolete-meat.fandom.com/
GorgeousGuardianStarAngel Wiki,http://gorgeousguardianstarangel.fandom.com/
Find the Baking Sodas Wiki,http://ftbs.fandom.com/
Rainbow Space Wolves Wiki,http://rainbow-space-wolves.fandom.com/
BLEACH ROLEPLAY Wiki,http://bleach-rp.fandom.com/de/
Backrooms dark reality Wiki,http://backrooms-dark-reality.fandom.com/
Ardenthal Wiki,http://ardenthal.fandom.com/
SRRG Wiki,http://srrg.fandom.com/
Malivien Wiki,http://malivien.fandom.com/de/
Jellybean1now world Wiki,http://jellybean1now-world.fandom.com/
The NEW Dabl Archives Wiki,http://the-new-dabl-archives.fandom.com/
Wings Of Fire AU Ametyst Wiki,http://wings-of-fire-au-ametyst.fandom.com/pl/
Contagem do Miojo Wiki,http://contagem-do-miojo.fandom.com/pt-br/
Cinny’s Artshop! Dandy’s World AU Wiki,http://cinnys-artshop-dandys-world-au.fandom.com/
Legends of the Leapsterverse Wiki,http://legends-of-the-leapsterverse.fandom.com/
Fighter Fantasy Wiki,http://fighter-fantasy.fandom.com/
Killstreak: Calamity v2 Wiki,http://kscalamity.fandom.com/
Official FCV Wiki,http://official-fcv.fandom.com/
Bad jjt chart Wiki,http://bad-jjt-chart.fandom.com/
The Sillers Fanon Wiki,http://the-sillers-fanon.fandom.com/
Dog Days Out Wiki,http://dog-days-out.fandom.com/
Ita DeCampaign Wiki,http://ita-decampaign.fandom.com/
Minpolin Wiki,http://minpolin.fandom.com/
Zolaman Wiki,http://zolaman.fandom.com/
The Fundamentals Of Despair Wiki,http://the-fundamentals-of-despair.fandom.com/
The Supreme Legacy Wiki,http://the-supreme-legacy.fandom.com/
Freaky hoi Wiki,http://freaky-hoi.fandom.com/pl/
Dandy's World Wiki,http://dandys-world-robloxhorror.fandom.com/pt-br/
Wiki Sarassioverse,http://sarassioverse.fandom.com/fr/
The Official Junigang Wiki,http://junidandco.fandom.com/
Wiki Eskill.,http://eskill.fandom.com/es/
Tistoried BreakAdition CX Wiki,http://tistoried-breakadition-cx.fandom.com/
Project44 Wiki,http://project44.fandom.com/
TheRyck Wiki,http://theryck.fandom.com/pt-br/
Wiki,http://whatisthisplace.fandom.com/
2048 Fan Ideas Wiki,http://2048-fanmade.fandom.com/