Lords Of The Auditorium Wiki,http://lords-of-the-auditorium.fandom.com/
Рыцари Радуги вики,http://rainbow-knights.fandom.com/ru/
Star Wars: The Last of His Legacy Wiki,http://star-wars-the-last-of-his-legacy.fandom.com/
Wiki Hardes des Plaines,http://hardes-des-plaines.fandom.com/fr/
The Doonhamer Mod Wiki,http://the-doonhamer-mod-wiki.fandom.com/
Dire the Wolf Wiki,http://dire-the-wolf.fandom.com/
The CW Wiki,http://universecw.fandom.com/es/
Vibrant Venture Wiki,http://vibrant-venture.fandom.com/
Animal Jam Graphics & Templates Wiki,http://animaljamresources.fandom.com/
Jeżyce Wiki,http://jezyce.fandom.com/pl/
Power Rangers Final Force Wiki,http://power-rangers-final-force-wiki.fandom.com/
Blow Mold Wiki,http://blowmold.fandom.com/
Welcome to Farmtown! Wiki,http://welcome-to-farmtown-roblox.fandom.com/
Igor Wiki,http://igorthemovie.fandom.com/
The Nightmare Files Wiki,http://the-nightmare-files.fandom.com/
Dandamanzco’s stupid house Wiki,http://dandamanzcos-stupid-house.fandom.com/
SCPfoundation Wiki,http://xscpfoundationx.fandom.com/
Cabara Kingdom Wiki,http://cabara-kingdom.fandom.com/
90's Kids Shows Wiki,http://90s-kids-shows.fandom.com/
5gum Wiki,http://5gum-wiki.fandom.com/
Ryan George McCleary Galaxy Wiki,http://ryan-george-mccleary-galaxy.fandom.com/
BL: Exodus Wiki,http://bl-exodus.fandom.com/
Ryan George McCleary Universe Wiki,http://ryan-george-mccleary-universe.fandom.com/
Tales of Contria Wiki,http://contria.fandom.com/
Pointforcraft вики,http://pfc.fandom.com/ru/
Czech Descendants Out Wiki,http://czech-descendants-out.fandom.com/
Mortalkombatmans Wiki,http://mortalkombatmans.fandom.com/
Fallout Camp Navarro Wiki,http://fallout-camp-navarro.fandom.com/
Super Mario Maker 2 Wiki,http://supermariomaker2.fandom.com/
Spy x Family Wiki,http://spy-x-family.fandom.com/
Given Wiki,http://given.fandom.com/
The Lord of the Rings: Gollum Wiki,http://lordoftheringsgollum.fandom.com/
Criminal Vs Swat Wiki,http://criminal-vs-swat.fandom.com/
The Walking Dead fan Wiki,http://the-walking-dead-fan-wiki.fandom.com/
The Magical Girl Fandom Wiki,http://themagicalgirl.fandom.com/
Celeste вики,http://celestegame.fandom.com/ru/
Maryland Green Gardener Wiki,http://md-green-gardener.fandom.com/
Elliot’s OCs Wiki,http://elliots-ocs.fandom.com/
Earth-199999 (MCU) Wiki,http://earth199999-mcu.fandom.com/
Minecraft Cartoons Wiki,http://minecraft-cartoons.fandom.com/
Earthworm sally Wiki,http://earthworm-sally-wiki.fandom.com/
Jolly Crouton Pedia Wiki,http://jollycrouton.fandom.com/
Shore Line East Wiki,http://shore-line-east-wiki.fandom.com/
Zachary Roesberry Wiki,http://zachary-roesberry-wiki.fandom.com/
Вселенная Ежей вики,http://worldofhedgehogs.fandom.com/ru/
Nations of Zelzevee Wiki,http://nations-of-zelzevee.fandom.com/
Stegoland Wiki,http://stegoland-wiki.fandom.com/
WorldBox вики,http://worldbox.fandom.com/ru/
BTOB Wiki,http://btob-wiki.fandom.com/
Biklonz Wiki,http://biklonz.fandom.com/
WoW WotLK: Arena Final Wiki,http://wow-wotlk-arena-final.fandom.com/
Папагушка вики,http://0jlqsnc00ljqvcdqlnc40yhqutc.fandom.com/ru/
CarmenitaStarPedia Wiki,http://carmenitastarpedia.fandom.com/
Omnipedia,http://omnipedia.fandom.com/
Liar Liar game вики,http://liar-liar-game.fandom.com/ru/
Земля Королей вики,http://landofkings.fandom.com/ru/
SapClan Wiki,http://sapclan.fandom.com/
Kyone Dine Ville Wiki,http://kyone-dine-ville.fandom.com/
Trinkets Wiki,http://trinkets-netflix.fandom.com/
Hodges Wiki,http://hodges.fandom.com/
Avengers Earth-199999 Wiki,http://avengers-earth199999.fandom.com/
The World of Iraelon Wiki,http://iraelon.fandom.com/
The super flamingo group Wiki,http://the-super-flamingo-group.fandom.com/
Welcome to Farmtown! Wiki,http://farmtownrblx.fandom.com/
Swansbigbrother Wiki,http://swansbigbrother.fandom.com/
Surivivor: The Bubble Wiki,http://surivivor-the-bubble.fandom.com/
Truejunior Wiki,http://truejunior.fandom.com/
Unityhaven Wiki,http://unityhaven.fandom.com/
Roblox Prison Life Wiki,http://roblox-prison-life-12.fandom.com/
DIC Entertainment Home Media Archive Wiki,http://dichomeentertainment.fandom.com/
Battle Stadium D.O.N — World Tour! Wiki,http://battle-stadium-don-world-tour.fandom.com/
Supreme Emperor of Swords Wiki,http://supreme-emperor-of-swords.fandom.com/
Warrior's Land Wiki,http://warriors-land-wiki.fandom.com/
The Mystical Future Wiki,http://the-mystical-future.fandom.com/
Last Frontier Wiki,http://last-frontier.fandom.com/
El Trono Wiki,http://eltrono.fandom.com/es/
Шарлотта Земляничка вики,http://strawberryshortcake.fandom.com/ru/
Romo and Julet Wiki,http://romo-and-julet.fandom.com/
Gene Autry Wiki,http://gene-autry.fandom.com/
Royal Genovian Armed Forces Wiki,http://royal-genovian-armed-forces.fandom.com/
Alternate-Timelines Wiki,http://alternatetimelines.fandom.com/
Riders in the Sky Wiki,http://riders-in-the-sky.fandom.com/
Wiki 44 Gatos,http://44-gatos.fandom.com/pt-br/
Bullet Echo вики,http://bullet-echo.fandom.com/ru/
偶像大師 閃耀色彩 中文 Wiki,http://shinycolors.fandom.com/zh/
Chernobyl Wiki,http://chernobyl.fandom.com/de/
Pangeafantasy Wiki,http://pangeafantasy.fandom.com/pl/
Estrella de Luz Wiki,http://strella-de-luz.fandom.com/es/
Bloxrpwiki Wiki,http://bloxrpwiki.fandom.com/
Freezox's Minecraft Theme Park Wiki,http://freezoxs-minecraft-theme-park.fandom.com/
Philippine High Wiki,http://philippinehigh.fandom.com/
Crafted Galaxy X Wiki,http://crafted-galaxy-x.fandom.com/
Wiki L'encyclopédie des Licornes,http://lencyclopedie-des-licornes.fandom.com/fr/
Team17 Wiki,http://team17-games.fandom.com/
Club Penguin Rewritten вики,http://club-penguin-rewritten.fandom.com/ru/
ConnorCPS: Solís Conquest 2 Wiki,http://connorcps-solis-conquest-2.fandom.com/
Alle unter einem Dach Wiki,http://alle-unter-einem-dach.fandom.com/de/
Wiki Milky Ways 2850,http://milky-ways-2850.fandom.com/fr/
Mahoutokoro IDN Roleplay Wiki,http://mahoutokoro-idn-roleplay.fandom.com/id/
Afrikaanstvtropes Wiki,http://afrikaanstvtropes.fandom.com/
Hurricane/Typhoon Guidebook Wiki,http://hurricanetyphoon-guidebook.fandom.com/
VeloWiki вики,http://velowiki.fandom.com/ru/
es,http://wikirutadou.fandom.com/es/
The world of ourania Wiki,http://the-world-of-ourania.fandom.com/
MoternMedia Wiki,http://moternmedia.fandom.com/
TheSocietyNetflix Wiki,http://thesocietynetflix.fandom.com/
Soturit Wikia,http://soturit.fandom.com/fi/
Wiki CS:GO Wikia,http://csgo-wikia.fandom.com/fr/
Hugo Award Nominees 2020 Wiki,http://hugo-noms-2020.fandom.com/
Unknow death вики,http://unknow-death.fandom.com/ru/
Creepypasta Villains Wiki,http://creepypastavillains.fandom.com/
The Chronology Series Wiki,http://the-chronology-series.fandom.com/
YourApp Wiki,http://yourapp.fandom.com/zh/
Thing Wiki,http://ddumbthingo.fandom.com/
Brendan Patrick Hennessy Interactive Fiction Wiki,http://campzone.fandom.com/
Database of Powers and Abilities Wiki,http://database-of-powers-and-abilities.fandom.com/
Tales from the Known World Wiki,http://tales-from-the-known-world.fandom.com/
Elvaria Wiki,http://elvaria.fandom.com/
BK's Marble Wiki,http://bks-marble.fandom.com/
Steel Skies Wiki,http://steel-skies.fandom.com/
Pokemon: Raydem Wiki,http://raydem.fandom.com/
Detective Pikachu Wiki,http://detective-pikachu.fandom.com/es/
Zhifal Wiki,http://zhifal.fandom.com/
MetalliPara Fanon Wiki,http://metallicaparadisefanon.fandom.com/
Battle Creek Wiki,http://battlecreekgame.fandom.com/
Heroctors Universe Wiki,http://heroctors.fandom.com/
Cozy Penguin Wiki,http://cozy-penguin.fandom.com/
Longhorn вики,http://longhorn.fandom.com/ru/
Feral Wildworks Wiki,http://feral-wildworks.fandom.com/
Spot4Writers wiki,http://spot4writers.fandom.com/nl/
Gaiagon Wiki,http://gaiagon.fandom.com/
Wiki Assiah -RpFrench-,http://assiah-rpfrench.fandom.com/fr/
Otto & Viola Wiki,http://otto-viola.fandom.com/
Feral Wiki,http://feral.fandom.com/
Age of Arastria Wiki,http://age-of-arastria.fandom.com/
Alluvial,http://alluvial.fandom.com/
Just Your Probably Not So Normal Object Camp Wiki,http://jypnsnoc.fandom.com/
Crossover Profile Wiki,http://crossover-profile.fandom.com/
Жила-была Царевна вики,http://waslivedprinncess.fandom.com/ru/
TauKita вики,http://taukita.fandom.com/ru/
Universecwsports Wiki,http://universecwsports.fandom.com/es/
Earth-919 Wiki,http://earth919.fandom.com/
MraculousLadybugFandom Wiki,http://mraculousladybugfandom.fandom.com/es/
Gregs Wiki,http://gregs-wiki.fandom.com/de/
Poosh Wiki,http://poosh.fandom.com/
Probably Spies wiki,http://probably-spies.fandom.com/nl/
ROBLOX Pokemon Space Void Wiki,http://roblox-pokemon-space-void.fandom.com/
The Venerable Swordsman Wiki,http://the-venerable-swordsman.fandom.com/
Cricket JAT Wiki,http://cricket-jat.fandom.com/
Fort Sterling Crafters Wiki,http://fort-sterling-crafters.fandom.com/