Sad kokylki Wiki,http://sad-kokylki.fandom.com/
Telax Wiki,http://telax.fandom.com/
Wiki Clan Hormiga,http://clan-hormiga.fandom.com/es/
Rainbow Bubblegem Fanon Wiki,http://rainbow-bubblegem-fanon.fandom.com/
Rockstar Wiki,http://rockstar.fandom.com/
Mabroxx Piggy Animated Universe Wiki,http://mabroxx-piggy-animated-universe.fandom.com/
Wiki El Colegio De La Pincoya,http://el-colegio-de-la-pincoya.fandom.com/es/
Bludária Wiki,http://bludaria.fandom.com/pt-br/
Big Brother Revolution Wiki,http://big-brother-revolution.fandom.com/
Titan Rising Wiki,http://titan-rising.fandom.com/
Wiki Laboratorios Grimmy,http://laboratorios-grimmy.fandom.com/es/
Hell in the Room Wiki,http://hell-in-the-room.fandom.com/
Hannah Gray Universe Wiki,http://hannah-gray-universe.fandom.com/
Bunny Jump Wiki,http://bunny-jump.fandom.com/
Ardentia Larp Group Wiki,http://ardentia.fandom.com/
Roblox protect Wiki,http://roblox-protect.fandom.com/
Helldivers Wiki,http://helldivers.fandom.com/pt-br/
FirePlaceSMP Wiki,http://fireplacesmp.fandom.com/
Eastern Faction Wiki,http://eastern-faction.fandom.com/
Battle for Speck of Dirt Wiki,http://battle-for-speck-of-dirt.fandom.com/
Mattygezart Wiki,http://mattygezartarrythmia.fandom.com/
The Freak Files Wiki,http://the-freak-files.fandom.com/
Pencilmation Fanon OCs! Wiki,http://pencilmation-fanon-ocs.fandom.com/
Thalrion Wikia,http://thalrion.fandom.com/tr/
Cold War Equipment & TOE/ORBAT Wiki,http://cold-war-equipment-toeorbat.fandom.com/
BLockerman's minesweeper Unofficial Wiki,http://blockermans-minesweeper-unofficial.fandom.com/
Doondis World Wiki,http://doondis-world.fandom.com/
Project 1976 Wiki,http://jackieandfriendssandwicheria.fandom.com/
The forgotten life Wiki,http://the-forgotten-life.fandom.com/
Mr. Incredible Becoming Old Wiki,http://mr-incredible-becoming-old.fandom.com/
Probject: Object Wiki,http://probjectobject.fandom.com/
Musicas Wiki,http://music.fandom.com/pt-br/
The Glad Few Wiki,http://the-glad-few.fandom.com/
Flood Insanity Wiki,http://flood-insanity.fandom.com/
DANGERCOTTAGE Wiki,http://dangercottage.fandom.com/
2 Haute 2 Handle Wiki,http://2h2h.fandom.com/
Minitoon.me Wiki,http://minitoonme.fandom.com/
Mysterious Rooms Wiki,http://mysterious-rooms.fandom.com/
The Solar-world Scratch Wiki,http://the-solarworld-scratch.fandom.com/
Fanmade Backrooms Wiki,http://fanmadebackroomsbr.fandom.com/pt-br/
Necrocious Rooms Official Wiki,http://necrocious-rooms-official.fandom.com/
Learningblocks 3D Roleplay Wiki,http://3drp.fandom.com/
Juno’s Creatures Wiki,http://junoscreatures.fandom.com/
34 Rabbits Wiki,http://34-rabbits.fandom.com/
Jujutsu Kaisen Rewritten Wiki,http://jujutsu-kaisen-rewritten.fandom.com/
Pewp Levels Wiki,http://pewp-levels-limbobbia.fandom.com/
Dinobites Wiki,http://dinobites.fandom.com/
Blood of the Trinity Wiki,http://blood-of-the-trinity.fandom.com/
Mimitchis wiki of npcs Wiki,http://mimitchis-wiki-of-npcs.fandom.com/
Sophia's (Analog Horror) Wiki,http://sophias-analog-horror.fandom.com/
Tech Rainbow Wiki,http://tech-rainbow.fandom.com/
Sonic.EXE - The Game Wiki,http://sonicexe-the-game.fandom.com/
A canon FNAF timeline Wiki,http://a-canon-fnaf-timeline.fandom.com/
Blue Moon AU Wiki,http://blue-moon-au.fandom.com/
Brandon-Verse Wiki,http://brandonverse.fandom.com/
MiSide Viki,http://miside.fandom.com/tr/
Салафор Вики,http://salafor.fandom.com/ru/
Piggy Lost Cure Wiki,http://piggy-lost-cure.fandom.com/
Сборник Снюфиков Wiki,http://sbornik-snyufikov.fandom.com/
The New Fourties Wiki,http://the-new-fourties.fandom.com/
One Foggy Day Wiki,http://ofd.fandom.com/
Wiki Ayrton 65,http://serveurayrton65.fandom.com/fr/
Pokemon: Gleam and Dusk Wiki,http://pokemon-gleam-and-dusk.fandom.com/
Rede Whosh Wiki,http://redewhosh.fandom.com/pt-br/
Dandysworldcreepypasta Wiki,http://dandysworldcreepypasta.fandom.com/
Плабора Вики,http://plabora.fandom.com/ru/
Мир Хаубоку Вики,http://world-of-hauboku.fandom.com/ru/
HydroRpg Wiki,http://hydrorpg.fandom.com/
Emotionblocks Wiki,http://emotionblocks.fandom.com/
City of Coins Wiki,http://city-of-coins.fandom.com/de/
Deutsches Immortals After Dark Wiki,http://deutsches-immortals-after-dark.fandom.com/de/
Minecraft Flower City Metro Wiki,http://minecraftflowercitymetro.fandom.com/
KongTullman Wikia,http://kongtullman.fandom.com/no/
WildCraft Creepypasta Wiki,http://wc-creepypasta.fandom.com/
Sulfur Вики,http://sulfur.fandom.com/ru/
Blue Lock: Rivals (Fanon) Wiki,http://blue-lock-rivals-fanon.fandom.com/
RegretMutation Wiki,http://regretmutation.fandom.com/
United Archipelago of Calidoria Wiki,http://united-archipelago-of-calidoria.fandom.com/
The Mr Incredible Unscary Wiki,http://the-mr-incredible-unscary.fandom.com/
Sphereventure! Wiki,http://sphereventure.fandom.com/
Siderooms Wiki,http://siderooms.fandom.com/zh/
Gearworks Wiki,http://gearworks-rblx.fandom.com/
РУ Психопомп Вики,http://ru-psychopomp.fandom.com/ru/
Angel/Killswitch Wiki,http://angelkillswitch.fandom.com/
Danger Mouse and Penfold's Adventures Wiki,http://danger-mouse-and-penfolds-adventures.fandom.com/
Piggy: The Unofficial Remake Wiki,http://piggy-the-unofficial-remake.fandom.com/
Wiki Descaatwarsoftecnocracy,http://descaatwarsoftecnocracy.fandom.com/es/
World of Nefal Вики,http://world-of-nefal.fandom.com/ru/
Bionix Wiki,http://bionix.fandom.com/
Therollingcreeper Wiki,http://therollingcreeper.fandom.com/
New Sprunki Wiki,http://new-sprunki.fandom.com/
Battle talent unofficial Wiki,http://battle-talent-unofficial.fandom.com/
Going to court Wiki,http://going-to-court.fandom.com/
Scav Prototype Wiki,http://scavprototype.fandom.com/
W-Miraculous Wiki,http://wmiraculous.fandom.com/
Wiki Herny23454,http://herny23454.fandom.com/es/
Silly People Wiki,http://silly-people.fandom.com/
Sansbro Wiki,http://sansbro.fandom.com/
Silver Symphony Wiki,http://silver-symphony.fandom.com/
Blade and Buffoonery Wiki,http://blade-and-buffoonery.fandom.com/
Assimilação RPG Wiki,http://assimilacao-rpg.fandom.com/pt-br/
Wiki 442oons,http://442oons.fandom.com/es/
Super Mario Trading Card Game Wiki,http://super-mario-trading-card-game.fandom.com/
The Soaring Heights Wiki,http://the-soaring-heights.fandom.com/
Five nights at taylet's Wiki,http://five-nights-at-taylets.fandom.com/
Angels test Wiki,http://angels-test.fandom.com/
Tanks 3d Wiki,http://tanks-3d.fandom.com/
Object of the Game Wiki,http://object-of-the-game.fandom.com/
The cutie verse Wiki,http://the-cutie-verse.fandom.com/
Kings of Kroydon Hills Wiki,http://kings-of-kroydon-hills.fandom.com/
Moonlit Mayhem Wiki,http://moonlit-mayhem.fandom.com/
Кати и друзья Wiki,http://kati-i-druzya.fandom.com/zh/
Gohn Franklin Wiki,http://gohn-franklin.fandom.com/
Монстр Фимоз Вики Вики,http://monstr-fimoz-viki.fandom.com/ru/
Origin finding for mibu phases Wiki,http://origin-finding-for-mibu-phases.fandom.com/
Wiki Movimiento Histórico por Venezuela,http://movimiento-historico-por-venezuela.fandom.com/es/
DLP48 Wiki,http://dlp48.fandom.com/
The Nut Butlers of Schwulewelt Wiki,http://the-nut-butlers-of-schwulewelt.fandom.com/
Alternative Thats not my neightbor Wiki,http://alternative-thats-not-my-neightbor.fandom.com/
Marissa Meyer Wiki,http://marissameyer.fandom.com/
The Nnykipedia,http://nnykipedia.fandom.com/
Xho'Sara Wiki,http://xhosara.fandom.com/
Maddie + Triggs Wiki,http://maddie-and-triggs.fandom.com/
Fromglyphs Wiki,http://fromglyphsalanguage.fandom.com/
The Video Game Master's Crossover Universe Wiki,http://the-video-game-masters-crossover-universe.fandom.com/
Rocket Knight Rus Вики,http://rocket-knight-rus.fandom.com/ru/
Сальный эчпочмак Вики,http://salnii-echpochmak.fandom.com/ru/
BronzeRattle Testing Wiki,http://bronzerattletest.fandom.com/
The Almighty Lapsakos of Almighty Ecrin Domalan Wikia,http://the-almighty-lapsakos-of-almighty-ecrin-domalan.fandom.com/tr/
TheConlangProject Wiki,http://theconlangproject.fandom.com/
Kittyland Wiki,http://kittylandroblox.fandom.com/
Anime Immortals Wiki,http://anime-immortals.fandom.com/
American/Australian/British Masked Singer Wiki,http://americanaustralianbritish-masked-singer.fandom.com/
Indagator's Day and Night (IDaN) Wiki,http://indagators-day-and-night-idan.fandom.com/
Mici Attack 2 Wiki,http://mici-attack-2.fandom.com/
Шедеврум Вики,http://shedevrumpedia.fandom.com/ru/
Shuumatsu123 Wiki,http://shuumatsu123.fandom.com/pt-br/
Лагерь Несчастья Вики Вики,http://lager-neschastia.fandom.com/ru/
V rooms V Wiki,http://v-rooms-v.fandom.com/
Kantu Wiki,http://kantu.fandom.com/
Wiki Mis Aventuras de GTA,http://mis-aventuras-de-gta.fandom.com/es/
Rerailed Wiki,http://rerailed.fandom.com/
The Amazing Race Florida Wiki,http://the-amazing-race-florida.fandom.com/
Hogwarts Weasy Au Wiki,http://hogwarts-weasy-au.fandom.com/
New Alternate History Wiki,http://new-alternate-history.fandom.com/
Five Nights at Chilly's Wiki,http://chillysfrozentreatsparlor.fandom.com/
Frans Timmermans Wiki,http://frans-timmermans.fandom.com/nl/
Кроссовер (Docks Cartoons) Вики,http://cartoons-crossover.fandom.com/ru/
Narwhal Bacon ROBLOX Wiki,http://narwhal-bacon-roblox.fandom.com/
Tales Wiki,http://sw-tales.fandom.com/
The world of orionis Wiki,http://the-world-of-orionis.fandom.com/
Captain Iron Super Bat: Data-2-Verse Wiki,http://captain-iron-super-bat-data2verse.fandom.com/
Wiki OC power scaling,http://oc-power-scaling.fandom.com/es/
Horizonte Místico Wiki,http://horizonte-mistico.fandom.com/pt-br/
Shark Tank India Wiki,http://sharktankindia.fandom.com/
Thalum Wiki,http://thalum.fandom.com/
Finding the Cure in the Sea of Dreams Wiki,http://finding-the-cure-in-the-sea-of-dreams.fandom.com/
Небесные Войны Вики,http://nebesnie-voini.fandom.com/ru/
Ternary Worldspace Wiki,http://ternary-worldspace.fandom.com/
SuperSonicSluggers Wiki,http://supersonicsluggers.fandom.com/
New Charlie's Find the Flags Wiki,http://new-charlies-find-the-flags.fandom.com/
Scarlet e Terry com Lulu Wiki,http://scarlet-e-terry-com-lulu.fandom.com/pt-br/
Emerald Crescent Wiki,http://emerald-crescent.fandom.com/
Dummies vs Noobs: Crumbling Iron Wiki,http://dummies-vs-noobs-crumbling-iron.fandom.com/
Acen 1 Wiki,http://acen-1.fandom.com/
New Sprunki remake Wiki,http://new-sprunki-remake.fandom.com/
Under the Rainbow Wiki,http://rainbowaupiggy.fandom.com/
vpn-restricted-muppet-migration-test-again,http://vpn-restricted-muppet-migration-test-again.fandom.com/
The Chosen One Wiki,http://the-chosen-one-roblox.fandom.com/
ZoonomalyxZoochosisxunnaturalhabitatthenewempire Wiki,http://zoonomalyxzoochosisxunnaturalhabitatthenewempire.fandom.com/
The Iron Duchess Wiki,http://the-iron-duchess.fandom.com/
Império Rico Codex Wiki,http://imperio-rico-codex.fandom.com/pt-br/
SunCloudV District Roleplay Wiki,http://suncloudv.fandom.com/de/
TF2 MANNCO TV Wiki,http://tf2-mannco-tv.fandom.com/
Shin's Archive Wiki,http://shins-archive.fandom.com/
United AnimalVerse Wiki,http://united-animalverse.fandom.com/
Kickin' It: Banana Activity Wiki,http://kickin-it-banana-activity.fandom.com/
Ballbuster Productions Wiki,http://ballbuster-productions.fandom.com/
Five Nations Hockey League Wiki,http://fnhl.fandom.com/
Puzzle & Sling: Boredom Killers Wiki,http://puzzle-sling-boredom-killers.fandom.com/
Star Souls Wiki,http://starsouls.fandom.com/
抚摇乡 Wiki,http://blastedlands.fandom.com/zh/
Stars of Vurra Wiki,http://stars-of-vurra.fandom.com/
All in a Wiki,http://all-in-a.fandom.com/
Narrative Archives Wiki,http://narrative-archives.fandom.com/
Grifftopia fanfics Wiki,http://grifftopia-fanfics.fandom.com/
Diesel-roblox Wiki,http://diesel-roblox.fandom.com/
The Game Pong Wiki,http://the-game-pong.fandom.com/
AnimeRivals Wiki,http://animerivalstowerdefense.fandom.com/
Angry Birds Toons is not real Wiki,http://angry-birds-toons-is-not-real.fandom.com/
Brickscape Battles Wiki,http://brickscape-battles.fandom.com/
Microsoft Edge Wiki,http://microsoftedge.fandom.com/
Timeline-Morran Handson Wiki,http://timeline-mh.fandom.com/
My fan art :3 Wiki,http://fanartzyayy.fandom.com/
Gerfloverse Wiki,http://gerfloverse.fandom.com/
Programs Fashion Show 1959-2025 X1 Wiki,http://programs-fashion-show-19592025-x1.fandom.com/
Lethal Ape Wiki,http://lethal-ape.fandom.com/
Within Rosen Dark Wiki,http://within-rosen-dark.fandom.com/
Spider Wars Wiki,http://spider-wars.fandom.com/
Capless Minecraft Wiki,http://capless-minecraft.fandom.com/
Monsterholic Wiki,http://monsterholic.fandom.com/
文艺复兴III Wiki,http://pipelinecity.fandom.com/zh/
Mary's grape fruits Wiki,http://marys-grape-fruits.fandom.com/
The Chacal Wiki,http://the-chacal.fandom.com/pt-br/
AGPYT SMP Wiki,http://agpyt-smp.fandom.com/
TheRolesthatWePlay Wiki,http://therolesthatweplay.fandom.com/
Blackout: Descent Wiki,http://blackout-descent.fandom.com/
Humankind 2 Wiki,http://humankind-2.fandom.com/
Evangelic Wiki,http://evangelic.fandom.com/
TASK FORCE DODEN Wiki,http://task-force-doden.fandom.com/
Litreally just a Baseplate Wiki,http://litreally-just-a-baseplate.fandom.com/
Komiya Academy Wiki,http://komiyaacademy.fandom.com/
Battle of the Bubbles Wiki,http://battle-of-the-bubbles.fandom.com/
SOPOPO Wiki,http://sopopo.fandom.com/
Smiling Critters Multiverse Wiki,http://scmultiverse.fandom.com/
The Interesting Nerd Club Wiki,http://the-interesting-nerd-club.fandom.com/
Мир Дэвлата Вики,http://mir-devlata.fandom.com/ru/
Wiki Heaven Official's Blessing,http://heaven-officials-blessing.fandom.com/fr/
Cronicas Sagradas de Elyndor Wiki,http://cronicas-sagradas-de-elyndor.fandom.com/
Buxaverso Wiki,http://buxaverso.fandom.com/pt-br/
Unknow furry infection game Wiki,http://unknow-furry-infection-game.fandom.com/
Autemials Wiki,http://autemials.fandom.com/
Звезданутые звёзды Вики,http://zvezdanutie-zvyozdi.fandom.com/ru/
S-The-Bestfaster Wiki,http://sthe-bestfaster.fandom.com/
The Only Funny Baby Wiki,http://funnybabyinformation.fandom.com/
Tortured Buddy (FNF MOD) Wiki,http://tortured-buddy-mp3.fandom.com/
? (whoever is interested) Wiki,http://omegauniverse.fandom.com/
Repurpose Wiki,http://repurpose.fandom.com/
Backrooms_other_space Вики,http://backroomsotherspace.fandom.com/ru/
Monster Mayhem Wiki,http://monster-mayhem-official.fandom.com/
BattleFor77NedFlandersWishes Wiki,http://battlefor77nedflanderswishes.fandom.com/
TZnQ Power Scale Wiki,http://tznqpowerscale.fandom.com/
Fallen Survival New Wiki,http://fallen-survival-new.fandom.com/
Notsosanedandysworldcomunity Wiki,http://notsosanedandysworldcomunity.fandom.com/
☆ beyond∘◦ Wiki,http://beyonddiscord.fandom.com/
Tennis Ball's Diary Wiki,http://tennis-balls-diary.fandom.com/
Mythical Multiverses Wiki,http://mythical-multiverses.fandom.com/
BBC Wonderblocks Wiki,http://wonderblocks-cbeebies.fandom.com/
Beachland Anything Wiki,http://beachland-anything.fandom.com/
Project BlazeBlue Zone: Data-2-Verse Wiki,http://project-blazeblue-zone-data2verse.fandom.com/
Wiki MaximeVerse,http://maximeverse.fandom.com/fr/
Wiki Paris The Musical,http://paris-the-musical.fandom.com/es/
Kibz Fanmade Big Scary Wiki,http://kibz-fanmade-big-scary.fandom.com/
Squid Game OC Wiki,http://squid-game-oc.fandom.com/pt-br/
Wiki Minecraft CreepyPasta,http://minecraft-creepypasta.fandom.com/fr/
Aston Villa Wiki,http://astonvilla.fandom.com/
The Great Prussian Campaign Wiki,http://thegreatprussiancampaign.fandom.com/
Craques do League Wiki,http://craques-do-league.fandom.com/pt-br/
Wiki Gachatubers Hispanohablantes,http://gachatubers-hispanohablantes.fandom.com/es/
Кот из советский Союз Вики,http://kot-iz-sovetskii-soyuz.fandom.com/ru/
Herbvendor Wiki,http://herbvendor.fandom.com/
Testful Wiki,http://testful.fandom.com/
BFPSOS Wiki,http://bfpsos.fandom.com/
Ghostrunner Вики,http://ghostrunner.fandom.com/ru/
Horizon of Breezes Вики,http://horizon-of-breezes.fandom.com/ru/
Animal Run Adventures Wiki,http://animal-run-adventures.fandom.com/
Very Important People Wiki,http://very-important-people.fandom.com/
Wings of fire - caprioca's version Wiki,http://wings-of-fire-capriocas-version.fandom.com/
JOÃOGAMER PTBR Wiki,http://joaogamer-ptbr.fandom.com/
Data-hub! Wiki,http://datahub.fandom.com/
AstralBattles Wiki,http://astralbattles.fandom.com/
Letus Wiki,http://letclub.fandom.com/zh/
"Pharaon cursa💯" official Wiki,http://pharaon-cursa-official.fandom.com/
Wiki EliCheems Funny,http://elicheems-funny.fandom.com/es/
A World Beyond Wiki,http://a-world-beyond.fandom.com/
Gang Orders to The Rescue Wiki,http://gang-orders-to-the-rescue.fandom.com/
Junior Database Wiki,http://junior-database.fandom.com/
Solars spectacular circus Wiki,http://solars-spectacular-circus.fandom.com/
Alpine border Wiki,http://alpine-border.fandom.com/
Cthulhu Death May Die Wiki,http://cthulhu-death-may-die.fandom.com/
Garfie Wiki,http://garfiefiles.fandom.com/
Zinzaith Wiki,http://zinzaith.fandom.com/
TheCrossoverTeamz1202512 Wiki,http://thecrossoverteamz1202512.fandom.com/
Petrichor, Maine Wiki,http://petrichor-maine.fandom.com/
Dandy Boy Adventures Wiki,http://dandy-boy-adventures.fandom.com/
PvZ Hybrid Вики,http://pvz-hybrid.fandom.com/ru/
GTA San Andreas - Super Myths Wiki,http://gta-san-andreas-super-myths.fandom.com/
Shrimp Game Wiki,http://shrimp-game.fandom.com/
Нижнегородский метрополитен Вики,http://nizhnynovgorod-metro.fandom.com/ru/
World of Zaodem Wiki,http://world-of-zaodem.fandom.com/
Mingush character Wiki,http://mingush-character.fandom.com/
The fun fluff info place Wiki,http://the-fun-fluff-info-place.fandom.com/
Gore: Ultimate Soldier Wiki,http://gore.fandom.com/
Хорошая пицца, Отличная пицца Вики,http://good-pizza-great-pizza.fandom.com/ru/
Catch the Candy на русском! Вики,http://catch-the-candy-na-russkom.fandom.com/ru/
Circmines3 Wiki,http://circmines3.fandom.com/
DCEU REMASTER Wiki,http://dceu-remaster.fandom.com/
Love is... in small things Wiki,http://loveisinsmallthings.fandom.com/
Skibidi Ok Wiki,http://skibidi-ok.fandom.com/
House of Legends Wiki,http://house-of-legends.fandom.com/
Crown Wiki,http://crown-book.fandom.com/
Personality Wiki,http://personality002.fandom.com/
Rafakadafi3 roblox/scratch Wiki,http://rafakadafi3-robloxscratch.fandom.com/
Tower heroes ideas Wiki,http://skibidi-fortnite.fandom.com/
Baltimore Wiki,http://baltimore.fandom.com/
Edward Skeletrix Wiki,http://skeletrix.fandom.com/
Wiki Cositos en el Suelo,http://cositos-en-el-suelo.fandom.com/es/
4 Fan WonderFan Of Fans & More Wiki,http://4-fan-wonderfan-of-fans-more.fandom.com/
Blue world extended universe Wiki,http://blue-world-extended-universe.fandom.com/
Silver’s Island Wiki,http://silvers-island.fandom.com/