3Dash Wiki,http://3dash.fandom.com/
Justice and Redemption Wiki,http://justice-and-redemption.fandom.com/
Meep Team Wiki,http://meep-team.fandom.com/
The Negative Backrooms..? Wiki,http://the-negative-backrooms.fandom.com/
A Modern Man, Got Transmigrated to the Murim World Wiki,http://a-modern-man-got-transmigrated-to-the-murim-world.fandom.com/
Puzzle City Wiki,http://puzzle-city.fandom.com/
Funny creature Wiki,http://funny-creature.fandom.com/
Final Life Wiki,http://final-life.fandom.com/
Connerzac Wiki,http://connerzac.fandom.com/
Wiki Nina Paley,http://nina-paley.fandom.com/es/
Top Tier Losers Wiki,http://top-tier-losers.fandom.com/
特别调查管理处档案室 Wiki,http://htediaochu.fandom.com/zh/
RJBG Gaming's Spectacular Spider-Man Wiki,http://rjbg-gamings-spectacular-spiderman.fandom.com/
Metallic Rooms Official Wiki,http://metallic-rooms-official.fandom.com/
Die Welt von der Dolau Wiki,http://die-welt-von-der-dolau.fandom.com/de/
Super Supportive Wiki,http://super-supportive.fandom.com/
Cube Combination:Chaos Wiki,http://cube-combination-chaos.fandom.com/
Endless Mines Wiki,http://endless-mines.fandom.com/
Level 16 Wiki,http://level-16.fandom.com/
Liberty Island Wiki,http://liberty-island.fandom.com/de/
MUD_mmo Вики,http://mudmmo.fandom.com/ru/
Roll Piece Wiki,http://rollpiece.fandom.com/
S33KR3V3NGE Wiki,http://seekrevenge.fandom.com/
Judeslife Wiki,http://judeslife.fandom.com/
Wiki SENGOKU,http://sengoku.fandom.com/fr/
Thalorin-wiki,http://thalorin.fandom.com/hu/
GAC Fake Football Wiki,http://gac-fake-football.fandom.com/
Lug Wiki,http://lugierofficial.fandom.com/
Jannes Wiki,http://jannespedia.fandom.com/nl/
Camping YouTubers 2 Wiki,http://camping-youtubers-2.fandom.com/
WitherBurn After School Podcast Wiki,http://witherburnpodcast.fandom.com/
Rooms But Colored Wiki,http://rooms-but-colored.fandom.com/
United States of Monsters Wiki,http://united-states-of-monsters.fandom.com/
Demon's Island Wiki,http://demons-island.fandom.com/
Personal Mech Arena Wiki,http://personal-mech-arena.fandom.com/
Wiki Mundo Ficticio,http://geoficcion.fandom.com/es/
Lord of the Rings: Return to Moria Wiki,http://lord-of-the-rings-return-to-moria.fandom.com/
EternumVN Wiki,http://eternumvn.fandom.com/
MGM Cartoons Fanon Wiki,http://mgmcartoonsfanon.fandom.com/
Ian and James Wiki,http://ianandjames.fandom.com/
SilverMark16 Stories Wiki,http://silvermark16-stories.fandom.com/
Taripedia,http://odetari.fandom.com/
Barbecue Bros Wiki,http://barbecue.fandom.com/
Hugo's Mind Palace Wiki,http://hugos-mind-palace.fandom.com/
Rell Seas Wiki,http://rellseas.fandom.com/
Crowns and Bishops Wiki,http://crowns-and-bishops.fandom.com/
Class of years Wiki,http://class-of-years.fandom.com/
Michi's World Wiki,http://michis-world.fandom.com/de/
Scratcher Wiki,http://scratcher.fandom.com/pt-br/
WAMPES Вики,http://wampes.fandom.com/ru/
The Skilless Squad Wiki,http://the-skilless-squad.fandom.com/
Empresas Ficticias Wiki,http://empresas-ficticias.fandom.com/
Blue Archive Wiki,http://bluearchive.fandom.com/zh/
Wiki Reverse1999.es,http://reverse1999es.fandom.com/es/
The Immortal Great Souls Wiki,http://the-immortal-great-souls.fandom.com/
Pete the cat and friends Wiki,http://pete-the-cat-and-friends.fandom.com/
The Orange & Apple Show Wiki,http://the-orange-apple-show.fandom.com/
Cataclysmic challenges Wiki,http://cataclysmic-challenges.fandom.com/
An Upcoming Rooms Game Wiki,http://an-upcoming-rooms-game.fandom.com/
Fairfield U Wiki,http://fairfield-u.fandom.com/
Pixil vpn Wiki,http://pixil-vpn.fandom.com/
DarkAge Bizarre Wiki,http://darkage-bizarre.fandom.com/
Dreamchasers Wiki,http://dreamchasers.fandom.com/
The War Of Clone Jaxton Wiki,http://twocj.fandom.com/
Professional Singers Wiki,http://professional-singers.fandom.com/
Wiki Tilines waza gods,http://tilines-waza-gods.fandom.com/es/
Jmtb02 Elephant Games Wiki,http://jmtb02-elephant-games.fandom.com/
VTuber Power Scale Wiki,http://vtuber-power-scale.fandom.com/
I.D.I.O.T.I.C. Camp Wiki,http://idiotic-object-camp.fandom.com/
Jonny RaZeR Wiki,http://jonny-razer.fandom.com/
AI Choice Game Wiki,http://ai-choice-game.fandom.com/
Rooms: Low Remastered Wiki,http://r-rooms-low-remastered.fandom.com/
Seo Soojin Wiki,http://seosoojin.fandom.com/
Cars 3 (2013) Wiki,http://cars32013.fandom.com/
Trentino Emigration Wiki,http://trentino-emigration.fandom.com/it/
Break My Case Wiki,http://breakmycase.fandom.com/
Wiki Pentiment,http://pentiment.fandom.com/fr/
Murder drones 3d rp Wiki,http://murder-drones-3d-rp.fandom.com/
Legacy of Oopsies Wiki,http://legacyofoopsies.fandom.com/
Sony's Formula One Games Wiki,http://sonys-formula-one-games.fandom.com/
Born From Death Wiki,http://bornfromdeath.fandom.com/id/
Warriors Spirit Wiki,http://warriors-spirit.fandom.com/
The Voidclusters Remake Wiki,http://the-voidclusters-remake.fandom.com/
Bubble Gum Emperors Wiki,http://bubble-gum-emperors.fandom.com/
Multi Earth Wiki,http://multi-earth.fandom.com/
WEALTH: The Middle Ages Вики,http://wealth-the-middle-ages.fandom.com/ru/
Сериал ментола Вики,http://serial-mentola.fandom.com/ru/
Neglect Comics Wiki,http://neglectcomics.fandom.com/
FLO Wiki,http://flo.fandom.com/
The Animated Multicrossover Wiki,http://the-animated-multicrossover.fandom.com/
Ice & Fire Wiki,http://ice-and-fire.fandom.com/
Corinth Wiki,http://corinth.fandom.com/
IdleMMO Wiki,http://idlemmo.fandom.com/
SiroCraft Wiki,http://sirocraft.fandom.com/
Rapid-Verse Wiki,http://rapidverse.fandom.com/
Interminable Rooms Fixed Expanded Wiki,http://interminable-rooms-fe.fandom.com/
Fortnite Headcanon Wiki,http://fortnite-headcanon.fandom.com/
Fanmade Compilation DVDs Wiki,http://fanmade-compilation-dvds.fandom.com/
MonyMerging : Recoded Wiki,http://monymerging-recoded.fandom.com/
DINOSAUR BATTLE WORLD CHAMPIONSHIP(VERSION 2) Wiki,http://dinosaur-battle-world-championshipversion-2.fandom.com/