The Realm of Aleyros Wiki,http://therealmofaleyros.fandom.com/
Ordinary Sausages Wiki,http://ordinary-sausages.fandom.com/
The Anything for Free Wiki,http://the-anything-for-free.fandom.com/
Hashihime of the Old Book Town Wiki,http://hashihime-of-the-old-book-town.fandom.com/
TDW Wiki,http://tdw.fandom.com/
Chipspeech Anarchy Wiki,http://chipspeech-anarchy.fandom.com/
Valley of Stars Wiki,http://valley-of-stars.fandom.com/
The REDO Button (Eddiegems) Wiki,http://the-redo-button-eddiegems.fandom.com/
Mugen Wiki,http://mugenroblox.fandom.com/
Find The Badges Puzzles Wiki,http://find-the-badges-puzzles.fandom.com/
Wiki RPG DO MATH,http://rpg-do-math.fandom.com/pt-br/
Artificial Havoc Wiki,http://artificial-havoc.fandom.com/
Specter 2 Wiki,http://roblox-specter-2.fandom.com/
Nice Josh The Mickey Mouse Fan Wiki,http://nice-josh-the-mickey-mouse-fan.fandom.com/
Idle Toy Factories Wiki,http://idletoyfactories.fandom.com/
Ravaged Galaxy Wiki,http://ravaged-galaxy.fandom.com/
Creativity Of All Kinds Wiki,http://creativity-of-all-kinds.fandom.com/
Pixie Knives Game Wiki,http://pixie-knives-game.fandom.com/
The Brand New Parody Wiki,http://the-brand-new-parody.fandom.com/
Yuki Wiki,http://yuki.fandom.com/
Wars of Kingdoms Wiki,http://wars-of-kingdoms.fandom.com/
Drakar och Dumheter Wikia,http://drakar-och-dumheter.fandom.com/sv/
The Exoverse Wiki,http://the-exoverse.fandom.com/
Official PLS DONATE Wiki,http://official-pls-donate.fandom.com/
Brawl Stars Уики Wiki,http://brawlstars.fandom.com/bg/
Spodanet mc Wiki,http://spodanet-mc.fandom.com/
The Upturned Wiki,http://the-upturned.fandom.com/
The Sims 4: Wild Houses Wiki,http://the-sims-4-wild-houses.fandom.com/
Ja jebie czemu to nie dziala Wiki,http://ja-jebie-czemu-to-nie-dziala.fandom.com/
Kdkdkdkd Wiki,http://kdkdkdkd.fandom.com/
Parsee Aikoku's World Wiki,http://parsee-aikokus-world.fandom.com/
The Liminal Offstage Wiki,http://the-liminal-offstage.fandom.com/
Zoo Venture Wiki,http://zoo-venture.fandom.com/
Grey's Anatomy Wiki,http://greysanatomy.fandom.com/pt-br/
"Real" Disney Fanon Wiki,http://real-disney-fanon.fandom.com/
Unitroborn Wiki,http://unitroborn.fandom.com/
Erscoga Wiki,http://erscoga.fandom.com/
Wiki DeathCube,http://deathcube.fandom.com/fr/
Clean Slate (QSP) Wiki,http://clean-slate-qsp.fandom.com/
Sonny boy Вики,http://sonny-boy.fandom.com/ru/
Rift Royale Wiki,http://riftroyale.fandom.com/
DODFree Wiki,http://dodfree.fandom.com/
Imageserving Wiki,http://imageserving.fandom.com/
赛尔号精灵（口袋妖怪私设版） Wiki,http://seerelvesinpokemonstyle.fandom.com/zh/
Open Source of Power IKEMEN Wiki,http://osop-ikemengo.fandom.com/
The Alters Wiki,http://the-alters.fandom.com/
Darklight Eternity Wiki,http://darklight-eternity.fandom.com/
Testodendron Wiki,http://testodendron.fandom.com/pl/
Crossover Adventures Featuring Pokemon Wiki,http://crossover-adventures-featuring-pokemon.fandom.com/
Wiki Invadersaroundtheworld,http://invadersaroundtheworld.fandom.com/fr/
G&C-verse Wiki,http://gcverse.fandom.com/
Repatha Wiki,http://repatha.fandom.com/
Wiki Plants vs Zombis Champeonship,http://plants-vs-zombis-champeonship-official.fandom.com/es/
Doggle Roleplay Deluxe Wiki,http://doggleroleplaydeluxe.fandom.com/
Jagged Peaks Wiki,http://jagged-peaks.fandom.com/
School Spirits Wiki,http://school-spirits.fandom.com/
PLL WORLD Wiki,http://pll-world.fandom.com/
Horizon Wiki,http://horizonwc.fandom.com/
/thy/Gays Wiki,http://thygays.fandom.com/zh/
Zerby Derby Wiki,http://zerby-derby.fandom.com/
Leyjammer Wiki,http://leyjammer.fandom.com/
Ballzes Wiki,http://ballzes.fandom.com/
Stray вики,http://stray.fandom.com/ru/
Mad God Wiki,http://mad-god.fandom.com/
Afficient Wiki,http://afficienta.fandom.com/
Wiki Mine English Kingrich,http://mine-english-kingrich.fandom.com/pt-br/
EuglenaYT Wiki,http://euglena-yt.fandom.com/
The Darkrok Chronicles Wiki,http://the-darkrok-chronicles.fandom.com/
Baby Genius Wiki,http://baby-genius.fandom.com/
Four Horsemen Wiki,http://four-horsemen.fandom.com/
WoFLSS Wiki,http://woflss.fandom.com/
Проект ЛЫСЫЙ Wiki,http://proekt-lisii.fandom.com/
Positive Wiki,http://positive.fandom.com/
GUSTAVOEGATOTV Wiki,http://gustavoegato.fandom.com/pt-br/
Roblox Chat Simulator 2 Wiki,http://rcs2.fandom.com/
Labverse files Wiki,http://labverse-files.fandom.com/
Wiki El Cuarteto de Nos,http://cuarteto-de-nos.fandom.com/es/
Little Audrey Fanon Wiki,http://little-audrey-fanon.fandom.com/
Ann1 Wiki,http://ann1.fandom.com/
Poland By Night Wiki,http://polandbynight.fandom.com/pl/
Arcana Reborn Wiki,http://arcana-reborn-official.fandom.com/
TO Organisation Wiki,http://to-organisation.fandom.com/
Immortal Diaries (Supernatural Lovers) Game Wiki,http://immortal-diaries-game.fandom.com/
Twoja mama Wiki,http://twoja-mama.fandom.com/
The Animal Shelf Wiki,http://the-animal-shelf.fandom.com/
The Idle Class Wiki,http://theidleclass.fandom.com/
Wiki Index Ordo Juratus,http://index-ordo-juratus.fandom.com/fr/
Glexwerth Wiki,http://glexwerth.fandom.com/
ADYNEO AND AYENEO TIME! Wiki,http://adyneo-and-ayeneo-time.fandom.com/
Myplayground Wiki,http://myplayground.fandom.com/
시작의 방 위키,http://aruceusorig.fandom.com/ko/
Kingdom of Rebellion Wiki,http://reb.fandom.com/
Cnw 004 Wiki,http://cnw-004.fandom.com/
Survive in area 51 Wiki,http://survive-in-area-51w.fandom.com/
TestodendronS5 Wiki,http://testodendrons5.fandom.com/pl/
King of German Mercenaries Wiki,http://king-of-german-mercenaries.fandom.com/
Dupaduap Wiki,http://dupaduap.fandom.com/
Life of Mellow Wiki,http://lifeofmellow.fandom.com/
System Archive Wiki,http://system-archive-11.fandom.com/
Citizen Sleeper Wiki,http://citizensleeper.fandom.com/