Angel Lite Wiki,http://angel-lite.fandom.com/
Koala Kid Wiki,http://koala-kid.fandom.com/
Wiki Os Párias,http://parias.fandom.com/pt-br/
Knownuniverse Wiki,http://knownuniverse.fandom.com/
Wiki Phantom Mansion,http://phantom-mansion.fandom.com/es/
DensetuPedia Wiki,http://densetupedia.fandom.com/
Tvp Wiki,http://tvp.fandom.com/
Rose OC Wiki,http://roseoc.fandom.com/
Wiki Dangan Ronpa,http://dangan-ronpa.fandom.com/es/
B.E.S.C. Wiki,http://besc.fandom.com/
Varsilian Encyclopedia Wiki,http://varsle.fandom.com/
Fortuna Wiki,http://fortuna.fandom.com/
Phrozen Library Wiki,http://phrozen-library.fandom.com/
Roads.com Wiki,http://roadscom.fandom.com/
Fan Fighters Edge Wiki,http://fanfightersedge.fandom.com/
Bryce Bowman Wiki,http://bbo.fandom.com/
The Hero's guide Wiki,http://herosguide.fandom.com/
Doraemon Wiki,http://doraemon.fandom.com/it/
Wiki Toy Story,http://toystory.fandom.com/es/
Wiki CinéDunky,http://cinedunky.fandom.com/fr/
Whatever Wiki,http://whatever.fandom.com/pl/
ESScountries Wiki,http://esscountries.fandom.com/
Blood Spill Wiki,http://blood-spill-story.fandom.com/
InviZimals вики,http://invi.fandom.com/ru/
Orattray Wiki,http://orattray.fandom.com/
Кубезумие 2 вики,http://kubezumie.fandom.com/ru/
Собаки вики,http://sobaki.fandom.com/ru/
Kids on the Slope Wiki,http://sakamichinoapollon.fandom.com/
Upcoming Movies Wiki,http://upcoming-movies.fandom.com/
TEW Watch Diarys Wiki,http://tewwatchdiarys.fandom.com/
BadBoyzClub Wiki,http://badboyzclub.fandom.com/
Pinkie Pie and Friends Wiki,http://pinkie-pie-and-friends.fandom.com/
Ur Gold Wiki,http://urgold.fandom.com/
Mutants Genetic Gladiators Wiki,http://mutantsgeneticgladiators.fandom.com/
My24 4 Wiki,http://my24-4.fandom.com/
My24 3 Wiki,http://my24-3.fandom.com/
Smash Bros. High Wiki,http://smash-bros-high.fandom.com/
Watch Dogs Wiki,http://watchdogs.fandom.com/pt-br/
American Girl Premiere Wiki,http://americangirlpremiere.fandom.com/
Australian Rules Football Wiki,http://australian-rules-football.fandom.com/
TheFrontier Wiki,http://thefrontier.fandom.com/
Thomas:The Trainz Adventures Wiki,http://thomasthetrainzadventures.fandom.com/
Wiki Batman Arkham Games,http://batman-arkham-games.fandom.com/es/
Min Hero: Tower of Sages Wiki,http://minhero.fandom.com/
Thomas And Friends Diecast Wiki,http://thenewthomasdiecast.fandom.com/
Wander of Shinobi OTS Wiki,http://wander-of-shinobi.fandom.com/pl/
Thomas the Tank Engine and Friends Wiki,http://thomas-the-tank-engine-and-friends.fandom.com/
Wiki Shibhawhakhethopédia,http://shibhawhakhethopedia.fandom.com/pt-br/
7 Days to Die вики,http://7daystodie.fandom.com/ru/
Wiki El portador de la luz,http://el-portador-de-la-luz.fandom.com/es/
Wiki Higurashiclan_foroactivo,http://higurashiclan-foroactivo.fandom.com/es/
Working Title: Waking Legends Wiki,http://working-title-waking-legends.fandom.com/
Mixels Wiki,http://mixels.fandom.com/
Survivor Online Gaming Wiki,http://survivoronlinegaming.fandom.com/
Whodunnit? Fanon Wiki,http://whodunnit-fanon.fandom.com/
Wiki Emilia Attias,http://emilia-attias.fandom.com/es/
Wiki RSO,http://rso.fandom.com/pt-br/
Zhyrr Wiki,http://zhyrr.fandom.com/
zh,http://calboy.fandom.com/zh/
Gotcha Warriors Wiki,http://gotchawarrior.fandom.com/
Club Penguin Items Wiki,http://clubpenguin-items.fandom.com/
Koc players Wiki,http://koc-players.fandom.com/
Spolecznoscvoca Wiki,http://spolecznoscvoca.fandom.com/pl/
Wiki Un regular show mas,http://un-regular-show-mas.fandom.com/es/
Wodogrzmoty Małe Wiki,http://wodogrzmotymale.fandom.com/
RSO Wiki,http://rso.fandom.com/
Superpoderes Wiki,http://superpoderes.fandom.com/
Koreandramacouples Wiki,http://koreandramacouples.fandom.com/
Starpoint Gemini 2 Wiki,http://starpoint-gemini-2.fandom.com/
PokeTale Wiki,http://poketale.fandom.com/
Coloring Book Wiki,http://coloringbook.fandom.com/
FWc Wiki,http://fwc.fandom.com/
Ben, Rex and Korra's Adventures Wiki,http://ben-rex-and-korras-adventures.fandom.com/
La Edad de Hielo Wiki,http://la-edad-de-hielo.fandom.com/es/
MS Paint Adventures 中文維基,http://mspaintadventures.fandom.com/zh/
Jewelpet Candado Wiki,http://jewelpet-candado.fandom.com/
Slay Big Monsters Wiki,http://slaybigmonsters.fandom.com/
Chuzekk Wiki,http://chuzekk.fandom.com/
Imieniopedia Wiki,http://imieniopedia.fandom.com/
C: Halcyon Wiki,http://seeking-halycon.fandom.com/
Veritas-TVSeries Wiki,http://veritastvseries.fandom.com/
Wiki Chipy,http://chipy.fandom.com/es/
Świadomy Sen Wiki,http://lucid.fandom.com/pl/
Pou Fanon Wiki,http://pou-fanon.fandom.com/pl/
CoreBot Wiki,http://corebot.fandom.com/
Mike Watkins Investigates Wiki,http://mike-watkins-investigates.fandom.com/
Battle Cry Wiki,http://battle-cry.fandom.com/
Ramuh's Collection Wiki,http://ramuhs-collection.fandom.com/
The Ahunga Wiki,http://the-ahunga.fandom.com/
The Hobbit: AotTA Wiki,http://the-hobbit-aotta.fandom.com/
Transformers vs. G.I. Joe: The Unit Wiki,http://transformers-vs-gi-joe-the-unit.fandom.com/
Wiki Earthbound,http://earthbound.fandom.com/pt-br/
Wiki Lhuihispédia,http://lhuihispedia.fandom.com/pt-br/
LEGO Marvel Superheroes Wiki,http://lego-marvelsuperheroes.fandom.com/
Jaylen Barron 15 Wiki,http://jaylen-barron-15.fandom.com/
Wiki Wiki Errantes,http://wiki-errantes.fandom.com/es/
DWMA RP Wiki,http://dwma-rp.fandom.com/
Disney Dining and Shopping Wiki,http://disney-dining-and-shopping.fandom.com/
Wiki Harry Potter Fannon,http://harrypotterfannon.fandom.com/es/
Nvfish.com Wiki,http://nvfishcom.fandom.com/