Kaskade Region Wiki,http://kaskade-region.fandom.com/
Gabriel Combs Movies Wiki,http://gabriel-combs-movies-official.fandom.com/
World of Ultraman Fan Fiction Wiki,http://world-of-ultraman-fan-fiction.fandom.com/
Strażak Sam Wiki,http://sam-strazak.fandom.com/pl/
Electric sodaa Wiki,http://electric-sodaa.fandom.com/
Extreme Car Racing Simulator Wiki,http://extreme-car-racing-simulator.fandom.com/
The Villainess Lives Twice Wiki,http://the-villainess-lives-twice.fandom.com/
Iain OC Project Wiki,http://iainocproject.fandom.com/
The Your Mom Bald Wiki,http://the-your-mom-bald.fandom.com/
Mysticraft Wiki,http://mysticraft.fandom.com/
Rodinia Wiki,http://rodinia.fandom.com/
The Great Crusade RP Wiki,http://the-great-crusade-rp.fandom.com/
Back At The Character World The Adventure Begins Wiki,http://back-at-the-character-world-the-adventure-begins.fandom.com/
Hobrex Wiki,http://hobrex.fandom.com/
Object Eviction Official Wiki,http://object-eviction-official.fandom.com/
A World Of Imagination Wiki,http://a-world-of-imagination.fandom.com/
Eclipse (Creator's archive) Wiki,http://eclipse-creators-archive.fandom.com/
Trident Simulator Wiki,http://trident-simulator.fandom.com/
Om Nom Stories: The Future Begins Wiki,http://om-nom-stories-the-future-begins.fandom.com/
Mushoku Tensei Isekai Ittara Honki Dasu Wiki,http://joblessreincarnation.fandom.com/
Wiki Bodyguard,http://bodyguard.fandom.com/fr/
World of Pets Wiki,http://world-of-pets.fandom.com/
Kirby Gamble Galaxy Stories Wiki,http://kirby-gamble-galaxy-stories.fandom.com/
LupaStudio вики,http://lupastudio.fandom.com/ru/
Отель вики,http://hotel-chikibamboni.fandom.com/ru/
Historia polski obrazkowo Wiki,http://historia-polski-obrazkowo.fandom.com/pl/
Sawyer Space Saga Wiki,http://william-winslows-world.fandom.com/
DaKing Fanon Wiki,http://daking-fanon.fandom.com/
CUE вики,http://cue.fandom.com/ru/
Lavapleks Wiki,http://lavapleks.fandom.com/pl/
Quantum Protocol Wiki,http://quantum-protocol.fandom.com/ja/
Carnivores Lodge Wiki,http://carnivores-lodge.fandom.com/
HownyPogs NZ Wiki,http://hownypogs-nz.fandom.com/
The Sorcerer's Receptionist Wiki,http://sorcerers-receptionist.fandom.com/
DC RG Wiki,http://dc-rg.fandom.com/
Sodor Then & Now Wiki,http://sodor-then-and-now.fandom.com/
The root of it all Wiki,http://the-root-of-it-all.fandom.com/
Wiki Fuerzas Garrendel,http://fuerzas-garrendel.fandom.com/es/
THE CONSUELA SMP AU Wiki,http://the-consuela-smp-au.fandom.com/
Split Object Comic Wiki,http://soc.fandom.com/
Shaman King Project Wiki,http://sandbox-shamanking-project.fandom.com/
My Cpu Miis by It'sMiiJarrin Wiki,http://my-cpu-miis-by-itsmiijarrin.fandom.com/
Miniverse Wiki,http://minis.fandom.com/
Unholy Land Wiki,http://unholy-land.fandom.com/
Surviving Summer Wiki,http://survivingsummer.fandom.com/
RgbRoachGang Wiki,http://rgbroachgang.fandom.com/
Ore Mania Redux Wiki,http://ore-mania-redux.fandom.com/
Alliance of Planets and Moons Wiki,http://alliance-of-planets-and-moons.fandom.com/
Diesel and Friends Wiki,http://diesel-and-friends.fandom.com/
The Tenor Show Wiki,http://tenors.fandom.com/
AFK Extreme Wiki,http://afk-extreme.fandom.com/
Tunnel of hell 위키,http://tunnel-of-hell.fandom.com/ko/
Combat rift Wiki,http://combat-rift.fandom.com/
Nordicandia Wiki,http://nordicandia.fandom.com/
Bruno-test Wiki,http://brunotest.fandom.com/
OC psów Wiki,http://oc-psow.fandom.com/pl/
Historia pewnego kraju Wiki,http://historia-pewnego-kraju.fandom.com/pl/
Qhevak Wiki,http://oortfed.fandom.com/
Wiki Eragon la trilogie,http://eragon-la-trilogie.fandom.com/fr/
ThordTV Wiki,http://thordtv.fandom.com/
Wiki Rŏzrü - RP,http://rozru-rp.fandom.com/fr/
BazaSzpon Wiki,http://bazaszpon.fandom.com/pl/
Dereglatii Wiki,http://dereglatii.fandom.com/
Wilkoliada Wiki,http://wilkoliada.fandom.com/pl/
Sormania Wiki,http://sormania.fandom.com/pl/
Wiki Hero Sekai,http://hero-sekai.fandom.com/pt-br/
Walt Ribeiro Wiki,http://waltrib.fandom.com/
Fernanxa's World of Cars Universe Wiki,http://fernanxas-world-of-cars-universe.fandom.com/
Button Basher Wiki,http://button-basher.fandom.com/
The Lone Rodent Wiki,http://lonerodent.fandom.com/
Mega Man Grey Wiki,http://mega-man-grey.fandom.com/
Numberdecynary Wiki,http://numberdecynary.fandom.com/
Measure and Integral Wiki,http://measure-and-integral.fandom.com/
Reality TV GameShows Wiki,http://reality-tv-gameshows.fandom.com/
Tale of The Hidden Clan Wiki,http://tothc.fandom.com/
The Legend Of the Bone Sword Wiki,http://the-legend-of-the-bone-sword.fandom.com/
The Horror Elevator And Survive By Dh4nie16 Wiki,http://the-horror-elevator-and-survive-by-dh4nie16.fandom.com/
Neo Scavenger Extended Wiki,http://neo-scavenger-extended.fandom.com/
Super Hero Taisen Scratch Wiki,http://shts.fandom.com/
Tommy Tommato Wiki,http://tommy-tommato.fandom.com/
Day Break SMP Wiki,http://daybreaksmp.fandom.com/
Dawn of Zombies: Survival вики,http://dawnofzombies.fandom.com/ru/
Squirrel Squad Wiki,http://squirrel-squad.fandom.com/
Remembrance Fantasy Setting Wiki,http://remembrance-fantasy-setting.fandom.com/
Miss Mako Wiki,http://miss-mako.fandom.com/
Wiki SCPSpanish,http://scpspanish.fandom.com/es/
On Thin Ice Wiki,http://on-thin-ice.fandom.com/
Bohrok Wiki,http://bohrok.fandom.com/
07th Expansion Fanon Wiki,http://07th-expansion-fanon.fandom.com/
TD Remix: By Two Friends Wiki,http://td-remix-by-two-friends.fandom.com/
TechsionGDPS Wiki,http://techsiongdps.fandom.com/
Wiki NRPG: Zero Point,http://nrpg-zero-point.fandom.com/pt-br/
Blastorra Wiki,http://blastorra.fandom.com/
The Official MineBloxDashBall Wiki,http://the-official-minebloxdashball.fandom.com/
Friday night funkin cartoon Wiki,http://friday-night-funkin-cartoon.fandom.com/
Highschools Wiki,http://highschools.fandom.com/
The Kiki NOT Official Wiki,http://the-kiki-not-official.fandom.com/
Waggoner Wiki,http://waggoner.fandom.com/
O.R.B. Campaign Wiki,http://orb-campaign.fandom.com/
Pokemon fan made Evron.. Wiki,http://pokemon-fan-made-evron-cause-we-all-have-desighns.fandom.com/
Yu-Gi-Oh! Custom Think Tank Wiki,http://yugiohcustomthinktank.fandom.com/
WarriorCatsWattpadStories Wiki,http://warriorcatswattpadstories.fandom.com/
Roblox:Bizarre adventure Wiki,http://robloxbizarre-adventure.fandom.com/
Wiki Bíblia,http://biblia.fandom.com/pt-br/
Fishm universe Wiki,http://fishm-universe.fandom.com/
Sims 4 Modding Wiki,http://sims-4-modding.fandom.com/
Rare Americans Wiki,http://rareamericans.fandom.com/
The Masked Music Star Wiki,http://the-masked-music-star.fandom.com/
Iyus вики,http://iyus.fandom.com/ru/
MandJTV Metronome Battle Wiki,http://mandjtv-metronome-battle.fandom.com/
Realm world Wiki,http://realm-world.fandom.com/
Moonvibe Wiki,http://moonvibe.fandom.com/de/
Bread Barbershop Wiki,http://bread-barbershop.fandom.com/
The Villainess is a Marionette Wiki,http://the-villainess-is-a-marionette.fandom.com/
Wiki Jigokuraku,http://jigokuraku.fandom.com/es/
Tsunku Wiki,http://tsunku.fandom.com/
RocketCity Wiki,http://rocketcity.fandom.com/
Pinnacle Wiki,http://pinnacle.fandom.com/
Мундуан вики,http://munduan.fandom.com/ru/
Shadows Call Wiki,http://shadows-call.fandom.com/
POP RACE Wiki,http://pop-race.fandom.com/
Magical Gems Wiki,http://mahou-no-houseki.fandom.com/
Underworld Wiki,http://underworld-roleplayseries.fandom.com/
Valley and Friends Wiki,http://valley-and-friends.fandom.com/
Calamity's Edge Wiki,http://calamitysedge.fandom.com/
Sunny of the Seas Wiki,http://sunnyoftheseas.fandom.com/
My Aircraft Wiki,http://myaircraft.fandom.com/
Eternal Tales Wiki,http://eternal-tales.fandom.com/
Wiki Gangstar lego stories,http://gangstar-lego-stories.fandom.com/es/
Addison Cooke Wiki,http://addison-cooke.fandom.com/
Fidget Wiki,http://fidgett.fandom.com/
PokemonHonorAndPride Wiki,http://pokemonhonorandpride.fandom.com/
Old Lands Wiki,http://old-lands.fandom.com/
Resident Evil 1-8 Wiki,http://resident-evil-18.fandom.com/
The Lakefront Wiki,http://lakefront.fandom.com/
Eddsworld Wiki,http://eddsworld.fandom.com/id/
Object Mania Wiki,http://objectmania.fandom.com/
Wiki Phoenix,http://phoenixclanofficial.fandom.com/pt-br/
In Strange Woods Wiki,http://instrangewoods.fandom.com/
Tales of Embynn Wiki,http://talesofembynn.fandom.com/
World of Demons Wiki,http://world-of-demons.fandom.com/
Coole SMP Guys Wiki,http://coole-smp-guys.fandom.com/
Decade Wiki,http://decade.fandom.com/
The Abnormal rp Wiki,http://the-abnormal-rp.fandom.com/
CAPSULE Wiki,http://capsule-band.fandom.com/
UO Evermore Wiki,http://uo-evermore.fandom.com/
BOBBYHOBBY Wiki,http://bobbyhobby.fandom.com/
Assassin's Creed Fanstories Wiki,http://assassins-creed-fanstories.fandom.com/pl/
Desmos Wiki,http://desmos.fandom.com/
Naruto: Lost Times RP Wiki,http://naruto-lost-times-rp.fandom.com/