El Continente de Arcadia (Campaña de DnD 5e) Wiki,http://el-continente-de-arcadia-campana-de-dnd-5e.fandom.com/es/
My Spreadsheet Tools Wiki,http://my-spreadsheet-tools.fandom.com/
YumaSonic2016 Wiki,http://yumasonic2016.fandom.com/
Wiki CLORG,http://cohlanta.fandom.com/fr/
RPG Project Kornoth Wiki,http://rpg-project-kornoth.fandom.com/
Animals Wiki,http://ficanimals.fandom.com/
MamonFighter761 Wiki,http://mamonfighter761.fandom.com/
Los vecinos Green Wiki,http://bigcitygreens.fandom.com/es/
The Life of an Immortal Wiki,http://the-life-of-an-immortal.fandom.com/
Paint-Back Wiki,http://paintback.fandom.com/
Battle Legion Wiki,http://battle-legion.fandom.com/
Optic Ink Wiki,http://optic-ink.fandom.com/
Super Mario 64 DS Wiki,http://super-mario-64-ds.fandom.com/
LizzyCR's sims Wiki,http://lizzycrs-sims.fandom.com/
Dramaturgas orientales Wiki,http://dramaturgasorientales.fandom.com/es/
GNM-Artur вики,http://gnmartur.fandom.com/ru/
HardTurboTV Wiki,http://hardturbotv.fandom.com/pl/
Evolution trilogy Wiki,http://evolutiontrilogy.fandom.com/
Zig and Zag Wiki,http://zigandzag.fandom.com/
Medical Teen books Wiki,http://medical-teen-books.fandom.com/
Eliatopia Wiki,http://eliatopia.fandom.com/
Super Rugby (1) Wiki,http://super-rugby-1.fandom.com/es/
Fanmade Kylie Minogue Tours Wiki,http://fanmade-kylie-minogue-tours.fandom.com/
Bad North вики,http://bad-north.fandom.com/ru/
Politics In Oskland Wiki,http://politics-in-oskland.fandom.com/
Zero Deaths Wiki,http://zero-deaths.fandom.com/
Super smash bros pixels Wiki,http://super-smash-bros-pixels.fandom.com/
Filipino Celebrity Wiki,http://filipino-celebrity.fandom.com/
World War II Videogame Wiki,http://world-war-ii-videogame.fandom.com/
Tadplofn Wiki,http://tadplofn.fandom.com/
Terrariaoverdeathmod Wiki,http://terrariadeath.fandom.com/
The Magic Misfits Wiki,http://the-magic-misfits.fandom.com/
Los Financieros Wiki,http://losfinancieros.fandom.com/es/
Club Penguin Roleplay Wiki,http://club-penguin-roleplay.fandom.com/
TeamKeeper Wiki,http://teamkeeper.fandom.com/
Fulbright Scholar Wiki,http://fulbright-scholar.fandom.com/
Tetris Wiki,http://tetris.fandom.com/es/
Daregame.net Wiki,http://daregamenet.fandom.com/
Feelspasta Wiki,http://feelspasta.fandom.com/
The House of Night Wiki,http://the-house-of-night.fandom.com/
Interverse Wiki,http://interverse.fandom.com/
ToothPasteCup Wiki,http://toothpastecup.fandom.com/
Captain Seasalt And The ABC Pirates Wiki,http://captain-seasalt-and-the-abc-pirates.fandom.com/
Multi-Burst Network Wiki,http://multiburst-network.fandom.com/
Star Wars Roleplay Wiki,http://starwarsroleplay.fandom.com/
Terreth Wiki,http://terreth.fandom.com/
TGRCA Roblox Wiki,http://tgrca-roblox.fandom.com/
Wings of Fire Wiki,http://wingsoffiredragons.fandom.com/
Silent Bay Studios Wiki,http://silent-bay.fandom.com/
Berserker J Wiki,http://berserker-j.fandom.com/
瑪奇mabinogi Wiki,http://mabinogitw.fandom.com/zh/
PICO-8 Wiki,http://pico-8.fandom.com/zh/
Petalclawflightsnow Wiki,http://petalclawflightsnow.fandom.com/
My Favorites 2 Wiki,http://my-favorites-2.fandom.com/
Apex Legends Official Wiki,http://apex-legends-official.fandom.com/
Yoshi Town Wiki,http://yoshitown.fandom.com/
Middleton Tigor MC Wiki,http://middleton-tigor-mc.fandom.com/
Chibis Wiki,http://chibis.fandom.com/
BlueVows Wiki,http://bluevows.fandom.com/
The OFFICIAL Fictional Online Radio Stations Wiki,http://officialfictionalonlineradiostations.fandom.com/
New Battlefield, Same Place... Wiki,http://new-battlefield-same-place.fandom.com/
Коты-Воители Фан вики,http://gorodskievoiteli.fandom.com/ru/
Kat's SideGroup Wiki,http://kats-sidegroup.fandom.com/
Wiki Nao pare!,http://nao-pare.fandom.com/pt-br/
.feels/moments Wiki,http://feelsmoments.fandom.com/
Veranis Wiki,http://veranis.fandom.com/
Wiki Baiacu RPG,http://baiacu-rpg.fandom.com/pt-br/
Barbs Secret Tests Wiki,http://barbs-secret-tests.fandom.com/
Project Anonymous Wiki,http://project-anonymous.fandom.com/
The Case of the Missing Prince Wiki,http://the-case-of-the-missing-prince.fandom.com/
Imperial Mappings AFOE Wiki,http://imperial-mappings-afoe.fandom.com/
Kajdanium Wiki,http://kajdanium.fandom.com/pl/
Sakartverse Wiki,http://sakartverse.fandom.com/
Fan ideas Ivandoe Wiki,http://fan-ideas-ivandoe.fandom.com/
Other Lives High Wiki,http://olh.fandom.com/
AONdnd Wiki,http://aondnd.fandom.com/
Warriors - The Power of the Stars Wiki,http://warriors-the-power-of-the-stars.fandom.com/
The Flood Myth Wiki,http://the-flood-myth.fandom.com/
Wiki L’ecole du bien et du mal,http://lecole-du-bien-et-du-mal.fandom.com/fr/
Iluminatiworldmc Wiki,http://iluminatiworldmc.fandom.com/pl/
Anime Fan Wiki,http://anime-fan.fandom.com/
Wiki Fylox cinematic universe,http://fyloxcinematicuniverse.fandom.com/fr/
Wiki Conseiller médiateur numérique,http://conseiller-mediateur-numerique.fandom.com/fr/
Wiki Sekiro: Shadows Die Twice,http://sekiro-shadows-die-twice.fandom.com/fr/
The Walking Dead: The Final Season Wiki,http://twd-tfs.fandom.com/
Kidz Rule! Wiki,http://4-grace.fandom.com/
STIGMATA RHAPSODY 위키,http://stigmata-rhapsody.fandom.com/ko/
Wiki OPOHardcore,http://opohardcore.fandom.com/pt-br/
Adrenaline no Yoru Wiki,http://adrenaline-no-yoru.fandom.com/es/
The World of Talsmara Wiki,http://talsmara.fandom.com/
Steve the Noob Wiki,http://diary-of-steve-the-noob.fandom.com/
The Lost Wizarding Cities Wiki,http://the-lost-wizarding-cities.fandom.com/
God's Disdain Wiki,http://godsdisdain.fandom.com/
Gojiratheking's Blog Wiki,http://gojiratheking-blog.fandom.com/
Odd Luck Theory Wiki,http://odd-luck-theory.fandom.com/
Two thousand and forty eight Wiki,http://two-thousand-and-forty-eight.fandom.com/
Animals are great Wiki,http://animals-are-great.fandom.com/
Walford Wiki,http://ee-walford.fandom.com/
Ramynsk Zone Wiki,http://ramynsk-zone.fandom.com/
TheWolfPackRP Wiki,http://thewolfpackrp.fandom.com/