Blasphemous Wiki,http://blasphemous.fandom.com/
Fotografia forense Wiki,http://fotografia-forense.fandom.com/es/
Let It Die Wiki,http://lid.fandom.com/zh/
Shinobi's Path Wiki,http://shinobis-path.fandom.com/
World Scholars' Cup Research B&D Wiki,http://world-scholars-cup-research-bd.fandom.com/
World Guardians Wiki,http://world-guardians.fandom.com/
Xenobiology and Xenopaleontology Wiki,http://xenobiology-and-xenopaleontology.fandom.com/
WWE Shaman's Universe,http://wwe-su.fandom.com/
Pop Music Wiki,http://pop-musica.fandom.com/es/
Orbiting Gladly Wiki,http://orbiting-gladly.fandom.com/
Lore de Alowey Wiki,http://lore-alowey.fandom.com/
Mateo Wiki,http://mateo.fandom.com/es/
Crusaders of Dusk and Dawn Wiki,http://crusaders-of-dusk-and-dawn.fandom.com/
Informacion club penguin Wiki,http://informacion-club-penguin.fandom.com/es/
The War for Mankind Wiki,http://the-war-for-mankind.fandom.com/
Wiki Sonic e Mario Fanon,http://sonic-e-mario-fanon.fandom.com/pt-br/
Halo CE Goats and Nubs Wiki,http://halo-ce.fandom.com/
Metal Gear Modding Wiki,http://metalgearmodding.fandom.com/
Cutepasta Wiki,http://cutepasta.fandom.com/
Open All Hours Wiki,http://open-all-hours.fandom.com/
Omega Comics Wiki,http://omega-comics.fandom.com/
Jean-ClaudeIze Izeje anclaude Wiki,http://izejeizeje.fandom.com/
FreeSO España Wiki,http://freeso.fandom.com/es/
Createtale Wiki,http://createtale.fandom.com/
TayClayVision Song Contest Wiki,http://tayclayvision-song-contest.fandom.com/
Knownscape Wiki,http://knownscape.fandom.com/pl/
Sanjay & Craig Wiki,http://sanjayundcraig.fandom.com/de/
MidgetBearStudios Wiki,http://midgetbearstudios.fandom.com/
Four World Series Wiki,http://fourworldseries.fandom.com/
Phantom Dust Wiki,http://phantomdust.fandom.com/
The Orville Wiki,http://orville.fandom.com/
Đuổi hình bắt chữ Wiki,http://duoi-hinh-bat-chu.fandom.com/vi/
Codelnpce Wiki,http://codelnpce.fandom.com/
Rakuen Wiki,http://rakuen.fandom.com/pl/
Zeta Protocol Wiki,http://zeta-protocol.fandom.com/
Space Adventure Wiki,http://space-adventure.fandom.com/
Mecard Wiki,http://mecard.fandom.com/
SkyChamp Wiki,http://skychamp.fandom.com/
South West (Western Australian) Soccer Wiki,http://southwestsoccer.fandom.com/
TIOP Wiki,http://tiop.fandom.com/
TIC's en el área de la salud Wiki,http://tics-en-el-area-de-la-salud.fandom.com/es/
Le Royaume Wiki,http://leroyaume.fandom.com/
上帝们的那些事儿 Wiki,http://shangdimen.fandom.com/zh/
PentaForce Wiki,http://pentaforce.fandom.com/
TSM Big Brother Wiki,http://tsm-big-brother.fandom.com/
Eladriall Wiki,http://eladriall.fandom.com/
Warriors Journey Wiki,http://warriors-journey.fandom.com/
Letterfonts Wiki,http://letterfonts.fandom.com/es/
Milky Way Chronicles Wiki,http://milkyway-chronicles.fandom.com/
Dr. Cares Wiki,http://dr-cares.fandom.com/